"Spezifikation","Modelltyp","AV","Mass","Fokus_Term","Koeffizient","Standardfehler","p_Wert","n_obs","n_obs_pre_fe","n_laender","n_unsc3","n_unsc3_laender","Jahr_von","Jahr_bis","Status"
"H1 Hauptmodell: Bedingungen pro Quartal","Vollmodell: Länder- und Jahres-FE","avgcondtype_count",NA,"unsc3",-0.932657609156702,1.91991427308075,0.627706867217909,281,293,69,24,17,1992,2023,"geschaetzt"
"H2 Hauptmodell: Rohstoffsumme","Vollmodell: Länder- und Jahres-FE","avgcondtype_count","resource_dep","unsc3:resource_dep",-0.11063425252459,0.103116790204048,0.285504174597116,212,223,62,21,16,1992,2023,"geschaetzt"
"H2 Robustheit: Fuel-Exporte","Vollmodell: Länder- und Jahres-FE","avgcondtype_count","FuelExportPct","unsc3:FuelExportPct",-0.223571485101544,0.0976126648343601,0.0237592628282246,213,225,63,21,16,1992,2023,"geschaetzt"
"H2 Robustheit: Mineral-Exporte","Vollmodell: Länder- und Jahres-FE","avgcondtype_count","MineralExportPct","unsc3:MineralExportPct",0.0121127904584876,0.112905096204152,0.914740745121344,217,227,62,21,16,1992,2023,"geschaetzt"
"H2 Placebo: gesamte Exporte","Vollmodell: Länder- und Jahres-FE","avgcondtype_count","ExportGDP","unsc3:ExportGDP",-0.118661602157549,0.131564806626161,0.368301926695157,281,293,69,24,17,1992,2023,"geschaetzt"
"H1 Robustheit: IMF-Kreditbestand statt Nettoflüsse","Vollmodell: Länder- und Jahres-FE","avgcondtype_count",NA,"unsc3",-0.786782285424445,1.91894157290254,0.682279315711348,281,293,69,24,17,1992,2023,"geschaetzt"
"H2 Robustheit: IMF-Kreditbestand statt Nettoflüsse","Vollmodell: Länder- und Jahres-FE","avgcondtype_count","resource_dep","unsc3:resource_dep",-0.104265474925755,0.100513719744005,0.301687285862981,212,223,62,21,16,1992,2023,"geschaetzt"
"H1 Robustheit: berichteter IMF-Kreditbestand, fehlend ausgeschlossen","Vollmodell: Länder- und Jahres-FE","avgcondtype_count",NA,"unsc3",-0.786782285424447,1.91894157290254,0.682279315711348,281,293,69,24,17,1992,2023,"geschaetzt"
"H2 Robustheit: berichteter IMF-Kreditbestand, fehlend ausgeschlossen","Vollmodell: Länder- und Jahres-FE","avgcondtype_count","resource_dep","unsc3:resource_dep",-0.104265474925755,0.100513719744005,0.301687285862981,212,223,62,21,16,1992,2023,"geschaetzt"
"H1 Basismodell: Länder-FE, nur nrquarterssmpl","Länder-FE","avgcondtype_count",NA,"unsc3",-0.454439031219277,1.85378783220174,0.806470664272322,514,526,116,37,30,1992,2023,"geschaetzt"
"H1 Vollmodell: Länder-FE, DSV-Kontrollen","Länder-FE","avgcondtype_count",NA,"unsc3",0.144049584845857,2.81596064566811,0.959250198989779,282,293,69,24,17,1992,2023,"geschaetzt"
"H1 Vollmodell: Länder- und Jahres-FE","Länder- und Jahres-FE","avgcondtype_count",NA,"unsc3",-0.932657609156702,1.91991427308075,0.627706867217909,281,293,69,24,17,1992,2023,"geschaetzt"
"H1 Vollmodell: DSV-nahes GLS","DSV-nahes GLS: Länderheteroskedastizität","avgcondtype_count",NA,"unsc3",0.0458723835600299,1.42155008795121,0.974287532973964,282,282,58,24,17,1992,2023,"geschaetzt"
"H2 Basismodell: Länder-FE, nur nrquarterssmpl","Länder-FE","avgcondtype_count","resource_dep","unsc3:resource_dep",0.0602131119971341,0.0776360195871855,0.438632120255418,380,396,104,32,27,1992,2023,"geschaetzt"
"H2 Vollmodell: Länder-FE, DSV-Kontrollen","Länder-FE","avgcondtype_count","resource_dep","unsc3:resource_dep",-0.0552269388097311,0.13227607697404,0.676908509186142,212,223,62,21,16,1992,2023,"geschaetzt"
"H2 Vollmodell: Länder- und Jahres-FE","Länder- und Jahres-FE","avgcondtype_count","resource_dep","unsc3:resource_dep",-0.11063425252459,0.103116790204048,0.285504174597116,212,223,62,21,16,1992,2023,"geschaetzt"
"H2 Vollmodell: DSV-nahes GLS","DSV-nahes GLS: Länderheteroskedastizität","avgcondtype_count","resource_dep","unsc3:resource_dep",-0.0135107388617159,0.0672240768837665,0.840989644324711,212,212,51,21,16,1992,2023,"geschaetzt"
"H2 Robustheit: Rohstoffsumme winsorisiert (1./99. Perzentil)","Vollmodell: Länder- und Jahres-FE","avgcondtype_count","resource_dep_winsor","unsc3:resource_dep_winsor",-0.110637295722467,0.103114927587052,0.285482327354449,212,223,62,21,16,1992,2023,"geschaetzt"
"H2 Robustheit: Zeitraum 1992-2008","Vollmodell: Länder- und Jahres-FE","avgcondtype_count","resource_dep","unsc3:resource_dep",0.273556396295672,0.104220632541753,0.0117294514528734,112,122,48,12,10,1992,2007,"geschaetzt"
"H2 Robustheit: Zeitraum 2009-2023","Vollmodell: Länder- und Jahres-FE","avgcondtype_count","resource_dep","unsc3:resource_dep",-0.376883820497166,0.202033166753196,0.0719243151939299,88,101,44,9,9,2009,2023,"geschaetzt"
