"ISO3","Land","Wahljahr","Amtszeit","Behandlungsfenster","im_Panel","Programmjahre","Bedingungen_pro_Quartal","Bedingungen_gesamt","Quelle"
"AUT","Austria",1990,"1991-1992","1992-1992",FALSE,NA,NA,NA,NA
"BEL","Belgium",1990,"1991-1992","1992-1992",FALSE,NA,NA,NA,NA
"COD","Dem. Rep. Congo",1990,"1991-1991","1992-1992",FALSE,NA,NA,NA,NA
"CUB","Cuba",1990,"1991-1991","1992-1992",FALSE,NA,NA,NA,NA
"ECU","Ecuador",1990,"1991-1992","1992-1992",FALSE,NA,NA,NA,NA
"IND","India",1990,"1991-1992","1992-1992",FALSE,NA,NA,NA,NA
"ROU","Romania",1990,"1991-1991","1992-1992",FALSE,NA,NA,NA,NA
"YEM","Yemen",1990,"1991-1991","1992-1992",FALSE,NA,NA,NA,NA
"ZWE","Zimbabwe",1990,"1991-1992","1992-1992",TRUE,"1992","8.2","99","historical_DSV_MONA"
"CPV","Cabo Verde",1991,"1992-1993","1992-1993",FALSE,NA,NA,NA,NA
"HUN","Hungary",1991,"1992-1993","1992-1993",TRUE,"1993","4.2","21","historical_DSV_MONA"
"JPN","Japan",1991,"1992-1993","1992-1993",FALSE,NA,NA,NA,NA
"MAR","Morocco",1991,"1992-1993","1992-1993",FALSE,NA,NA,NA,NA
"VEN","Venezuela",1991,"1992-1993","1992-1993",FALSE,NA,NA,NA,NA
"BRA","Brazil",1992,"1993-1994","1992-1994",FALSE,NA,NA,NA,NA
"DJI","Djibouti",1992,"1993-1994","1992-1994",FALSE,NA,NA,NA,NA
"ESP","Spain",1992,"1993-1994","1992-1994",FALSE,NA,NA,NA,NA
"NZL","New Zealand",1992,"1993-1994","1992-1994",FALSE,NA,NA,NA,NA
"PAK","Pakistan",1992,"1993-1994","1992-1994",TRUE,"1993, 1994","9.5, 6.1","38, 73","historical_DSV_MONA"
"ARG","Argentina",1993,"1994-1995","1993-1995",FALSE,NA,NA,NA,NA
"CZE","Czech Republic",1993,"1994-1995","1993-1995",TRUE,"1993","6.2","25","historical_DSV_MONA"
"NGA","Nigeria",1993,"1994-1995","1993-1995",FALSE,NA,NA,NA,NA
"OMN","Oman",1993,"1994-1995","1993-1995",FALSE,NA,NA,NA,NA
"RWA","Rwanda",1993,"1994-1995","1993-1995",FALSE,NA,NA,NA,NA
"BWA","Botswana",1994,"1995-1996","1994-1996",FALSE,NA,NA,NA,NA
"DEU","Germany",1994,"1995-1996","1994-1996",FALSE,NA,NA,NA,NA
"HND","Honduras",1994,"1995-1996","1994-1996",FALSE,NA,NA,NA,NA
"IDN","Indonesia",1994,"1995-1996","1994-1996",FALSE,NA,NA,NA,NA
"ITA","Italy",1994,"1995-1996","1994-1996",FALSE,NA,NA,NA,NA
"CHL","Chile",1995,"1996-1997","1995-1997",FALSE,NA,NA,NA,NA
"EGY","Egypt",1995,"1996-1997","1995-1997",TRUE,"1996","8.9","71","historical_DSV_MONA"
"GNB","Guinea-Bissau",1995,"1996-1997","1995-1997",TRUE,"1995","3.8","50","historical_DSV_MONA"
"KOR","Korea",1995,"1996-1997","1995-1997",FALSE,NA,NA,NA,NA
"POL","Poland",1995,"1996-1997","1995-1997",FALSE,NA,NA,NA,NA
"CRI","Costa Rica",1996,"1997-1998","1996-1998",FALSE,NA,NA,NA,NA
"JPN","Japan",1996,"1997-1998","1996-1998",FALSE,NA,NA,NA,NA
"KEN","Kenya",1996,"1997-1998","1996-1998",TRUE,"1996","2.0","24","historical_DSV_MONA"
"PRT","Portugal",1996,"1997-1998","1996-1998",FALSE,NA,NA,NA,NA
"SWE","Sweden",1996,"1997-1998","1996-1998",FALSE,NA,NA,NA,NA
"BHR","Bahrain",1997,"1998-1999","1997-1999",FALSE,NA,NA,NA,NA
"BRA","Brazil",1997,"1998-1999","1997-1999",FALSE,NA,NA,NA,NA
"GAB","Gabon",1997,"1998-1999","1997-1999",FALSE,NA,NA,NA,NA
"GMB","The Gambia",1997,"1998-1999","1997-1999",TRUE,"1998","5.6","79","historical_DSV_MONA"
"SVN","Slovenia",1997,"1998-1999","1997-1999",FALSE,NA,NA,NA,NA
"ARG","Argentina",1998,"1999-2000","1998-2000",TRUE,"1998, 2000","6.0, 6.8","72, 81","historical_DSV_MONA"
"CAN","Canada",1998,"1999-2000","1998-2000",FALSE,NA,NA,NA,NA
"MYS","Malaysia",1998,"1999-2000","1998-2000",FALSE,NA,NA,NA,NA
"NAM","Namibia",1998,"1999-2000","1998-2000",FALSE,NA,NA,NA,NA
"NLD","Netherlands",1998,"1999-2000","1998-2000",FALSE,NA,NA,NA,NA
"BGD","Bangladesh",1999,"2000-2001","1999-2001",FALSE,NA,NA,NA,NA
"JAM","Jamaica",1999,"2000-2001","1999-2001",FALSE,NA,NA,NA,NA
"MLI","Mali",1999,"2000-2001","1999-2001",TRUE,"1999","4.1","66","historical_DSV_MONA"
"TUN","Tunisia",1999,"2000-2001","1999-2001",FALSE,NA,NA,NA,NA
"UKR","Ukraine",1999,"2000-2001","1999-2001",FALSE,NA,NA,NA,NA
"COL","Colombia",2000,"2001-2002","2000-2002",FALSE,NA,NA,NA,NA
"IRL","Ireland",2000,"2001-2002","2000-2002",FALSE,NA,NA,NA,NA
"MUS","Mauritius",2000,"2001-2002","2000-2002",FALSE,NA,NA,NA,NA
"NOR","Norway",2000,"2001-2002","2000-2002",FALSE,NA,NA,NA,NA
"SGP","Singapore",2000,"2001-2002","2000-2002",FALSE,NA,NA,NA,NA
"BGR","Bulgaria",2001,"2002-2003","2001-2003",TRUE,"2002","11.4","91","historical_DSV_MONA"
"CMR","Cameroon",2001,"2002-2003","2001-2003",FALSE,NA,NA,NA,NA
"GIN","Guinea",2001,"2002-2003","2001-2003",TRUE,"2001","3.9","47","historical_DSV_MONA"
"MEX","Mexico",2001,"2002-2003","2001-2003",FALSE,NA,NA,NA,NA
"SYR","Syrian Arab Republic",2001,"2002-2003","2001-2003",FALSE,NA,NA,NA,NA
"AGO","Angola",2002,"2003-2004","2002-2004",FALSE,NA,NA,NA,NA
"CHL","Chile",2002,"2003-2004","2002-2004",FALSE,NA,NA,NA,NA
"DEU","Germany",2002,"2003-2004","2002-2004",FALSE,NA,NA,NA,NA
"ESP","Spain",2002,"2003-2004","2002-2004",FALSE,NA,NA,NA,NA
"PAK","Pakistan",2002,"2003-2004","2002-2004",FALSE,NA,NA,NA,NA
"BEN","Benin",2003,"2004-2005","2003-2005",TRUE,"2005","3.6","57","historical_DSV_MONA"
"BRA","Brazil",2003,"2004-2005","2003-2005",FALSE,NA,NA,NA,NA
"DZA","Algeria",2003,"2004-2005","2003-2005",FALSE,NA,NA,NA,NA
"PHL","Philippines",2003,"2004-2005","2003-2005",FALSE,NA,NA,NA,NA
"ROU","Romania",2003,"2004-2005","2003-2005",TRUE,"2004","12.2","98","historical_DSV_MONA"
"ARG","Argentina",2004,"2005-2006","2004-2006",FALSE,NA,NA,NA,NA
"DNK","Denmark",2004,"2005-2006","2004-2006",FALSE,NA,NA,NA,NA
"GRC","Greece",2004,"2005-2006","2004-2006",FALSE,NA,NA,NA,NA
"JPN","Japan",2004,"2005-2006","2004-2006",FALSE,NA,NA,NA,NA
"TZA","Tanzania",2004,"2005-2006","2004-2006",FALSE,NA,NA,NA,NA
"COG","Congo",2005,"2006-2007","2005-2007",FALSE,NA,NA,NA,NA
"GHA","Ghana",2005,"2006-2007","2005-2007",FALSE,NA,NA,NA,NA
"PER","Peru",2005,"2006-2007","2005-2007",TRUE,"2007","8.8","70","historical_DSV_MONA"
"QAT","Qatar",2005,"2006-2007","2005-2007",FALSE,NA,NA,NA,NA
"SVK","Slovak Republic",2005,"2006-2007","2005-2007",FALSE,NA,NA,NA,NA
"BEL","Belgium",2006,"2007-2008","2006-2008",FALSE,NA,NA,NA,NA
"IDN","Indonesia",2006,"2007-2008","2006-2008",FALSE,NA,NA,NA,NA
"ITA","Italy",2006,"2007-2008","2006-2008",FALSE,NA,NA,NA,NA
"PAN","Panama",2006,"2007-2008","2006-2008",FALSE,NA,NA,NA,NA
"ZAF","South Africa",2006,"2007-2008","2006-2008",FALSE,NA,NA,NA,NA
"BFA","Burkina Faso",2007,"2008-2009","2007-2009",TRUE,"2007","2.5","30","historical_DSV_MONA"
"CRI","Costa Rica",2007,"2008-2009","2007-2009",TRUE,"2009","4.6","23","current_Combined_ISO"
"HRV","Croatia",2007,"2008-2009","2007-2009",FALSE,NA,NA,NA,NA
"LBY","Libya",2007,"2008-2009","2007-2009",FALSE,NA,NA,NA,NA
"VNM","Vietnam",2007,"2008-2009","2007-2009",FALSE,NA,NA,NA,NA
"AUT","Austria",2008,"2009-2010","2008-2010",FALSE,NA,NA,NA,NA
"JPN","Japan",2008,"2009-2010","2008-2010",FALSE,NA,NA,NA,NA
"MEX","Mexico",2008,"2009-2010","2008-2010",FALSE,NA,NA,NA,NA
"TUR","Türkiye",2008,"2009-2010","2008-2010",FALSE,NA,NA,NA,NA
"UGA","Uganda",2008,"2009-2010","2008-2010",TRUE,"2010","19.4","252","current_Combined_ISO"
"BIH","Bosnia and Herzegovina",2009,"2010-2011","2009-2011",TRUE,"2009","5.7","68","current_Combined_ISO"
"BRA","Brazil",2009,"2010-2011","2009-2011",FALSE,NA,NA,NA,NA
"GAB","Gabon",2009,"2010-2011","2009-2011",FALSE,NA,NA,NA,NA
"LBN","Lebanon",2009,"2010-2011","2009-2011",FALSE,NA,NA,NA,NA
"NGA","Nigeria",2009,"2010-2011","2009-2011",FALSE,NA,NA,NA,NA
"COL","Colombia",2010,"2011-2012","2010-2012",FALSE,NA,NA,NA,NA
"DEU","Germany",2010,"2011-2012","2010-2012",FALSE,NA,NA,NA,NA
"IND","India",2010,"2011-2012","2010-2012",FALSE,NA,NA,NA,NA
"PRT","Portugal",2010,"2011-2012","2010-2012",TRUE,"2011","40.5","527","current_Combined_ISO"
"ZAF","South Africa",2010,"2011-2012","2010-2012",FALSE,NA,NA,NA,NA
"AZE","Azerbaijan",2011,"2012-2013","2011-2013",FALSE,NA,NA,NA,NA
"GTM","Guatemala",2011,"2012-2013","2011-2013",FALSE,NA,NA,NA,NA
"MAR","Morocco",2011,"2012-2013","2011-2013",FALSE,NA,NA,NA,NA
"PAK","Pakistan",2011,"2012-2013","2011-2013",TRUE,"2013","57.9","695","current_Combined_ISO"
"TGO","Togo",2011,"2012-2013","2011-2013",FALSE,NA,NA,NA,NA
"ARG","Argentina",2012,"2013-2014","2012-2014",FALSE,NA,NA,NA,NA
"AUS","Australia",2012,"2013-2014","2012-2014",FALSE,NA,NA,NA,NA
"KOR","Korea",2012,"2013-2014","2012-2014",FALSE,NA,NA,NA,NA
"LUX","Luxembourg",2012,"2013-2014","2012-2014",FALSE,NA,NA,NA,NA
"RWA","Rwanda",2012,"2013-2014","2012-2014",TRUE,"2013","26.6","533","current_Combined_ISO"
"CHL","Chile",2013,"2014-2015","2013-2015",FALSE,NA,NA,NA,NA
"JOR","Jordan",2013,"2014-2015","2013-2015",FALSE,NA,NA,NA,NA
"LTU","Lithuania",2013,"2014-2015","2013-2015",FALSE,NA,NA,NA,NA
"NGA","Nigeria",2013,"2014-2015","2013-2015",FALSE,NA,NA,NA,NA
"TCD","Chad",2013,"2014-2015","2013-2015",TRUE,"2014","4.2","50","current_Combined_ISO"
"AGO","Angola",2014,"2015-2016","2014-2016",FALSE,NA,NA,NA,NA
"ESP","Spain",2014,"2015-2016","2014-2016",FALSE,NA,NA,NA,NA
"MYS","Malaysia",2014,"2015-2016","2014-2016",FALSE,NA,NA,NA,NA
"NZL","New Zealand",2014,"2015-2016","2014-2016",FALSE,NA,NA,NA,NA
"VEN","Venezuela",2014,"2015-2016","2014-2016",FALSE,NA,NA,NA,NA
"EGY","Egypt",2015,"2016-2017","2015-2017",TRUE,"2016","21.6","259","current_Combined_ISO"
"JPN","Japan",2015,"2016-2017","2015-2017",FALSE,NA,NA,NA,NA
"SEN","Senegal",2015,"2016-2017","2015-2017",TRUE,"2015","15.8","252","current_Combined_ISO"
"UKR","Ukraine",2015,"2016-2017","2015-2017",TRUE,"2015","10.9","174","current_Combined_ISO"
"URY","Uruguay",2015,"2016-2017","2015-2017",FALSE,NA,NA,NA,NA
"BOL","Bolivia",2016,"2017-2018","2016-2018",FALSE,NA,NA,NA,NA
"ETH","Ethiopia",2016,"2017-2018","2016-2018",FALSE,NA,NA,NA,NA
"ITA","Italy",2016,"2017-2017","2016-2017",FALSE,NA,NA,NA,NA
"KAZ","Kazakhstan",2016,"2017-2018","2016-2018",FALSE,NA,NA,NA,NA
"SWE","Sweden",2016,"2017-2018","2016-2018",FALSE,NA,NA,NA,NA
"GNQ","Equatorial Guinea",2017,"2018-2019","2017-2019",TRUE,"2019","1.1","13","current_Combined_ISO"
"KWT","Kuwait",2017,"2018-2019","2017-2019",FALSE,NA,NA,NA,NA
"NLD","Netherlands",2017,"2018-2018","2017-2018",FALSE,NA,NA,NA,NA
"PER","Peru",2017,"2018-2019","2017-2019",FALSE,NA,NA,NA,NA
"POL","Poland",2017,"2018-2019","2017-2019",FALSE,NA,NA,NA,NA
"BEL","Belgium",2018,"2019-2020","2018-2020",FALSE,NA,NA,NA,NA
"DEU","Germany",2018,"2019-2020","2018-2020",FALSE,NA,NA,NA,NA
"DOM","Dominican Republic",2018,"2019-2020","2018-2020",FALSE,NA,NA,NA,NA
"IDN","Indonesia",2018,"2019-2020","2018-2020",FALSE,NA,NA,NA,NA
"ZAF","South Africa",2018,"2019-2020","2018-2020",FALSE,NA,NA,NA,NA
"EST","Estonia",2019,"2020-2021","2019-2021",FALSE,NA,NA,NA,NA
"NER","Niger",2019,"2020-2021","2019-2021",TRUE,"2021","23.4","375","current_Combined_ISO"
"TUN","Tunisia",2019,"2020-2021","2019-2021",FALSE,NA,NA,NA,NA
"VCT","St. Vincent and the Grenadines",2019,"2020-2021","2019-2021",FALSE,NA,NA,NA,NA
"VNM","Vietnam",2019,"2020-2021","2019-2021",FALSE,NA,NA,NA,NA
"IND","India",2020,"2021-2022","2020-2022",FALSE,NA,NA,NA,NA
"IRL","Ireland",2020,"2021-2022","2020-2022",FALSE,NA,NA,NA,NA
"KEN","Kenya",2020,"2021-2022","2020-2022",TRUE,"2021","16.2","211","current_Combined_ISO"
"MEX","Mexico",2020,"2021-2022","2020-2022",FALSE,NA,NA,NA,NA
"NOR","Norway",2020,"2021-2022","2020-2022",FALSE,NA,NA,NA,NA
"ALB","Albania",2021,"2022-2023","2021-2023",FALSE,NA,NA,NA,NA
"ARE","United Arab Emirates",2021,"2022-2023","2021-2023",FALSE,NA,NA,NA,NA
"BRA","Brazil",2021,"2022-2023","2021-2023",FALSE,NA,NA,NA,NA
"GAB","Gabon",2021,"2022-2023","2021-2023",TRUE,"2021","5.7","68","current_Combined_ISO"
"GHA","Ghana",2021,"2022-2023","2021-2023",TRUE,"2023","16.5","182","current_Combined_ISO"
"CHE","Switzerland",2022,"2023-2024","2022-2024",FALSE,NA,NA,NA,NA
"ECU","Ecuador",2022,"2023-2024","2022-2024",FALSE,NA,NA,NA,NA
"JPN","Japan",2022,"2023-2024","2022-2024",FALSE,NA,NA,NA,NA
"MLT","Malta",2022,"2023-2024","2022-2024",FALSE,NA,NA,NA,NA
"MOZ","Mozambique",2022,"2023-2024","2022-2024",TRUE,"2022","9.2","110","current_Combined_ISO"
"DZA","Algeria",2023,"2024-2024","2023-2024",FALSE,NA,NA,NA,NA
"GUY","Guyana",2023,"2024-2024","2023-2024",FALSE,NA,NA,NA,NA
"KOR","Korea",2023,"2024-2024","2023-2024",FALSE,NA,NA,NA,NA
"SLE","Sierra Leone",2023,"2024-2024","2023-2024",FALSE,NA,NA,NA,NA
"SVN","Slovenia",2023,"2024-2024","2023-2024",FALSE,NA,NA,NA,NA
