id,year,security_council_member,last_update
1,1946,Australia,2026-07-02
2,1946,Brazil,2026-07-02
3,1946,China,2026-07-02
4,1946,Egypt,2026-07-02
5,1946,France,2026-07-02
6,1946,Mexico,2026-07-02
7,1946,Netherlands,2026-07-02
8,1946,Poland,2026-07-02
9,1946,United Kingdom of Great Britain and Northern Ireland,2026-07-02
10,1946,United States of America,2026-07-02
11,1946,USSR (Union of Soviet Socialist Republics),2026-07-02
12,1947,Australia,2026-07-02
13,1947,Belgium,2026-07-02
14,1947,Brazil,2026-07-02
15,1947,China,2026-07-02
16,1947,Colombia,2026-07-02
17,1947,France,2026-07-02
18,1947,Poland,2026-07-02
19,1947,Syrian Arab Republic,2026-07-02
20,1947,United Kingdom of Great Britain and Northern Ireland,2026-07-02
21,1947,United States of America,2026-07-02
22,1947,USSR (Union of Soviet Socialist Republics),2026-07-02
23,1948,Argentina,2026-07-02
24,1948,Belgium,2026-07-02
25,1948,Canada,2026-07-02
26,1948,China,2026-07-02
27,1948,Colombia,2026-07-02
28,1948,France,2026-07-02
29,1948,Syrian Arab Republic,2026-07-02
30,1948,Ukrainian SSR (Ukrainian Soviet Socialist Republic),2026-07-02
31,1948,United Kingdom of Great Britain and Northern Ireland,2026-07-02
32,1948,United States of America,2026-07-02
33,1948,USSR (Union of Soviet Socialist Republics),2026-07-02
34,1949,Argentina,2026-07-02
35,1949,Canada,2026-07-02
36,1949,China,2026-07-02
37,1949,Cuba,2026-07-02
38,1949,Egypt,2026-07-02
39,1949,France,2026-07-02
40,1949,Norway,2026-07-02
41,1949,Ukrainian SSR (Ukrainian Soviet Socialist Republic),2026-07-02
42,1949,United Kingdom of Great Britain and Northern Ireland,2026-07-02
43,1949,United States of America,2026-07-02
44,1949,USSR (Union of Soviet Socialist Republics),2026-07-02
45,1950,China,2026-07-02
46,1950,Cuba,2026-07-02
47,1950,Ecuador,2026-07-02
48,1950,Egypt,2026-07-02
49,1950,France,2026-07-02
50,1950,India,2026-07-02
51,1950,Norway,2026-07-02
52,1950,United Kingdom of Great Britain and Northern Ireland,2026-07-02
53,1950,United States of America,2026-07-02
54,1950,USSR (Union of Soviet Socialist Republics),2026-07-02
55,1950,Yugoslavia,2026-07-02
56,1951,Brazil,2026-07-02
57,1951,China,2026-07-02
58,1951,Ecuador,2026-07-02
59,1951,France,2026-07-02
60,1951,India,2026-07-02
61,1951,Netherlands,2026-07-02
62,1951,Türkiye,2026-07-02
63,1951,United Kingdom of Great Britain and Northern Ireland,2026-07-02
64,1951,United States of America,2026-07-02
65,1951,USSR (Union of Soviet Socialist Republics),2026-07-02
66,1951,Yugoslavia,2026-07-02
67,1952,Brazil,2026-07-02
68,1952,Chile,2026-07-02
69,1952,China,2026-07-02
70,1952,France,2026-07-02
71,1952,Greece,2026-07-02
72,1952,Netherlands,2026-07-02
73,1952,Pakistan,2026-07-02
74,1952,Türkiye,2026-07-02
75,1952,United Kingdom of Great Britain and Northern Ireland,2026-07-02
76,1952,United States of America,2026-07-02
77,1952,USSR (Union of Soviet Socialist Republics),2026-07-02
78,1953,Chile,2026-07-02
79,1953,China,2026-07-02
80,1953,Colombia,2026-07-02
81,1953,Denmark,2026-07-02
82,1953,France,2026-07-02
83,1953,Greece,2026-07-02
84,1953,Lebanon,2026-07-02
85,1953,Pakistan,2026-07-02
86,1953,United Kingdom of Great Britain and Northern Ireland,2026-07-02
87,1953,United States of America,2026-07-02
88,1953,USSR (Union of Soviet Socialist Republics),2026-07-02
89,1954,Brazil,2026-07-02
90,1954,China,2026-07-02
91,1954,Colombia,2026-07-02
92,1954,Denmark,2026-07-02
93,1954,France,2026-07-02
94,1954,Lebanon,2026-07-02
95,1954,New Zealand,2026-07-02
96,1954,Türkiye,2026-07-02
97,1954,United Kingdom of Great Britain and Northern Ireland,2026-07-02
98,1954,United States of America,2026-07-02
99,1954,USSR (Union of Soviet Socialist Republics),2026-07-02
100,1955,Belgium,2026-07-02
101,1955,Brazil,2026-07-02
102,1955,China,2026-07-02
103,1955,France,2026-07-02
104,1955,Iran (Islamic Republic of),2026-07-02
105,1955,New Zealand,2026-07-02
106,1955,Peru,2026-07-02
107,1955,Türkiye,2026-07-02
108,1955,United Kingdom of Great Britain and Northern Ireland,2026-07-02
109,1955,United States of America,2026-07-02
110,1955,USSR (Union of Soviet Socialist Republics),2026-07-02
111,1956,Australia,2026-07-02
112,1956,Belgium,2026-07-02
113,1956,China,2026-07-02
114,1956,Cuba,2026-07-02
115,1956,France,2026-07-02
116,1956,Iran (Islamic Republic of),2026-07-02
117,1956,Peru,2026-07-02
118,1956,United Kingdom of Great Britain and Northern Ireland,2026-07-02
119,1956,United States of America,2026-07-02
120,1956,USSR (Union of Soviet Socialist Republics),2026-07-02
121,1956,Yugoslavia,2026-07-02
122,1957,Australia,2026-07-02
123,1957,China,2026-07-02
124,1957,Colombia,2026-07-02
125,1957,Cuba,2026-07-02
126,1957,France,2026-07-02
127,1957,Iraq,2026-07-02
128,1957,Philippines,2026-07-02
129,1957,Sweden,2026-07-02
130,1957,United Kingdom of Great Britain and Northern Ireland,2026-07-02
131,1957,United States of America,2026-07-02
132,1957,USSR (Union of Soviet Socialist Republics),2026-07-02
133,1958,Canada,2026-07-02
134,1958,China,2026-07-02
135,1958,Colombia,2026-07-02
136,1958,France,2026-07-02
137,1958,Iraq,2026-07-02
138,1958,Japan,2026-07-02
139,1958,Panama,2026-07-02
140,1958,Sweden,2026-07-02
141,1958,United Kingdom of Great Britain and Northern Ireland,2026-07-02
142,1958,United States of America,2026-07-02
143,1958,USSR (Union of Soviet Socialist Republics),2026-07-02
144,1959,Argentina,2026-07-02
145,1959,Canada,2026-07-02
146,1959,China,2026-07-02
147,1959,France,2026-07-02
148,1959,Italy,2026-07-02
149,1959,Japan,2026-07-02
150,1959,Panama,2026-07-02
151,1959,Tunisia,2026-07-02
152,1959,United Kingdom of Great Britain and Northern Ireland,2026-07-02
153,1959,United States of America,2026-07-02
154,1959,USSR (Union of Soviet Socialist Republics),2026-07-02
155,1960,Argentina,2026-07-02
156,1960,Sri Lanka,2026-07-02
157,1960,China,2026-07-02
158,1960,Ecuador,2026-07-02
159,1960,France,2026-07-02
160,1960,Italy,2026-07-02
161,1960,Poland,2026-07-02
162,1960,Tunisia,2026-07-02
163,1960,United Kingdom of Great Britain and Northern Ireland,2026-07-02
164,1960,United States of America,2026-07-02
165,1960,USSR (Union of Soviet Socialist Republics),2026-07-02
166,1961,Sri Lanka,2026-07-02
167,1961,Chile,2026-07-02
168,1961,China,2026-07-02
169,1961,Ecuador,2026-07-02
170,1961,France,2026-07-02
171,1961,Liberia,2026-07-02
172,1961,Türkiye,2026-07-02
173,1961,United Arab Republic,2026-07-02
174,1961,United Kingdom of Great Britain and Northern Ireland,2026-07-02
175,1961,United States of America,2026-07-02
176,1961,USSR (Union of Soviet Socialist Republics),2026-07-02
177,1962,Chile,2026-07-02
178,1962,China,2026-07-02
179,1962,France,2026-07-02
180,1962,Ghana,2026-07-02
181,1962,Ireland,2026-07-02
182,1962,Romania,2026-07-02
183,1962,United Arab Republic,2026-07-02
184,1962,United Kingdom of Great Britain and Northern Ireland,2026-07-02
185,1962,United States of America,2026-07-02
186,1962,USSR (Union of Soviet Socialist Republics),2026-07-02
187,1962,Venezuela (Bolivarian Republic of),2026-07-02
188,1963,Brazil,2026-07-02
189,1963,China,2026-07-02
190,1963,France,2026-07-02
191,1963,Ghana,2026-07-02
192,1963,Morocco,2026-07-02
193,1963,Norway,2026-07-02
194,1963,Philippines,2026-07-02
195,1963,United Kingdom of Great Britain and Northern Ireland,2026-07-02
196,1963,United States of America,2026-07-02
197,1963,USSR (Union of Soviet Socialist Republics),2026-07-02
198,1963,Venezuela (Bolivarian Republic of),2026-07-02
199,1964,Bolivia (Plurinational State of),2026-07-02
200,1964,Brazil,2026-07-02
201,1964,China,2026-07-02
202,1964,,2026-07-02
203,1964,Czechoslovakia,2026-07-02
204,1964,France,2026-07-02
205,1964,Morocco,2026-07-02
206,1964,Norway,2026-07-02
207,1964,United Kingdom of Great Britain and Northern Ireland,2026-07-02
208,1964,United States of America,2026-07-02
209,1964,USSR (Union of Soviet Socialist Republics),2026-07-02
210,1965,Bolivia (Plurinational State of),2026-07-02
211,1965,China,2026-07-02
212,1965,,2026-07-02
213,1965,France,2026-07-02
214,1965,Jordan,2026-07-02
215,1965,Malaysia,2026-07-02
216,1965,Netherlands,2026-07-02
217,1965,United Kingdom of Great Britain and Northern Ireland,2026-07-02
218,1965,United States of America,2026-07-02
219,1965,Uruguay,2026-07-02
220,1965,USSR (Union of Soviet Socialist Republics),2026-07-02
221,1966,Argentina,2026-07-02
222,1966,Bulgaria,2026-07-02
223,1966,China,2026-07-02
224,1966,France,2026-07-02
225,1966,Japan,2026-07-02
226,1966,Jordan,2026-07-02
227,1966,Mali,2026-07-02
228,1966,Netherlands,2026-07-02
229,1966,New Zealand,2026-07-02
230,1966,Nigeria,2026-07-02
231,1966,Uganda,2026-07-02
232,1966,United Kingdom of Great Britain and Northern Ireland,2026-07-02
233,1966,United States of America,2026-07-02
234,1966,Uruguay,2026-07-02
235,1966,USSR (Union of Soviet Socialist Republics),2026-07-02
236,1967,Argentina,2026-07-02
237,1967,Brazil,2026-07-02
238,1967,Bulgaria,2026-07-02
239,1967,Canada,2026-07-02
240,1967,China,2026-07-02
241,1967,Denmark,2026-07-02
242,1967,Ethiopia,2026-07-02
243,1967,France,2026-07-02
244,1967,India,2026-07-02
245,1967,Japan,2026-07-02
246,1967,Mali,2026-07-02
247,1967,Nigeria,2026-07-02
248,1967,United Kingdom of Great Britain and Northern Ireland,2026-07-02
249,1967,United States of America,2026-07-02
250,1967,USSR (Union of Soviet Socialist Republics),2026-07-02
251,1968,Algeria,2026-07-02
252,1968,Brazil,2026-07-02
253,1968,Canada,2026-07-02
254,1968,China,2026-07-02
255,1968,Denmark,2026-07-02
256,1968,Ethiopia,2026-07-02
257,1968,France,2026-07-02
258,1968,Hungary,2026-07-02
259,1968,India,2026-07-02
260,1968,Pakistan,2026-07-02
261,1968,Paraguay,2026-07-02
262,1968,Senegal,2026-07-02
263,1968,United Kingdom of Great Britain and Northern Ireland,2026-07-02
264,1968,United States of America,2026-07-02
265,1968,USSR (Union of Soviet Socialist Republics),2026-07-02
266,1969,Algeria,2026-07-02
267,1969,China,2026-07-02
268,1969,Colombia,2026-07-02
269,1969,Finland,2026-07-02
270,1969,France,2026-07-02
271,1969,Hungary,2026-07-02
272,1969,Nepal,2026-07-02
273,1969,Pakistan,2026-07-02
274,1969,Paraguay,2026-07-02
275,1969,Senegal,2026-07-02
276,1969,Spain,2026-07-02
277,1969,United Kingdom of Great Britain and Northern Ireland,2026-07-02
278,1969,United States of America,2026-07-02
279,1969,USSR (Union of Soviet Socialist Republics),2026-07-02
280,1969,Zambia,2026-07-02
281,1970,Burundi,2026-07-02
282,1970,China,2026-07-02
283,1970,Colombia,2026-07-02
284,1970,Finland,2026-07-02
285,1970,France,2026-07-02
286,1970,Nepal,2026-07-02
287,1970,Nicaragua,2026-07-02
288,1970,Poland,2026-07-02
289,1970,Sierra Leone,2026-07-02
290,1970,Spain,2026-07-02
291,1970,Syrian Arab Republic,2026-07-02
292,1970,United Kingdom of Great Britain and Northern Ireland,2026-07-02
293,1970,United States of America,2026-07-02
294,1970,USSR (Union of Soviet Socialist Republics),2026-07-02
295,1970,Zambia,2026-07-02
296,1971,Argentina,2026-07-02
297,1971,Belgium,2026-07-02
298,1971,Burundi,2026-07-02
299,1971,China,2026-07-02
300,1971,France,2026-07-02
301,1971,Italy,2026-07-02
302,1971,Japan,2026-07-02
303,1971,Nicaragua,2026-07-02
304,1971,Poland,2026-07-02
305,1971,Sierra Leone,2026-07-02
306,1971,Somalia,2026-07-02
307,1971,Syrian Arab Republic,2026-07-02
308,1971,United Kingdom of Great Britain and Northern Ireland,2026-07-02
309,1971,United States of America,2026-07-02
310,1971,USSR (Union of Soviet Socialist Republics),2026-07-02
311,1972,Argentina,2026-07-02
312,1972,Belgium,2026-07-02
313,1972,China,2026-07-02
314,1972,France,2026-07-02
315,1972,Guinea,2026-07-02
316,1972,India,2026-07-02
317,1972,Italy,2026-07-02
318,1972,Japan,2026-07-02
319,1972,Panama,2026-07-02
320,1972,Somalia,2026-07-02
321,1972,Sudan,2026-07-02
322,1972,United Kingdom of Great Britain and Northern Ireland,2026-07-02
323,1972,United States of America,2026-07-02
324,1972,USSR (Union of Soviet Socialist Republics),2026-07-02
325,1972,Yugoslavia,2026-07-02
326,1973,Australia,2026-07-02
327,1973,Austria,2026-07-02
328,1973,China,2026-07-02
329,1973,France,2026-07-02
330,1973,Guinea,2026-07-02
331,1973,India,2026-07-02
332,1973,Indonesia,2026-07-02
333,1973,Kenya,2026-07-02
334,1973,Panama,2026-07-02
335,1973,Peru,2026-07-02
336,1973,Sudan,2026-07-02
337,1973,United Kingdom of Great Britain and Northern Ireland,2026-07-02
338,1973,United States of America,2026-07-02
339,1973,USSR (Union of Soviet Socialist Republics),2026-07-02
340,1973,Yugoslavia,2026-07-02
341,1974,Australia,2026-07-02
342,1974,Austria,2026-07-02
343,1974,Belarus,2026-07-02
344,1974,Cameroon,2026-07-02
345,1974,China,2026-07-02
346,1974,Costa Rica,2026-07-02
347,1974,France,2026-07-02
348,1974,Indonesia,2026-07-02
349,1974,Iraq,2026-07-02
350,1974,Kenya,2026-07-02
351,1974,Mauritania,2026-07-02
352,1974,Peru,2026-07-02
353,1974,United Kingdom of Great Britain and Northern Ireland,2026-07-02
354,1974,United States of America,2026-07-02
355,1974,USSR (Union of Soviet Socialist Republics),2026-07-02
356,1975,Belarus,2026-07-02
357,1975,Cameroon,2026-07-02
358,1975,China,2026-07-02
359,1975,Costa Rica,2026-07-02
360,1975,France,2026-07-02
361,1975,Guyana,2026-07-02
362,1975,Iraq,2026-07-02
363,1975,Italy,2026-07-02
364,1975,Japan,2026-07-02
365,1975,Mauritania,2026-07-02
366,1975,Sweden,2026-07-02
367,1975,United Republic of Tanzania,2026-07-02
368,1975,United Kingdom of Great Britain and Northern Ireland,2026-07-02
369,1975,United States of America,2026-07-02
370,1975,USSR (Union of Soviet Socialist Republics),2026-07-02
371,1976,Benin,2026-07-02
372,1976,China,2026-07-02
373,1976,France,2026-07-02
374,1976,Guyana,2026-07-02
375,1976,Italy,2026-07-02
376,1976,Japan,2026-07-02
377,1976,Libya,2026-07-02
378,1976,Pakistan,2026-07-02
379,1976,Panama,2026-07-02
380,1976,Romania,2026-07-02
381,1976,Sweden,2026-07-02
382,1976,United Republic of Tanzania,2026-07-02
383,1976,United Kingdom of Great Britain and Northern Ireland,2026-07-02
384,1976,United States of America,2026-07-02
385,1976,USSR (Union of Soviet Socialist Republics),2026-07-02
386,1977,Benin,2026-07-02
387,1977,Canada,2026-07-02
388,1977,China,2026-07-02
389,1977,France,2026-07-02
390,1977,German FR (German Federal Republic),2026-07-02
391,1977,India,2026-07-02
392,1977,Libya,2026-07-02
393,1977,Mauritius,2026-07-02
394,1977,Pakistan,2026-07-02
395,1977,Panama,2026-07-02
396,1977,Romania,2026-07-02
397,1977,United Kingdom of Great Britain and Northern Ireland,2026-07-02
398,1977,United States of America,2026-07-02
399,1977,USSR (Union of Soviet Socialist Republics),2026-07-02
400,1977,Venezuela (Bolivarian Republic of),2026-07-02
401,1978,Bolivia (Plurinational State of),2026-07-02
402,1978,Canada,2026-07-02
403,1978,China,2026-07-02
404,1978,Czechoslovakia,2026-07-02
405,1978,France,2026-07-02
406,1978,Gabon,2026-07-02
407,1978,German FR (German Federal Republic),2026-07-02
408,1978,India,2026-07-02
409,1978,Kuwait,2026-07-02
410,1978,Mauritius,2026-07-02
411,1978,Nigeria,2026-07-02
412,1978,United Kingdom of Great Britain and Northern Ireland,2026-07-02
413,1978,United States of America,2026-07-02
414,1978,USSR (Union of Soviet Socialist Republics),2026-07-02
415,1978,Venezuela (Bolivarian Republic of),2026-07-02
416,1979,Bangladesh,2026-07-02
417,1979,Bolivia (Plurinational State of),2026-07-02
418,1979,China,2026-07-02
419,1979,Czechoslovakia,2026-07-02
420,1979,France,2026-07-02
421,1979,Gabon,2026-07-02
422,1979,Jamaica,2026-07-02
423,1979,Kuwait,2026-07-02
424,1979,Nigeria,2026-07-02
425,1979,Norway,2026-07-02
426,1979,Portugal,2026-07-02
427,1979,United Kingdom of Great Britain and Northern Ireland,2026-07-02
428,1979,United States of America,2026-07-02
429,1979,USSR (Union of Soviet Socialist Republics),2026-07-02
430,1979,Zambia,2026-07-02
431,1980,Bangladesh,2026-07-02
432,1980,China,2026-07-02
433,1980,France,2026-07-02
434,1980,German DR (German Democratic Republic),2026-07-02
435,1980,Jamaica,2026-07-02
436,1980,Mexico,2026-07-02
437,1980,Niger,2026-07-02
438,1980,Norway,2026-07-02
439,1980,Philippines,2026-07-02
440,1980,Portugal,2026-07-02
441,1980,Tunisia,2026-07-02
442,1980,United Kingdom of Great Britain and Northern Ireland,2026-07-02
443,1980,United States of America,2026-07-02
444,1980,USSR (Union of Soviet Socialist Republics),2026-07-02
445,1980,Zambia,2026-07-02
446,1981,China,2026-07-02
447,1981,France,2026-07-02
448,1981,German DR (German Democratic Republic),2026-07-02
449,1981,Ireland,2026-07-02
450,1981,Japan,2026-07-02
451,1981,Mexico,2026-07-02
452,1981,Niger,2026-07-02
453,1981,Panama,2026-07-02
454,1981,Philippines,2026-07-02
455,1981,Spain,2026-07-02
456,1981,Tunisia,2026-07-02
457,1981,Uganda,2026-07-02
458,1981,United Kingdom of Great Britain and Northern Ireland,2026-07-02
459,1981,United States of America,2026-07-02
460,1981,USSR (Union of Soviet Socialist Republics),2026-07-02
461,1982,China,2026-07-02
462,1982,France,2026-07-02
463,1982,Guyana,2026-07-02
464,1982,Ireland,2026-07-02
465,1982,Japan,2026-07-02
466,1982,Jordan,2026-07-02
467,1982,Panama,2026-07-02
468,1982,Poland,2026-07-02
469,1982,Spain,2026-07-02
470,1982,Togo,2026-07-02
471,1982,Uganda,2026-07-02
472,1982,United Kingdom of Great Britain and Northern Ireland,2026-07-02
473,1982,United States of America,2026-07-02
474,1982,USSR (Union of Soviet Socialist Republics),2026-07-02
475,1982,Democratic Republic of the Congo,2026-07-02
476,1983,China,2026-07-02
477,1983,France,2026-07-02
478,1983,Guyana,2026-07-02
479,1983,Jordan,2026-07-02
480,1983,Malta,2026-07-02
481,1983,Netherlands,2026-07-02
482,1983,Nicaragua,2026-07-02
483,1983,Pakistan,2026-07-02
484,1983,Poland,2026-07-02
485,1983,Togo,2026-07-02
486,1983,United Kingdom of Great Britain and Northern Ireland,2026-07-02
487,1983,United States of America,2026-07-02
488,1983,USSR (Union of Soviet Socialist Republics),2026-07-02
489,1983,Democratic Republic of the Congo,2026-07-02
490,1983,Zimbabwe,2026-07-02
491,1984,Burkina Faso,2026-07-02
492,1984,China,2026-07-02
493,1984,Egypt,2026-07-02
494,1984,France,2026-07-02
495,1984,India,2026-07-02
496,1984,Malta,2026-07-02
497,1984,Netherlands,2026-07-02
498,1984,Nicaragua,2026-07-02
499,1984,Pakistan,2026-07-02
500,1984,Peru,2026-07-02
501,1984,Ukrainian SSR (Ukrainian Soviet Socialist Republic),2026-07-02
502,1984,United Kingdom of Great Britain and Northern Ireland,2026-07-02
503,1984,United States of America,2026-07-02
504,1984,USSR (Union of Soviet Socialist Republics),2026-07-02
505,1984,Zimbabwe,2026-07-02
506,1985,Australia,2026-07-02
507,1985,Burkina Faso,2026-07-02
508,1985,China,2026-07-02
509,1985,Denmark,2026-07-02
510,1985,Egypt,2026-07-02
511,1985,France,2026-07-02
512,1985,India,2026-07-02
513,1985,Madagascar,2026-07-02
514,1985,Peru,2026-07-02
515,1985,Thailand,2026-07-02
516,1985,Trinidad and Tobago,2026-07-02
517,1985,Ukrainian SSR (Ukrainian Soviet Socialist Republic),2026-07-02
518,1985,United Kingdom of Great Britain and Northern Ireland,2026-07-02
519,1985,United States of America,2026-07-02
520,1985,USSR (Union of Soviet Socialist Republics),2026-07-02
521,1986,Australia,2026-07-02
522,1986,Bulgaria,2026-07-02
523,1986,China,2026-07-02
524,1986,Congo,2026-07-02
525,1986,Denmark,2026-07-02
526,1986,France,2026-07-02
527,1986,Ghana,2026-07-02
528,1986,Madagascar,2026-07-02
529,1986,Thailand,2026-07-02
530,1986,Trinidad and Tobago,2026-07-02
531,1986,United Arab Emirates,2026-07-02
532,1986,United Kingdom of Great Britain and Northern Ireland,2026-07-02
533,1986,United States of America,2026-07-02
534,1986,USSR (Union of Soviet Socialist Republics),2026-07-02
535,1986,Venezuela (Bolivarian Republic of),2026-07-02
536,1987,Argentina,2026-07-02
537,1987,Bulgaria,2026-07-02
538,1987,China,2026-07-02
539,1987,Congo,2026-07-02
540,1987,France,2026-07-02
541,1987,German FR (German Federal Republic),2026-07-02
542,1987,Ghana,2026-07-02
543,1987,Italy,2026-07-02
544,1987,Japan,2026-07-02
545,1987,United Arab Emirates,2026-07-02
546,1987,United Kingdom of Great Britain and Northern Ireland,2026-07-02
547,1987,United States of America,2026-07-02
548,1987,USSR (Union of Soviet Socialist Republics),2026-07-02
549,1987,Venezuela (Bolivarian Republic of),2026-07-02
550,1987,Zambia,2026-07-02
551,1988,Algeria,2026-07-02
552,1988,Argentina,2026-07-02
553,1988,Brazil,2026-07-02
554,1988,China,2026-07-02
555,1988,France,2026-07-02
556,1988,German FR (German Federal Republic),2026-07-02
557,1988,Italy,2026-07-02
558,1988,Japan,2026-07-02
559,1988,Nepal,2026-07-02
560,1988,Senegal,2026-07-02
561,1988,United Kingdom of Great Britain and Northern Ireland,2026-07-02
562,1988,United States of America,2026-07-02
563,1988,USSR (Union of Soviet Socialist Republics),2026-07-02
564,1988,Yugoslavia,2026-07-02
565,1988,Zambia,2026-07-02
566,1989,Algeria,2026-07-02
567,1989,Brazil,2026-07-02
568,1989,Canada,2026-07-02
569,1989,China,2026-07-02
570,1989,Colombia,2026-07-02
571,1989,Ethiopia,2026-07-02
572,1989,Finland,2026-07-02
573,1989,France,2026-07-02
574,1989,Malaysia,2026-07-02
575,1989,Nepal,2026-07-02
576,1989,Senegal,2026-07-02
577,1989,United Kingdom of Great Britain and Northern Ireland,2026-07-02
578,1989,United States of America,2026-07-02
579,1989,USSR (Union of Soviet Socialist Republics),2026-07-02
580,1989,Yugoslavia,2026-07-02
581,1990,Canada,2026-07-02
582,1990,China,2026-07-02
583,1990,Colombia,2026-07-02
584,1990,,2026-07-02
585,1990,Cuba,2026-07-02
586,1990,Ethiopia,2026-07-02
587,1990,Finland,2026-07-02
588,1990,France,2026-07-02
589,1990,Malaysia,2026-07-02
590,1990,Romania,2026-07-02
591,1990,United Kingdom of Great Britain and Northern Ireland,2026-07-02
592,1990,United States of America,2026-07-02
593,1990,USSR (Union of Soviet Socialist Republics),2026-07-02
594,1990,Yemen,2026-07-02
595,1990,Democratic Republic of the Congo,2026-07-02
596,1991,Austria,2026-07-02
597,1991,Belgium,2026-07-02
598,1991,China,2026-07-02
599,1991,,2026-07-02
600,1991,Cuba,2026-07-02
601,1991,Ecuador,2026-07-02
602,1991,France,2026-07-02
603,1991,India,2026-07-02
604,1991,Romania,2026-07-02
605,1991,United Kingdom of Great Britain and Northern Ireland,2026-07-02
606,1991,United States of America,2026-07-02
607,1991,USSR (Union of Soviet Socialist Republics),2026-07-02
608,1991,Yemen,2026-07-02
609,1991,Democratic Republic of the Congo,2026-07-02
610,1991,Zimbabwe,2026-07-02
611,1992,Austria,2026-07-02
612,1992,Belgium,2026-07-02
613,1992,Cabo Verde,2026-07-02
614,1992,China,2026-07-02
615,1992,Ecuador,2026-07-02
616,1992,France,2026-07-02
617,1992,Hungary,2026-07-02
618,1992,India,2026-07-02
619,1992,Japan,2026-07-02
620,1992,Morocco,2026-07-02
621,1992,Russian Federation,2026-07-02
622,1992,United Kingdom of Great Britain and Northern Ireland,2026-07-02
623,1992,United States of America,2026-07-02
624,1992,Venezuela (Bolivarian Republic of),2026-07-02
625,1992,Zimbabwe,2026-07-02
626,1993,Brazil,2026-07-02
627,1993,Cabo Verde,2026-07-02
628,1993,China,2026-07-02
629,1993,Djibouti,2026-07-02
630,1993,France,2026-07-02
631,1993,Hungary,2026-07-02
632,1993,Japan,2026-07-02
633,1993,Morocco,2026-07-02
634,1993,New Zealand,2026-07-02
635,1993,Pakistan,2026-07-02
636,1993,Russian Federation,2026-07-02
637,1993,Spain,2026-07-02
638,1993,United Kingdom of Great Britain and Northern Ireland,2026-07-02
639,1993,United States of America,2026-07-02
640,1993,Venezuela (Bolivarian Republic of),2026-07-02
641,1994,Argentina,2026-07-02
642,1994,Brazil,2026-07-02
643,1994,China,2026-07-02
644,1994,Czechia,2026-07-02
645,1994,Djibouti,2026-07-02
646,1994,France,2026-07-02
647,1994,New Zealand,2026-07-02
648,1994,Nigeria,2026-07-02
649,1994,Oman,2026-07-02
650,1994,Pakistan,2026-07-02
651,1994,Russian Federation,2026-07-02
652,1994,Rwanda,2026-07-02
653,1994,Spain,2026-07-02
654,1994,United Kingdom of Great Britain and Northern Ireland,2026-07-02
655,1994,United States of America,2026-07-02
656,1995,Argentina,2026-07-02
657,1995,Botswana,2026-07-02
658,1995,China,2026-07-02
659,1995,Czechia,2026-07-02
660,1995,France,2026-07-02
661,1995,Germany,2026-07-02
662,1995,Honduras,2026-07-02
663,1995,Indonesia,2026-07-02
664,1995,Italy,2026-07-02
665,1995,Nigeria,2026-07-02
666,1995,Oman,2026-07-02
667,1995,Russian Federation,2026-07-02
668,1995,Rwanda,2026-07-02
669,1995,United Kingdom of Great Britain and Northern Ireland,2026-07-02
670,1995,United States of America,2026-07-02
671,1996,Botswana,2026-07-02
672,1996,Chile,2026-07-02
673,1996,China,2026-07-02
674,1996,Egypt,2026-07-02
675,1996,France,2026-07-02
676,1996,Germany,2026-07-02
677,1996,Guinea-Bissau,2026-07-02
678,1996,Honduras,2026-07-02
679,1996,Indonesia,2026-07-02
680,1996,Italy,2026-07-02
681,1996,Poland,2026-07-02
682,1996,Republic of Korea,2026-07-02
683,1996,Russian Federation,2026-07-02
684,1996,United Kingdom of Great Britain and Northern Ireland,2026-07-02
685,1996,United States of America,2026-07-02
686,1997,Chile,2026-07-02
687,1997,China,2026-07-02
688,1997,Costa Rica,2026-07-02
689,1997,Egypt,2026-07-02
690,1997,France,2026-07-02
691,1997,Guinea-Bissau,2026-07-02
692,1997,Japan,2026-07-02
693,1997,Kenya,2026-07-02
694,1997,Poland,2026-07-02
695,1997,Portugal,2026-07-02
696,1997,Republic of Korea,2026-07-02
697,1997,Russian Federation,2026-07-02
698,1997,Sweden,2026-07-02
699,1997,United Kingdom of Great Britain and Northern Ireland,2026-07-02
700,1997,United States of America,2026-07-02
701,1998,Bahrain,2026-07-02
702,1998,Brazil,2026-07-02
703,1998,China,2026-07-02
704,1998,Costa Rica,2026-07-02
705,1998,France,2026-07-02
706,1998,Gabon,2026-07-02
707,1998,Gambia,2026-07-02
708,1998,Japan,2026-07-02
709,1998,Kenya,2026-07-02
710,1998,Portugal,2026-07-02
711,1998,Russian Federation,2026-07-02
712,1998,Slovenia,2026-07-02
713,1998,Sweden,2026-07-02
714,1998,United Kingdom of Great Britain and Northern Ireland,2026-07-02
715,1998,United States of America,2026-07-02
716,1999,Argentina,2026-07-02
717,1999,Bahrain,2026-07-02
718,1999,Brazil,2026-07-02
719,1999,Canada,2026-07-02
720,1999,China,2026-07-02
721,1999,France,2026-07-02
722,1999,Gabon,2026-07-02
723,1999,Gambia,2026-07-02
724,1999,Malaysia,2026-07-02
725,1999,Namibia,2026-07-02
726,1999,Netherlands,2026-07-02
727,1999,Russian Federation,2026-07-02
728,1999,Slovenia,2026-07-02
729,1999,United Kingdom of Great Britain and Northern Ireland,2026-07-02
730,1999,United States of America,2026-07-02
731,2000,Argentina,2026-07-02
732,2000,Bangladesh,2026-07-02
733,2000,Canada,2026-07-02
734,2000,China,2026-07-02
735,2000,France,2026-07-02
736,2000,Jamaica,2026-07-02
737,2000,Malaysia,2026-07-02
738,2000,Mali,2026-07-02
739,2000,Namibia,2026-07-02
740,2000,Netherlands,2026-07-02
741,2000,Russian Federation,2026-07-02
742,2000,Tunisia,2026-07-02
743,2000,Ukraine,2026-07-02
744,2000,United Kingdom of Great Britain and Northern Ireland,2026-07-02
745,2000,United States of America,2026-07-02
746,2001,Bangladesh,2026-07-02
747,2001,China,2026-07-02
748,2001,Colombia,2026-07-02
749,2001,France,2026-07-02
750,2001,Ireland,2026-07-02
751,2001,Jamaica,2026-07-02
752,2001,Mali,2026-07-02
753,2001,Mauritius,2026-07-02
754,2001,Norway,2026-07-02
755,2001,Russian Federation,2026-07-02
756,2001,Singapore,2026-07-02
757,2001,Tunisia,2026-07-02
758,2001,Ukraine,2026-07-02
759,2001,United Kingdom of Great Britain and Northern Ireland,2026-07-02
760,2001,United States of America,2026-07-02
761,2002,Bulgaria,2026-07-02
762,2002,Cameroon,2026-07-02
763,2002,China,2026-07-02
764,2002,Colombia,2026-07-02
765,2002,France,2026-07-02
766,2002,Guinea,2026-07-02
767,2002,Ireland,2026-07-02
768,2002,Mauritius,2026-07-02
769,2002,Mexico,2026-07-02
770,2002,Norway,2026-07-02
771,2002,Russian Federation,2026-07-02
772,2002,Singapore,2026-07-02
773,2002,Syrian Arab Republic,2026-07-02
774,2002,United Kingdom of Great Britain and Northern Ireland,2026-07-02
775,2002,United States of America,2026-07-02
776,2003,Angola,2026-07-02
777,2003,Bulgaria,2026-07-02
778,2003,Cameroon,2026-07-02
779,2003,Chile,2026-07-02
780,2003,China,2026-07-02
781,2003,France,2026-07-02
782,2003,Germany,2026-07-02
783,2003,Guinea,2026-07-02
784,2003,Mexico,2026-07-02
785,2003,Pakistan,2026-07-02
786,2003,Russian Federation,2026-07-02
787,2003,Spain,2026-07-02
788,2003,Syrian Arab Republic,2026-07-02
789,2003,United Kingdom of Great Britain and Northern Ireland,2026-07-02
790,2003,United States of America,2026-07-02
791,2004,Algeria,2026-07-02
792,2004,Angola,2026-07-02
793,2004,Benin,2026-07-02
794,2004,Brazil,2026-07-02
795,2004,Chile,2026-07-02
796,2004,China,2026-07-02
797,2004,France,2026-07-02
798,2004,Germany,2026-07-02
799,2004,Pakistan,2026-07-02
800,2004,Philippines,2026-07-02
801,2004,Romania,2026-07-02
802,2004,Russian Federation,2026-07-02
803,2004,Spain,2026-07-02
804,2004,United Kingdom of Great Britain and Northern Ireland,2026-07-02
805,2004,United States of America,2026-07-02
806,2005,Algeria,2026-07-02
807,2005,Argentina,2026-07-02
808,2005,Benin,2026-07-02
809,2005,Brazil,2026-07-02
810,2005,China,2026-07-02
811,2005,Denmark,2026-07-02
812,2005,France,2026-07-02
813,2005,Greece,2026-07-02
814,2005,Japan,2026-07-02
815,2005,Philippines,2026-07-02
816,2005,Romania,2026-07-02
817,2005,Russian Federation,2026-07-02
818,2005,United Republic of Tanzania,2026-07-02
819,2005,United Kingdom of Great Britain and Northern Ireland,2026-07-02
820,2005,United States of America,2026-07-02
821,2006,Argentina,2026-07-02
822,2006,China,2026-07-02
823,2006,Congo,2026-07-02
824,2006,Denmark,2026-07-02
825,2006,France,2026-07-02
826,2006,Ghana,2026-07-02
827,2006,Greece,2026-07-02
828,2006,Japan,2026-07-02
829,2006,Peru,2026-07-02
830,2006,Qatar,2026-07-02
831,2006,Russian Federation,2026-07-02
832,2006,Slovakia,2026-07-02
833,2006,United Republic of Tanzania,2026-07-02
834,2006,United Kingdom of Great Britain and Northern Ireland,2026-07-02
835,2006,United States of America,2026-07-02
836,2007,Belgium,2026-07-02
837,2007,China,2026-07-02
838,2007,Congo,2026-07-02
839,2007,France,2026-07-02
840,2007,Ghana,2026-07-02
841,2007,Indonesia,2026-07-02
842,2007,Italy,2026-07-02
843,2007,Panama,2026-07-02
844,2007,Peru,2026-07-02
845,2007,Qatar,2026-07-02
846,2007,Russian Federation,2026-07-02
847,2007,Slovakia,2026-07-02
848,2007,South Africa,2026-07-02
849,2007,United Kingdom of Great Britain and Northern Ireland,2026-07-02
850,2007,United States of America,2026-07-02
851,2008,Belgium,2026-07-02
852,2008,Burkina Faso,2026-07-02
853,2008,China,2026-07-02
854,2008,Costa Rica,2026-07-02
855,2008,Croatia,2026-07-02
856,2008,France,2026-07-02
857,2008,Indonesia,2026-07-02
858,2008,Italy,2026-07-02
859,2008,Libya,2026-07-02
860,2008,Panama,2026-07-02
861,2008,Russian Federation,2026-07-02
862,2008,South Africa,2026-07-02
863,2008,United Kingdom of Great Britain and Northern Ireland,2026-07-02
864,2008,United States of America,2026-07-02
865,2008,Viet Nam,2026-07-02
866,2009,Austria,2026-07-02
867,2009,Burkina Faso,2026-07-02
868,2009,China,2026-07-02
869,2009,Costa Rica,2026-07-02
870,2009,Croatia,2026-07-02
871,2009,France,2026-07-02
872,2009,Japan,2026-07-02
873,2009,Libya,2026-07-02
874,2009,Mexico,2026-07-02
875,2009,Russian Federation,2026-07-02
876,2009,Türkiye,2026-07-02
877,2009,Uganda,2026-07-02
878,2009,United Kingdom of Great Britain and Northern Ireland,2026-07-02
879,2009,United States of America,2026-07-02
880,2009,Viet Nam,2026-07-02
881,2010,Austria,2026-07-02
882,2010,Bosnia and Herzegovina,2026-07-02
883,2010,Brazil,2026-07-02
884,2010,China,2026-07-02
885,2010,France,2026-07-02
886,2010,Gabon,2026-07-02
887,2010,Japan,2026-07-02
888,2010,Lebanon,2026-07-02
889,2010,Mexico,2026-07-02
890,2010,Nigeria,2026-07-02
891,2010,Russian Federation,2026-07-02
892,2010,Türkiye,2026-07-02
893,2010,Uganda,2026-07-02
894,2010,United Kingdom of Great Britain and Northern Ireland,2026-07-02
895,2010,United States of America,2026-07-02
896,2011,Bosnia and Herzegovina,2026-07-02
897,2011,Brazil,2026-07-02
898,2011,China,2026-07-02
899,2011,Colombia,2026-07-02
900,2011,France,2026-07-02
901,2011,Gabon,2026-07-02
902,2011,Germany,2026-07-02
903,2011,India,2026-07-02
904,2011,Lebanon,2026-07-02
905,2011,Nigeria,2026-07-02
906,2011,Portugal,2026-07-02
907,2011,Russian Federation,2026-07-02
908,2011,South Africa,2026-07-02
909,2011,United Kingdom of Great Britain and Northern Ireland,2026-07-02
910,2011,United States of America,2026-07-02
911,2012,Azerbaijan,2026-07-02
912,2012,China,2026-07-02
913,2012,Colombia,2026-07-02
914,2012,France,2026-07-02
915,2012,Germany,2026-07-02
916,2012,Guatemala,2026-07-02
917,2012,India,2026-07-02
918,2012,Morocco,2026-07-02
919,2012,Pakistan,2026-07-02
920,2012,Portugal,2026-07-02
921,2012,Russian Federation,2026-07-02
922,2012,South Africa,2026-07-02
923,2012,Togo,2026-07-02
924,2012,United Kingdom of Great Britain and Northern Ireland,2026-07-02
925,2012,United States of America,2026-07-02
926,2013,Argentina,2026-07-02
927,2013,Australia,2026-07-02
928,2013,Azerbaijan,2026-07-02
929,2013,China,2026-07-02
930,2013,France,2026-07-02
931,2013,Guatemala,2026-07-02
932,2013,Luxembourg,2026-07-02
933,2013,Morocco,2026-07-02
934,2013,Pakistan,2026-07-02
935,2013,Republic of Korea,2026-07-02
936,2013,Russian Federation,2026-07-02
937,2013,Rwanda,2026-07-02
938,2013,Togo,2026-07-02
939,2013,United Kingdom of Great Britain and Northern Ireland,2026-07-02
940,2013,United States of America,2026-07-02
941,2014,Argentina,2026-07-02
942,2014,Australia,2026-07-02
943,2014,Chad,2026-07-02
944,2014,Chile,2026-07-02
945,2014,China,2026-07-02
946,2014,France,2026-07-02
947,2014,Jordan,2026-07-02
948,2014,Lithuania,2026-07-02
949,2014,Luxembourg,2026-07-02
950,2014,Nigeria,2026-07-02
951,2014,Republic of Korea,2026-07-02
952,2014,Russian Federation,2026-07-02
953,2014,Rwanda,2026-07-02
954,2014,United Kingdom of Great Britain and Northern Ireland,2026-07-02
955,2014,United States of America,2026-07-02
956,2015,Angola,2026-07-02
957,2015,Chad,2026-07-02
958,2015,Chile,2026-07-02
959,2015,China,2026-07-02
960,2015,France,2026-07-02
961,2015,Jordan,2026-07-02
962,2015,Lithuania,2026-07-02
963,2015,Malaysia,2026-07-02
964,2015,New Zealand,2026-07-02
965,2015,Nigeria,2026-07-02
966,2015,Russian Federation,2026-07-02
967,2015,Spain,2026-07-02
968,2015,United Kingdom of Great Britain and Northern Ireland,2026-07-02
969,2015,United States of America,2026-07-02
970,2015,Venezuela (Bolivarian Republic of),2026-07-02
971,2016,Angola,2026-07-02
972,2016,China,2026-07-02
973,2016,Egypt,2026-07-02
974,2016,France,2026-07-02
975,2016,Japan,2026-07-02
976,2016,Malaysia,2026-07-02
977,2016,New Zealand,2026-07-02
978,2016,Russian Federation,2026-07-02
979,2016,Senegal,2026-07-02
980,2016,Spain,2026-07-02
981,2016,Ukraine,2026-07-02
982,2016,United Kingdom of Great Britain and Northern Ireland,2026-07-02
983,2016,United States of America,2026-07-02
984,2016,Uruguay,2026-07-02
985,2016,Venezuela (Bolivarian Republic of),2026-07-02
986,2017,Bolivia (Plurinational State of),2026-07-02
987,2017,China,2026-07-02
988,2017,Egypt,2026-07-02
989,2017,Ethiopia,2026-07-02
990,2017,France,2026-07-02
991,2017,Italy,2026-07-02
992,2017,Japan,2026-07-02
993,2017,Kazakhstan,2026-07-02
994,2017,Russian Federation,2026-07-02
995,2017,Senegal,2026-07-02
996,2017,Sweden,2026-07-02
997,2017,Ukraine,2026-07-02
998,2017,United Kingdom of Great Britain and Northern Ireland,2026-07-02
999,2017,United States of America,2026-07-02
1000,2017,Uruguay,2026-07-02
1001,2018,Bolivia (Plurinational State of),2026-07-02
1002,2018,China,2026-07-02
1003,2018,,2026-07-02
1004,2018,Equatorial Guinea,2026-07-02
1005,2018,Ethiopia,2026-07-02
1006,2018,France,2026-07-02
1007,2018,Kazakhstan,2026-07-02
1008,2018,Kuwait,2026-07-02
1009,2018,Netherlands,2026-07-02
1010,2018,Peru,2026-07-02
1011,2018,Poland,2026-07-02
1012,2018,Russian Federation,2026-07-02
1013,2018,Sweden,2026-07-02
1014,2018,United Kingdom of Great Britain and Northern Ireland,2026-07-02
1015,2018,United States of America,2026-07-02
1016,2019,Belgium,2026-07-02
1017,2019,China,2026-07-02
1018,2019,,2026-07-02
1019,2019,Dominican Republic,2026-07-02
1020,2019,Equatorial Guinea,2026-07-02
1021,2019,France,2026-07-02
1022,2019,Germany,2026-07-02
1023,2019,Indonesia,2026-07-02
1024,2019,Kuwait,2026-07-02
1025,2019,Peru,2026-07-02
1026,2019,Poland,2026-07-02
1027,2019,Russian Federation,2026-07-02
1028,2019,South Africa,2026-07-02
1029,2019,United Kingdom of Great Britain and Northern Ireland,2026-07-02
1030,2019,United States of America,2026-07-02
1031,2020,Belgium,2026-07-02
1032,2020,China,2026-07-02
1033,2020,Dominican Republic,2026-07-02
1034,2020,Estonia,2026-07-02
1035,2020,France,2026-07-02
1036,2020,Germany,2026-07-02
1037,2020,Indonesia,2026-07-02
1038,2020,Niger,2026-07-02
1039,2020,Russian Federation,2026-07-02
1040,2020,Saint Vincent and the Grenadines,2026-07-02
1041,2020,South Africa,2026-07-02
1042,2020,Tunisia,2026-07-02
1043,2020,United Kingdom of Great Britain and Northern Ireland,2026-07-02
1044,2020,United States of America,2026-07-02
1045,2020,Viet Nam,2026-07-02
1046,2021,China,2026-07-02
1047,2021,Estonia,2026-07-02
1048,2021,France,2026-07-02
1049,2021,India,2026-07-02
1050,2021,Ireland,2026-07-02
1051,2021,Kenya,2026-07-02
1052,2021,Mexico,2026-07-02
1053,2021,Niger,2026-07-02
1054,2021,Norway,2026-07-02
1055,2021,Russian Federation,2026-07-02
1056,2021,Saint Vincent and the Grenadines,2026-07-02
1057,2021,Tunisia,2026-07-02
1058,2021,United Kingdom of Great Britain and Northern Ireland,2026-07-02
1059,2021,United States of America,2026-07-02
1060,2021,Viet Nam,2026-07-02
1061,2022,China,2026-07-02
1062,2022,France,2026-07-02
1063,2022,India,2026-07-02
1064,2022,Ireland,2026-07-02
1065,2022,Kenya,2026-07-02
1066,2022,Mexico,2026-07-02
1067,2022,Norway,2026-07-02
1068,2022,Russian Federation,2026-07-02
1069,2022,United Kingdom of Great Britain and Northern Ireland,2026-07-02
1070,2022,United States of America,2026-07-02
1071,2022,United Arab Emirates,2026-07-02
1072,2022,Brazil,2026-07-02
1073,2022,Gabon,2026-07-02
1074,2022,Ghana,2026-07-02
1075,2022,Albania,2026-07-02
1076,2023,Albania,2026-07-02
1077,2023,Brazil,2026-07-02
1078,2023,Gabon,2026-07-02
1079,2023,Ghana,2026-07-02
1080,2023,United Arab Emirates,2026-07-02
1081,2023,United States of America,2026-07-02
1082,2023,United Kingdom of Great Britain and Northern Ireland,2026-07-02
1083,2023,Russian Federation,2026-07-02
1084,2023,France,2026-07-02
1085,2023,China,2026-07-02
1086,2023,Ecuador,2026-07-02
1087,2023,Japan,2026-07-02
1088,2023,Malta,2026-07-02
1089,2023,Mozambique,2026-07-02
1090,2023,Switzerland,2026-07-02
1091,2024,Algeria,2026-07-02
1092,2024,Guyana,2026-07-02
1093,2024,Republic of Korea,2026-07-02
1094,2024,Sierra Leone,2026-07-02
1095,2024,Slovenia,2026-07-02
1096,2024,China,2026-07-02
1097,2024,France,2026-07-02
1098,2024,Russian Federation,2026-07-02
1099,2024,United Kingdom of Great Britain and Northern Ireland,2026-07-02
1100,2024,United States of America,2026-07-02
1101,2024,Mozambique,2026-07-02
1102,2024,Ecuador,2026-07-02
1103,2024,Japan,2026-07-02
1104,2024,Malta,2026-07-02
1105,2024,Switzerland,2026-07-02
1106,2025,Algeria,2026-07-02
1107,2025,China,2026-07-02
1108,2025,Denmark,2026-07-02
1109,2025,France,2026-07-02
1110,2025,Greece,2026-07-02
1111,2025,Guyana,2026-07-02
1112,2025,Pakistan,2026-07-02
1113,2025,Panama,2026-07-02
1114,2025,Republic of Korea,2026-07-02
1115,2025,Russian Federation,2026-07-02
1116,2025,Sierra Leone,2026-07-02
1117,2025,Slovenia,2026-07-02
1118,2025,Somalia,2026-07-02
1119,2025,United Kingdom of Great Britain and Northern Ireland,2026-07-02
1120,2025,United States of America,2026-07-02
1121,2026,Bahrain,2026-07-02
1122,2026,Colombia,2026-07-02
1123,2026,Latvia,2026-07-02
1124,2026,Liberia,2026-07-02
1125,2026,Denmark,2026-07-02
1126,2026,Greece,2026-07-02
1127,2026,Pakistan,2026-07-02
1128,2026,Panama,2026-07-02
1129,2026,Somalia,2026-07-02
1130,2026,United States of America,2026-07-02
1131,2026,United Kingdom of Great Britain and Northern Ireland,2026-07-02
1132,2026,Russian Federation,2026-07-02
1133,2026,France,2026-07-02
1134,2026,China,2026-07-02
1135,2026,,2026-07-02
1136,2027,Austria,2026-07-02
1137,2027,Portugal,2026-07-02
1138,2027,Zimbabwe,2026-07-02
1139,2027,Kyrgyzstan,2026-07-02
1140,2027,Trinidad and Tobago,2026-07-02
1141,2027,China,2026-07-02
1142,2027,Russian Federation,2026-07-02
1143,2027,United States of America,2026-07-02
1144,2027,United Kingdom of Great Britain and Northern Ireland,2026-07-02
1145,2027,France,2026-07-02
1146,2027,Colombia,2026-07-02
1147,2027,Bahrain,2026-07-02
1148,2027,,2026-07-02
1149,2027,Latvia,2026-07-02
1150,2027,Liberia,2026-07-02
