year,country,unsc,unsc_t1,unsc3,wdicode
2002,NA,0,0,0,AGO
2002,NA,0,0,0,BDI
2002,NA,0,0,0,BEN
2002,NA,0,0,0,BFA
2002,NA,0,0,0,BWA
2002,NA,0,0,0,CAF
2002,NA,0,0,0,CIV
2002,Cameroon,1,0,1,CMR
2002,NA,0,0,0,COD
2002,NA,0,0,0,COG
2002,NA,0,0,0,COM
2002,NA,0,0,0,CPV
2002,NA,0,0,0,DJI
2002,NA,0,0,0,DZA
2002,NA,0,0,0,EGY
2002,NA,0,0,0,ERI
2002,NA,0,0,0,ETH
2002,NA,0,0,0,GAB
2002,NA,0,0,0,GHA
2002,Guinea,1,0,1,GIN
2002,NA,0,0,0,GMB
2002,NA,0,0,0,GNB
2002,NA,0,0,0,GNQ
2002,NA,0,0,0,KEN
2002,NA,0,0,0,LBR
2002,NA,0,0,0,LBY
2002,NA,0,0,0,LSO
2002,NA,0,0,0,MAR
2002,NA,0,0,0,MDG
2002,NA,0,0,0,MLI
2002,NA,0,0,0,MOZ
2002,NA,0,0,0,MRT
2002,Mauritius,1,0,1,MUS
2002,NA,0,0,0,MWI
2002,NA,0,0,0,NAM
2002,NA,0,0,0,NER
2002,NA,0,0,0,NGA
2002,NA,0,0,0,RWA
2002,NA,0,0,0,SDN
2002,NA,0,0,0,SEN
2002,NA,0,0,0,SLE
2002,NA,0,0,0,SOM
2002,NA,0,0,0,SSD
2002,NA,0,0,0,STP
2002,NA,0,0,0,SWZ
2002,NA,0,0,0,SYC
2002,NA,0,0,0,TCD
2002,NA,0,0,0,TGO
2002,NA,0,0,0,TUN
2002,NA,0,0,0,TZA
2002,NA,0,0,0,UGA
2002,NA,0,0,0,ZAF
2002,NA,0,0,0,ZMB
2002,NA,0,0,0,ZWE
2003,Angola,1,0,1,AGO
2003,NA,0,0,0,BDI
2003,NA,0,0,0,BEN
2003,NA,0,0,0,BFA
2003,NA,0,0,0,BWA
2003,NA,0,0,0,CAF
2003,NA,0,0,0,CIV
2003,Cameroon,1,1,1,CMR
2003,NA,0,0,0,COD
2003,NA,0,0,0,COG
2003,NA,0,0,0,COM
2003,NA,0,0,0,CPV
2003,NA,0,0,0,DJI
2003,NA,0,0,0,DZA
2003,NA,0,0,0,EGY
2003,NA,0,0,0,ERI
2003,NA,0,0,0,ETH
2003,NA,0,0,0,GAB
2003,NA,0,0,0,GHA
2003,Guinea,1,1,1,GIN
2003,NA,0,0,0,GMB
2003,NA,0,0,0,GNB
2003,NA,0,0,0,GNQ
2003,NA,0,0,0,KEN
2003,NA,0,0,0,LBR
2003,NA,0,0,0,LBY
2003,NA,0,0,0,LSO
2003,NA,0,0,0,MAR
2003,NA,0,0,0,MDG
2003,NA,0,0,0,MLI
2003,NA,0,0,0,MOZ
2003,NA,0,0,0,MRT
2003,NA,0,1,1,MUS
2003,NA,0,0,0,MWI
2003,NA,0,0,0,NAM
2003,NA,0,0,0,NER
2003,NA,0,0,0,NGA
2003,NA,0,0,0,RWA
2003,NA,0,0,0,SDN
2003,NA,0,0,0,SEN
2003,NA,0,0,0,SLE
2003,NA,0,0,0,SOM
2003,NA,0,0,0,SSD
2003,NA,0,0,0,STP
2003,NA,0,0,0,SWZ
2003,NA,0,0,0,SYC
2003,NA,0,0,0,TCD
2003,NA,0,0,0,TGO
2003,NA,0,0,0,TUN
2003,NA,0,0,0,TZA
2003,NA,0,0,0,UGA
2003,NA,0,0,0,ZAF
2003,NA,0,0,0,ZMB
2003,NA,0,0,0,ZWE
2004,Angola,1,1,1,AGO
2004,NA,0,0,0,BDI
2004,Benin,1,0,1,BEN
2004,NA,0,0,0,BFA
2004,NA,0,0,0,BWA
2004,NA,0,0,0,CAF
2004,NA,0,0,0,CIV
2004,NA,0,1,1,CMR
2004,NA,0,0,0,COD
2004,NA,0,0,0,COG
2004,NA,0,0,0,COM
2004,NA,0,0,0,CPV
2004,NA,0,0,0,DJI
2004,Algeria,1,0,1,DZA
2004,NA,0,0,0,EGY
2004,NA,0,0,0,ERI
2004,NA,0,0,0,ETH
2004,NA,0,0,0,GAB
2004,NA,0,0,0,GHA
2004,NA,0,1,1,GIN
2004,NA,0,0,0,GMB
2004,NA,0,0,0,GNB
2004,NA,0,0,0,GNQ
2004,NA,0,0,0,KEN
2004,NA,0,0,0,LBR
2004,NA,0,0,0,LBY
2004,NA,0,0,0,LSO
2004,NA,0,0,0,MAR
2004,NA,0,0,0,MDG
2004,NA,0,0,0,MLI
2004,NA,0,0,0,MOZ
2004,NA,0,0,0,MRT
2004,NA,0,0,0,MUS
2004,NA,0,0,0,MWI
2004,NA,0,0,0,NAM
2004,NA,0,0,0,NER
2004,NA,0,0,0,NGA
2004,NA,0,0,0,RWA
2004,NA,0,0,0,SDN
2004,NA,0,0,0,SEN
2004,NA,0,0,0,SLE
2004,NA,0,0,0,SOM
2004,NA,0,0,0,SSD
2004,NA,0,0,0,STP
2004,NA,0,0,0,SWZ
2004,NA,0,0,0,SYC
2004,NA,0,0,0,TCD
2004,NA,0,0,0,TGO
2004,NA,0,0,0,TUN
2004,NA,0,0,0,TZA
2004,NA,0,0,0,UGA
2004,NA,0,0,0,ZAF
2004,NA,0,0,0,ZMB
2004,NA,0,0,0,ZWE
2005,NA,0,1,1,AGO
2005,NA,0,0,0,BDI
2005,Benin,1,1,1,BEN
2005,NA,0,0,0,BFA
2005,NA,0,0,0,BWA
2005,NA,0,0,0,CAF
2005,NA,0,0,0,CIV
2005,NA,0,0,0,CMR
2005,NA,0,0,0,COD
2005,NA,0,0,0,COG
2005,NA,0,0,0,COM
2005,NA,0,0,0,CPV
2005,NA,0,0,0,DJI
2005,Algeria,1,1,1,DZA
2005,NA,0,0,0,EGY
2005,NA,0,0,0,ERI
2005,NA,0,0,0,ETH
2005,NA,0,0,0,GAB
2005,NA,0,0,0,GHA
2005,NA,0,0,0,GIN
2005,NA,0,0,0,GMB
2005,NA,0,0,0,GNB
2005,NA,0,0,0,GNQ
2005,NA,0,0,0,KEN
2005,NA,0,0,0,LBR
2005,NA,0,0,0,LBY
2005,NA,0,0,0,LSO
2005,NA,0,0,0,MAR
2005,NA,0,0,0,MDG
2005,NA,0,0,0,MLI
2005,NA,0,0,0,MOZ
2005,NA,0,0,0,MRT
2005,NA,0,0,0,MUS
2005,NA,0,0,0,MWI
2005,NA,0,0,0,NAM
2005,NA,0,0,0,NER
2005,NA,0,0,0,NGA
2005,NA,0,0,0,RWA
2005,NA,0,0,0,SDN
2005,NA,0,0,0,SEN
2005,NA,0,0,0,SLE
2005,NA,0,0,0,SOM
2005,NA,0,0,0,SSD
2005,NA,0,0,0,STP
2005,NA,0,0,0,SWZ
2005,NA,0,0,0,SYC
2005,NA,0,0,0,TCD
2005,NA,0,0,0,TGO
2005,NA,0,0,0,TUN
2005,NA,0,0,0,TZA
2005,NA,0,0,0,UGA
2005,NA,0,0,0,ZAF
2005,NA,0,0,0,ZMB
2005,NA,0,0,0,ZWE
2006,NA,0,0,0,AGO
2006,NA,0,0,0,BDI
2006,NA,0,1,1,BEN
2006,NA,0,0,0,BFA
2006,NA,0,0,0,BWA
2006,NA,0,0,0,CAF
2006,NA,0,0,0,CIV
2006,NA,0,0,0,CMR
2006,NA,0,0,0,COD
2006,Congo,1,0,1,COG
2006,NA,0,0,0,COM
2006,NA,0,0,0,CPV
2006,NA,0,0,0,DJI
2006,NA,0,1,1,DZA
2006,NA,0,0,0,EGY
2006,NA,0,0,0,ERI
2006,NA,0,0,0,ETH
2006,NA,0,0,0,GAB
2006,Ghana,1,0,1,GHA
2006,NA,0,0,0,GIN
2006,NA,0,0,0,GMB
2006,NA,0,0,0,GNB
2006,NA,0,0,0,GNQ
2006,NA,0,0,0,KEN
2006,NA,0,0,0,LBR
2006,NA,0,0,0,LBY
2006,NA,0,0,0,LSO
2006,NA,0,0,0,MAR
2006,NA,0,0,0,MDG
2006,NA,0,0,0,MLI
2006,NA,0,0,0,MOZ
2006,NA,0,0,0,MRT
2006,NA,0,0,0,MUS
2006,NA,0,0,0,MWI
2006,NA,0,0,0,NAM
2006,NA,0,0,0,NER
2006,NA,0,0,0,NGA
2006,NA,0,0,0,RWA
2006,NA,0,0,0,SDN
2006,NA,0,0,0,SEN
2006,NA,0,0,0,SLE
2006,NA,0,0,0,SOM
2006,NA,0,0,0,SSD
2006,NA,0,0,0,STP
2006,NA,0,0,0,SWZ
2006,NA,0,0,0,SYC
2006,NA,0,0,0,TCD
2006,NA,0,0,0,TGO
2006,NA,0,0,0,TUN
2006,NA,0,0,0,TZA
2006,NA,0,0,0,UGA
2006,NA,0,0,0,ZAF
2006,NA,0,0,0,ZMB
2006,NA,0,0,0,ZWE
2007,NA,0,0,0,AGO
2007,NA,0,0,0,BDI
2007,NA,0,0,0,BEN
2007,NA,0,0,0,BFA
2007,NA,0,0,0,BWA
2007,NA,0,0,0,CAF
2007,NA,0,0,0,CIV
2007,NA,0,0,0,CMR
2007,NA,0,0,0,COD
2007,Congo,1,1,1,COG
2007,NA,0,0,0,COM
2007,NA,0,0,0,CPV
2007,NA,0,0,0,DJI
2007,NA,0,0,0,DZA
2007,NA,0,0,0,EGY
2007,NA,0,0,0,ERI
2007,NA,0,0,0,ETH
2007,NA,0,0,0,GAB
2007,Ghana,1,1,1,GHA
2007,NA,0,0,0,GIN
2007,NA,0,0,0,GMB
2007,NA,0,0,0,GNB
2007,NA,0,0,0,GNQ
2007,NA,0,0,0,KEN
2007,NA,0,0,0,LBR
2007,NA,0,0,0,LBY
2007,NA,0,0,0,LSO
2007,NA,0,0,0,MAR
2007,NA,0,0,0,MDG
2007,NA,0,0,0,MLI
2007,NA,0,0,0,MOZ
2007,NA,0,0,0,MRT
2007,NA,0,0,0,MUS
2007,NA,0,0,0,MWI
2007,NA,0,0,0,NAM
2007,NA,0,0,0,NER
2007,NA,0,0,0,NGA
2007,NA,0,0,0,RWA
2007,NA,0,0,0,SDN
2007,NA,0,0,0,SEN
2007,NA,0,0,0,SLE
2007,NA,0,0,0,SOM
2007,NA,0,0,0,SSD
2007,NA,0,0,0,STP
2007,NA,0,0,0,SWZ
2007,NA,0,0,0,SYC
2007,NA,0,0,0,TCD
2007,NA,0,0,0,TGO
2007,NA,0,0,0,TUN
2007,NA,0,0,0,TZA
2007,NA,0,0,0,UGA
2007,South Africa,1,0,1,ZAF
2007,NA,0,0,0,ZMB
2007,NA,0,0,0,ZWE
2008,NA,0,0,0,AGO
2008,NA,0,0,0,BDI
2008,NA,0,0,0,BEN
2008,Burkina Faso,1,0,1,BFA
2008,NA,0,0,0,BWA
2008,NA,0,0,0,CAF
2008,NA,0,0,0,CIV
2008,NA,0,0,0,CMR
2008,NA,0,0,0,COD
2008,NA,0,1,1,COG
2008,NA,0,0,0,COM
2008,NA,0,0,0,CPV
2008,NA,0,0,0,DJI
2008,NA,0,0,0,DZA
2008,NA,0,0,0,EGY
2008,NA,0,0,0,ERI
2008,NA,0,0,0,ETH
2008,NA,0,0,0,GAB
2008,NA,0,1,1,GHA
2008,NA,0,0,0,GIN
2008,NA,0,0,0,GMB
2008,NA,0,0,0,GNB
2008,NA,0,0,0,GNQ
2008,NA,0,0,0,KEN
2008,NA,0,0,0,LBR
2008,Libya,1,0,1,LBY
2008,NA,0,0,0,LSO
2008,NA,0,0,0,MAR
2008,NA,0,0,0,MDG
2008,NA,0,0,0,MLI
2008,NA,0,0,0,MOZ
2008,NA,0,0,0,MRT
2008,NA,0,0,0,MUS
2008,NA,0,0,0,MWI
2008,NA,0,0,0,NAM
2008,NA,0,0,0,NER
2008,NA,0,0,0,NGA
2008,NA,0,0,0,RWA
2008,NA,0,0,0,SDN
2008,NA,0,0,0,SEN
2008,NA,0,0,0,SLE
2008,NA,0,0,0,SOM
2008,NA,0,0,0,SSD
2008,NA,0,0,0,STP
2008,NA,0,0,0,SWZ
2008,NA,0,0,0,SYC
2008,NA,0,0,0,TCD
2008,NA,0,0,0,TGO
2008,NA,0,0,0,TUN
2008,NA,0,0,0,TZA
2008,NA,0,0,0,UGA
2008,South Africa,1,1,1,ZAF
2008,NA,0,0,0,ZMB
2008,NA,0,0,0,ZWE
2009,NA,0,0,0,AGO
2009,NA,0,0,0,BDI
2009,NA,0,0,0,BEN
2009,Burkina Faso,1,1,1,BFA
2009,NA,0,0,0,BWA
2009,NA,0,0,0,CAF
2009,NA,0,0,0,CIV
2009,NA,0,0,0,CMR
2009,NA,0,0,0,COD
2009,NA,0,0,0,COG
2009,NA,0,0,0,COM
2009,NA,0,0,0,CPV
2009,NA,0,0,0,DJI
2009,NA,0,0,0,DZA
2009,NA,0,0,0,EGY
2009,NA,0,0,0,ERI
2009,NA,0,0,0,ETH
2009,NA,0,0,0,GAB
2009,NA,0,0,0,GHA
2009,NA,0,0,0,GIN
2009,NA,0,0,0,GMB
2009,NA,0,0,0,GNB
2009,NA,0,0,0,GNQ
2009,NA,0,0,0,KEN
2009,NA,0,0,0,LBR
2009,Libya,1,1,1,LBY
2009,NA,0,0,0,LSO
2009,NA,0,0,0,MAR
2009,NA,0,0,0,MDG
2009,NA,0,0,0,MLI
2009,NA,0,0,0,MOZ
2009,NA,0,0,0,MRT
2009,NA,0,0,0,MUS
2009,NA,0,0,0,MWI
2009,NA,0,0,0,NAM
2009,NA,0,0,0,NER
2009,NA,0,0,0,NGA
2009,NA,0,0,0,RWA
2009,NA,0,0,0,SDN
2009,NA,0,0,0,SEN
2009,NA,0,0,0,SLE
2009,NA,0,0,0,SOM
2009,NA,0,0,0,SSD
2009,NA,0,0,0,STP
2009,NA,0,0,0,SWZ
2009,NA,0,0,0,SYC
2009,NA,0,0,0,TCD
2009,NA,0,0,0,TGO
2009,NA,0,0,0,TUN
2009,NA,0,0,0,TZA
2009,Uganda,1,0,1,UGA
2009,NA,0,1,1,ZAF
2009,NA,0,0,0,ZMB
2009,NA,0,0,0,ZWE
2010,NA,0,0,0,AGO
2010,NA,0,0,0,BDI
2010,NA,0,0,0,BEN
2010,NA,0,1,1,BFA
2010,NA,0,0,0,BWA
2010,NA,0,0,0,CAF
2010,NA,0,0,0,CIV
2010,NA,0,0,0,CMR
2010,NA,0,0,0,COD
2010,NA,0,0,0,COG
2010,NA,0,0,0,COM
2010,NA,0,0,0,CPV
2010,NA,0,0,0,DJI
2010,NA,0,0,0,DZA
2010,NA,0,0,0,EGY
2010,NA,0,0,0,ERI
2010,NA,0,0,0,ETH
2010,Gabon,1,0,1,GAB
2010,NA,0,0,0,GHA
2010,NA,0,0,0,GIN
2010,NA,0,0,0,GMB
2010,NA,0,0,0,GNB
2010,NA,0,0,0,GNQ
2010,NA,0,0,0,KEN
2010,NA,0,0,0,LBR
2010,NA,0,1,1,LBY
2010,NA,0,0,0,LSO
2010,NA,0,0,0,MAR
2010,NA,0,0,0,MDG
2010,NA,0,0,0,MLI
2010,NA,0,0,0,MOZ
2010,NA,0,0,0,MRT
2010,NA,0,0,0,MUS
2010,NA,0,0,0,MWI
2010,NA,0,0,0,NAM
2010,NA,0,0,0,NER
2010,Nigeria,1,0,1,NGA
2010,NA,0,0,0,RWA
2010,NA,0,0,0,SDN
2010,NA,0,0,0,SEN
2010,NA,0,0,0,SLE
2010,NA,0,0,0,SOM
2010,NA,0,0,0,SSD
2010,NA,0,0,0,STP
2010,NA,0,0,0,SWZ
2010,NA,0,0,0,SYC
2010,NA,0,0,0,TCD
2010,NA,0,0,0,TGO
2010,NA,0,0,0,TUN
2010,NA,0,0,0,TZA
2010,Uganda,1,1,1,UGA
2010,NA,0,0,0,ZAF
2010,NA,0,0,0,ZMB
2010,NA,0,0,0,ZWE
2011,NA,0,0,0,AGO
2011,NA,0,0,0,BDI
2011,NA,0,0,0,BEN
2011,NA,0,0,0,BFA
2011,NA,0,0,0,BWA
2011,NA,0,0,0,CAF
2011,NA,0,0,0,CIV
2011,NA,0,0,0,CMR
2011,NA,0,0,0,COD
2011,NA,0,0,0,COG
2011,NA,0,0,0,COM
2011,NA,0,0,0,CPV
2011,NA,0,0,0,DJI
2011,NA,0,0,0,DZA
2011,NA,0,0,0,EGY
2011,NA,0,0,0,ERI
2011,NA,0,0,0,ETH
2011,Gabon,1,1,1,GAB
2011,NA,0,0,0,GHA
2011,NA,0,0,0,GIN
2011,NA,0,0,0,GMB
2011,NA,0,0,0,GNB
2011,NA,0,0,0,GNQ
2011,NA,0,0,0,KEN
2011,NA,0,0,0,LBR
2011,NA,0,0,0,LBY
2011,NA,0,0,0,LSO
2011,NA,0,0,0,MAR
2011,NA,0,0,0,MDG
2011,NA,0,0,0,MLI
2011,NA,0,0,0,MOZ
2011,NA,0,0,0,MRT
2011,NA,0,0,0,MUS
2011,NA,0,0,0,MWI
2011,NA,0,0,0,NAM
2011,NA,0,0,0,NER
2011,Nigeria,1,1,1,NGA
2011,NA,0,0,0,RWA
2011,NA,0,0,0,SDN
2011,NA,0,0,0,SEN
2011,NA,0,0,0,SLE
2011,NA,0,0,0,SOM
2011,NA,0,0,0,SSD
2011,NA,0,0,0,STP
2011,NA,0,0,0,SWZ
2011,NA,0,0,0,SYC
2011,NA,0,0,0,TCD
2011,NA,0,0,0,TGO
2011,NA,0,0,0,TUN
2011,NA,0,0,0,TZA
2011,NA,0,1,1,UGA
2011,South Africa,1,0,1,ZAF
2011,NA,0,0,0,ZMB
2011,NA,0,0,0,ZWE
2012,NA,0,0,0,AGO
2012,NA,0,0,0,BDI
2012,NA,0,0,0,BEN
2012,NA,0,0,0,BFA
2012,NA,0,0,0,BWA
2012,NA,0,0,0,CAF
2012,NA,0,0,0,CIV
2012,NA,0,0,0,CMR
2012,NA,0,0,0,COD
2012,NA,0,0,0,COG
2012,NA,0,0,0,COM
2012,NA,0,0,0,CPV
2012,NA,0,0,0,DJI
2012,NA,0,0,0,DZA
2012,NA,0,0,0,EGY
2012,NA,0,0,0,ERI
2012,NA,0,0,0,ETH
2012,NA,0,1,1,GAB
2012,NA,0,0,0,GHA
2012,NA,0,0,0,GIN
2012,NA,0,0,0,GMB
2012,NA,0,0,0,GNB
2012,NA,0,0,0,GNQ
2012,NA,0,0,0,KEN
2012,NA,0,0,0,LBR
2012,NA,0,0,0,LBY
2012,NA,0,0,0,LSO
2012,Morocco,1,0,1,MAR
2012,NA,0,0,0,MDG
2012,NA,0,0,0,MLI
2012,NA,0,0,0,MOZ
2012,NA,0,0,0,MRT
2012,NA,0,0,0,MUS
2012,NA,0,0,0,MWI
2012,NA,0,0,0,NAM
2012,NA,0,0,0,NER
2012,NA,0,1,1,NGA
2012,NA,0,0,0,RWA
2012,NA,0,0,0,SDN
2012,NA,0,0,0,SEN
2012,NA,0,0,0,SLE
2012,NA,0,0,0,SOM
2012,NA,0,0,0,SSD
2012,NA,0,0,0,STP
2012,NA,0,0,0,SWZ
2012,NA,0,0,0,SYC
2012,NA,0,0,0,TCD
2012,Togo,1,0,1,TGO
2012,NA,0,0,0,TUN
2012,NA,0,0,0,TZA
2012,NA,0,0,0,UGA
2012,South Africa,1,1,1,ZAF
2012,NA,0,0,0,ZMB
2012,NA,0,0,0,ZWE
2013,NA,0,0,0,AGO
2013,NA,0,0,0,BDI
2013,NA,0,0,0,BEN
2013,NA,0,0,0,BFA
2013,NA,0,0,0,BWA
2013,NA,0,0,0,CAF
2013,NA,0,0,0,CIV
2013,NA,0,0,0,CMR
2013,NA,0,0,0,COD
2013,NA,0,0,0,COG
2013,NA,0,0,0,COM
2013,NA,0,0,0,CPV
2013,NA,0,0,0,DJI
2013,NA,0,0,0,DZA
2013,NA,0,0,0,EGY
2013,NA,0,0,0,ERI
2013,NA,0,0,0,ETH
2013,NA,0,0,0,GAB
2013,NA,0,0,0,GHA
2013,NA,0,0,0,GIN
2013,NA,0,0,0,GMB
2013,NA,0,0,0,GNB
2013,NA,0,0,0,GNQ
2013,NA,0,0,0,KEN
2013,NA,0,0,0,LBR
2013,NA,0,0,0,LBY
2013,NA,0,0,0,LSO
2013,Morocco,1,1,1,MAR
2013,NA,0,0,0,MDG
2013,NA,0,0,0,MLI
2013,NA,0,0,0,MOZ
2013,NA,0,0,0,MRT
2013,NA,0,0,0,MUS
2013,NA,0,0,0,MWI
2013,NA,0,0,0,NAM
2013,NA,0,0,0,NER
2013,NA,0,0,0,NGA
2013,Rwanda,1,0,1,RWA
2013,NA,0,0,0,SDN
2013,NA,0,0,0,SEN
2013,NA,0,0,0,SLE
2013,NA,0,0,0,SOM
2013,NA,0,0,0,SSD
2013,NA,0,0,0,STP
2013,NA,0,0,0,SWZ
2013,NA,0,0,0,SYC
2013,NA,0,0,0,TCD
2013,Togo,1,1,1,TGO
2013,NA,0,0,0,TUN
2013,NA,0,0,0,TZA
2013,NA,0,0,0,UGA
2013,NA,0,1,1,ZAF
2013,NA,0,0,0,ZMB
2013,NA,0,0,0,ZWE
2014,NA,0,0,0,AGO
2014,NA,0,0,0,BDI
2014,NA,0,0,0,BEN
2014,NA,0,0,0,BFA
2014,NA,0,0,0,BWA
2014,NA,0,0,0,CAF
2014,NA,0,0,0,CIV
2014,NA,0,0,0,CMR
2014,NA,0,0,0,COD
2014,NA,0,0,0,COG
2014,NA,0,0,0,COM
2014,NA,0,0,0,CPV
2014,NA,0,0,0,DJI
2014,NA,0,0,0,DZA
2014,NA,0,0,0,EGY
2014,NA,0,0,0,ERI
2014,NA,0,0,0,ETH
2014,NA,0,0,0,GAB
2014,NA,0,0,0,GHA
2014,NA,0,0,0,GIN
2014,NA,0,0,0,GMB
2014,NA,0,0,0,GNB
2014,NA,0,0,0,GNQ
2014,NA,0,0,0,KEN
2014,NA,0,0,0,LBR
2014,NA,0,0,0,LBY
2014,NA,0,0,0,LSO
2014,NA,0,1,1,MAR
2014,NA,0,0,0,MDG
2014,NA,0,0,0,MLI
2014,NA,0,0,0,MOZ
2014,NA,0,0,0,MRT
2014,NA,0,0,0,MUS
2014,NA,0,0,0,MWI
2014,NA,0,0,0,NAM
2014,NA,0,0,0,NER
2014,Nigeria,1,0,1,NGA
2014,Rwanda,1,1,1,RWA
2014,NA,0,0,0,SDN
2014,NA,0,0,0,SEN
2014,NA,0,0,0,SLE
2014,NA,0,0,0,SOM
2014,NA,0,0,0,SSD
2014,NA,0,0,0,STP
2014,NA,0,0,0,SWZ
2014,NA,0,0,0,SYC
2014,Chad,1,0,1,TCD
2014,NA,0,1,1,TGO
2014,NA,0,0,0,TUN
2014,NA,0,0,0,TZA
2014,NA,0,0,0,UGA
2014,NA,0,0,0,ZAF
2014,NA,0,0,0,ZMB
2014,NA,0,0,0,ZWE
2015,Angola,1,0,1,AGO
2015,NA,0,0,0,BDI
2015,NA,0,0,0,BEN
2015,NA,0,0,0,BFA
2015,NA,0,0,0,BWA
2015,NA,0,0,0,CAF
2015,NA,0,0,0,CIV
2015,NA,0,0,0,CMR
2015,NA,0,0,0,COD
2015,NA,0,0,0,COG
2015,NA,0,0,0,COM
2015,NA,0,0,0,CPV
2015,NA,0,0,0,DJI
2015,NA,0,0,0,DZA
2015,NA,0,0,0,EGY
2015,NA,0,0,0,ERI
2015,NA,0,0,0,ETH
2015,NA,0,0,0,GAB
2015,NA,0,0,0,GHA
2015,NA,0,0,0,GIN
2015,NA,0,0,0,GMB
2015,NA,0,0,0,GNB
2015,NA,0,0,0,GNQ
2015,NA,0,0,0,KEN
2015,NA,0,0,0,LBR
2015,NA,0,0,0,LBY
2015,NA,0,0,0,LSO
2015,NA,0,0,0,MAR
2015,NA,0,0,0,MDG
2015,NA,0,0,0,MLI
2015,NA,0,0,0,MOZ
2015,NA,0,0,0,MRT
2015,NA,0,0,0,MUS
2015,NA,0,0,0,MWI
2015,NA,0,0,0,NAM
2015,NA,0,0,0,NER
2015,Nigeria,1,1,1,NGA
2015,NA,0,1,1,RWA
2015,NA,0,0,0,SDN
2015,NA,0,0,0,SEN
2015,NA,0,0,0,SLE
2015,NA,0,0,0,SOM
2015,NA,0,0,0,SSD
2015,NA,0,0,0,STP
2015,NA,0,0,0,SWZ
2015,NA,0,0,0,SYC
2015,Chad,1,1,1,TCD
2015,NA,0,0,0,TGO
2015,NA,0,0,0,TUN
2015,NA,0,0,0,TZA
2015,NA,0,0,0,UGA
2015,NA,0,0,0,ZAF
2015,NA,0,0,0,ZMB
2015,NA,0,0,0,ZWE
2016,Angola,1,1,1,AGO
2016,NA,0,0,0,BDI
2016,NA,0,0,0,BEN
2016,NA,0,0,0,BFA
2016,NA,0,0,0,BWA
2016,NA,0,0,0,CAF
2016,NA,0,0,0,CIV
2016,NA,0,0,0,CMR
2016,NA,0,0,0,COD
2016,NA,0,0,0,COG
2016,NA,0,0,0,COM
2016,NA,0,0,0,CPV
2016,NA,0,0,0,DJI
2016,NA,0,0,0,DZA
2016,Egypt,1,0,1,EGY
2016,NA,0,0,0,ERI
2016,NA,0,0,0,ETH
2016,NA,0,0,0,GAB
2016,NA,0,0,0,GHA
2016,NA,0,0,0,GIN
2016,NA,0,0,0,GMB
2016,NA,0,0,0,GNB
2016,NA,0,0,0,GNQ
2016,NA,0,0,0,KEN
2016,NA,0,0,0,LBR
2016,NA,0,0,0,LBY
2016,NA,0,0,0,LSO
2016,NA,0,0,0,MAR
2016,NA,0,0,0,MDG
2016,NA,0,0,0,MLI
2016,NA,0,0,0,MOZ
2016,NA,0,0,0,MRT
2016,NA,0,0,0,MUS
2016,NA,0,0,0,MWI
2016,NA,0,0,0,NAM
2016,NA,0,0,0,NER
2016,NA,0,1,1,NGA
2016,NA,0,0,0,RWA
2016,NA,0,0,0,SDN
2016,Senegal,1,0,1,SEN
2016,NA,0,0,0,SLE
2016,NA,0,0,0,SOM
2016,NA,0,0,0,SSD
2016,NA,0,0,0,STP
2016,NA,0,0,0,SWZ
2016,NA,0,0,0,SYC
2016,NA,0,1,1,TCD
2016,NA,0,0,0,TGO
2016,NA,0,0,0,TUN
2016,NA,0,0,0,TZA
2016,NA,0,0,0,UGA
2016,NA,0,0,0,ZAF
2016,NA,0,0,0,ZMB
2016,NA,0,0,0,ZWE
2017,NA,0,1,1,AGO
2017,NA,0,0,0,BDI
2017,NA,0,0,0,BEN
2017,NA,0,0,0,BFA
2017,NA,0,0,0,BWA
2017,NA,0,0,0,CAF
2017,NA,0,0,0,CIV
2017,NA,0,0,0,CMR
2017,NA,0,0,0,COD
2017,NA,0,0,0,COG
2017,NA,0,0,0,COM
2017,NA,0,0,0,CPV
2017,NA,0,0,0,DJI
2017,NA,0,0,0,DZA
2017,Egypt,1,1,1,EGY
2017,NA,0,0,0,ERI
2017,Ethiopia,1,0,1,ETH
2017,NA,0,0,0,GAB
2017,NA,0,0,0,GHA
2017,NA,0,0,0,GIN
2017,NA,0,0,0,GMB
2017,NA,0,0,0,GNB
2017,NA,0,0,0,GNQ
2017,NA,0,0,0,KEN
2017,NA,0,0,0,LBR
2017,NA,0,0,0,LBY
2017,NA,0,0,0,LSO
2017,NA,0,0,0,MAR
2017,NA,0,0,0,MDG
2017,NA,0,0,0,MLI
2017,NA,0,0,0,MOZ
2017,NA,0,0,0,MRT
2017,NA,0,0,0,MUS
2017,NA,0,0,0,MWI
2017,NA,0,0,0,NAM
2017,NA,0,0,0,NER
2017,NA,0,0,0,NGA
2017,NA,0,0,0,RWA
2017,NA,0,0,0,SDN
2017,Senegal,1,1,1,SEN
2017,NA,0,0,0,SLE
2017,NA,0,0,0,SOM
2017,NA,0,0,0,SSD
2017,NA,0,0,0,STP
2017,NA,0,0,0,SWZ
2017,NA,0,0,0,SYC
2017,NA,0,0,0,TCD
2017,NA,0,0,0,TGO
2017,NA,0,0,0,TUN
2017,NA,0,0,0,TZA
2017,NA,0,0,0,UGA
2017,NA,0,0,0,ZAF
2017,NA,0,0,0,ZMB
2017,NA,0,0,0,ZWE
2018,NA,0,0,0,AGO
2018,NA,0,0,0,BDI
2018,NA,0,0,0,BEN
2018,NA,0,0,0,BFA
2018,NA,0,0,0,BWA
2018,NA,0,0,0,CAF
2018,NA,0,0,0,CIV
2018,NA,0,0,0,CMR
2018,NA,0,0,0,COD
2018,NA,0,0,0,COG
2018,NA,0,0,0,COM
2018,NA,0,0,0,CPV
2018,NA,0,0,0,DJI
2018,NA,0,0,0,DZA
2018,NA,0,1,1,EGY
2018,NA,0,0,0,ERI
2018,Ethiopia,1,1,1,ETH
2018,NA,0,0,0,GAB
2018,NA,0,0,0,GHA
2018,NA,0,0,0,GIN
2018,NA,0,0,0,GMB
2018,NA,0,0,0,GNB
2018,Equatorial Guinea,1,0,1,GNQ
2018,NA,0,0,0,KEN
2018,NA,0,0,0,LBR
2018,NA,0,0,0,LBY
2018,NA,0,0,0,LSO
2018,NA,0,0,0,MAR
2018,NA,0,0,0,MDG
2018,NA,0,0,0,MLI
2018,NA,0,0,0,MOZ
2018,NA,0,0,0,MRT
2018,NA,0,0,0,MUS
2018,NA,0,0,0,MWI
2018,NA,0,0,0,NAM
2018,NA,0,0,0,NER
2018,NA,0,0,0,NGA
2018,NA,0,0,0,RWA
2018,NA,0,0,0,SDN
2018,NA,0,1,1,SEN
2018,NA,0,0,0,SLE
2018,NA,0,0,0,SOM
2018,NA,0,0,0,SSD
2018,NA,0,0,0,STP
2018,NA,0,0,0,SWZ
2018,NA,0,0,0,SYC
2018,NA,0,0,0,TCD
2018,NA,0,0,0,TGO
2018,NA,0,0,0,TUN
2018,NA,0,0,0,TZA
2018,NA,0,0,0,UGA
2018,NA,0,0,0,ZAF
2018,NA,0,0,0,ZMB
2018,NA,0,0,0,ZWE
2019,NA,0,0,0,AGO
2019,NA,0,0,0,BDI
2019,NA,0,0,0,BEN
2019,NA,0,0,0,BFA
2019,NA,0,0,0,BWA
2019,NA,0,0,0,CAF
2019,NA,0,0,0,CIV
2019,NA,0,0,0,CMR
2019,NA,0,0,0,COD
2019,NA,0,0,0,COG
2019,NA,0,0,0,COM
2019,NA,0,0,0,CPV
2019,NA,0,0,0,DJI
2019,NA,0,0,0,DZA
2019,NA,0,0,0,EGY
2019,NA,0,0,0,ERI
2019,NA,0,1,1,ETH
2019,NA,0,0,0,GAB
2019,NA,0,0,0,GHA
2019,NA,0,0,0,GIN
2019,NA,0,0,0,GMB
2019,NA,0,0,0,GNB
2019,Equatorial Guinea,1,1,1,GNQ
2019,NA,0,0,0,KEN
2019,NA,0,0,0,LBR
2019,NA,0,0,0,LBY
2019,NA,0,0,0,LSO
2019,NA,0,0,0,MAR
2019,NA,0,0,0,MDG
2019,NA,0,0,0,MLI
2019,NA,0,0,0,MOZ
2019,NA,0,0,0,MRT
2019,NA,0,0,0,MUS
2019,NA,0,0,0,MWI
2019,NA,0,0,0,NAM
2019,NA,0,0,0,NER
2019,NA,0,0,0,NGA
2019,NA,0,0,0,RWA
2019,NA,0,0,0,SDN
2019,NA,0,0,0,SEN
2019,NA,0,0,0,SLE
2019,NA,0,0,0,SOM
2019,NA,0,0,0,SSD
2019,NA,0,0,0,STP
2019,NA,0,0,0,SWZ
2019,NA,0,0,0,SYC
2019,NA,0,0,0,TCD
2019,NA,0,0,0,TGO
2019,NA,0,0,0,TUN
2019,NA,0,0,0,TZA
2019,NA,0,0,0,UGA
2019,South Africa,1,0,1,ZAF
2019,NA,0,0,0,ZMB
2019,NA,0,0,0,ZWE
2020,NA,0,0,0,AGO
2020,NA,0,0,0,BDI
2020,NA,0,0,0,BEN
2020,NA,0,0,0,BFA
2020,NA,0,0,0,BWA
2020,NA,0,0,0,CAF
2020,NA,0,0,0,CIV
2020,NA,0,0,0,CMR
2020,NA,0,0,0,COD
2020,NA,0,0,0,COG
2020,NA,0,0,0,COM
2020,NA,0,0,0,CPV
2020,NA,0,0,0,DJI
2020,NA,0,0,0,DZA
2020,NA,0,0,0,EGY
2020,NA,0,0,0,ERI
2020,NA,0,0,0,ETH
2020,NA,0,0,0,GAB
2020,NA,0,0,0,GHA
2020,NA,0,0,0,GIN
2020,NA,0,0,0,GMB
2020,NA,0,0,0,GNB
2020,NA,0,1,1,GNQ
2020,NA,0,0,0,KEN
2020,NA,0,0,0,LBR
2020,NA,0,0,0,LBY
2020,NA,0,0,0,LSO
2020,NA,0,0,0,MAR
2020,NA,0,0,0,MDG
2020,NA,0,0,0,MLI
2020,NA,0,0,0,MOZ
2020,NA,0,0,0,MRT
2020,NA,0,0,0,MUS
2020,NA,0,0,0,MWI
2020,NA,0,0,0,NAM
2020,Niger,1,0,1,NER
2020,NA,0,0,0,NGA
2020,NA,0,0,0,RWA
2020,NA,0,0,0,SDN
2020,NA,0,0,0,SEN
2020,NA,0,0,0,SLE
2020,NA,0,0,0,SOM
2020,NA,0,0,0,SSD
2020,NA,0,0,0,STP
2020,NA,0,0,0,SWZ
2020,NA,0,0,0,SYC
2020,NA,0,0,0,TCD
2020,NA,0,0,0,TGO
2020,Tunisia,1,0,1,TUN
2020,NA,0,0,0,TZA
2020,NA,0,0,0,UGA
2020,South Africa,1,1,1,ZAF
2020,NA,0,0,0,ZMB
2020,NA,0,0,0,ZWE
2021,NA,0,0,0,AGO
2021,NA,0,0,0,BDI
2021,NA,0,0,0,BEN
2021,NA,0,0,0,BFA
2021,NA,0,0,0,BWA
2021,NA,0,0,0,CAF
2021,NA,0,0,0,CIV
2021,NA,0,0,0,CMR
2021,NA,0,0,0,COD
2021,NA,0,0,0,COG
2021,NA,0,0,0,COM
2021,NA,0,0,0,CPV
2021,NA,0,0,0,DJI
2021,NA,0,0,0,DZA
2021,NA,0,0,0,EGY
2021,NA,0,0,0,ERI
2021,NA,0,0,0,ETH
2021,NA,0,0,0,GAB
2021,NA,0,0,0,GHA
2021,NA,0,0,0,GIN
2021,NA,0,0,0,GMB
2021,NA,0,0,0,GNB
2021,NA,0,0,0,GNQ
2021,Kenya,1,0,1,KEN
2021,NA,0,0,0,LBR
2021,NA,0,0,0,LBY
2021,NA,0,0,0,LSO
2021,NA,0,0,0,MAR
2021,NA,0,0,0,MDG
2021,NA,0,0,0,MLI
2021,NA,0,0,0,MOZ
2021,NA,0,0,0,MRT
2021,NA,0,0,0,MUS
2021,NA,0,0,0,MWI
2021,NA,0,0,0,NAM
2021,Niger,1,1,1,NER
2021,NA,0,0,0,NGA
2021,NA,0,0,0,RWA
2021,NA,0,0,0,SDN
2021,NA,0,0,0,SEN
2021,NA,0,0,0,SLE
2021,NA,0,0,0,SOM
2021,NA,0,0,0,SSD
2021,NA,0,0,0,STP
2021,NA,0,0,0,SWZ
2021,NA,0,0,0,SYC
2021,NA,0,0,0,TCD
2021,NA,0,0,0,TGO
2021,Tunisia,1,1,1,TUN
2021,NA,0,0,0,TZA
2021,NA,0,0,0,UGA
2021,NA,0,1,1,ZAF
2021,NA,0,0,0,ZMB
2021,NA,0,0,0,ZWE
2022,NA,0,0,0,AGO
2022,NA,0,0,0,BDI
2022,NA,0,0,0,BEN
2022,NA,0,0,0,BFA
2022,NA,0,0,0,BWA
2022,NA,0,0,0,CAF
2022,NA,0,0,0,CIV
2022,NA,0,0,0,CMR
2022,NA,0,0,0,COD
2022,NA,0,0,0,COG
2022,NA,0,0,0,COM
2022,NA,0,0,0,CPV
2022,NA,0,0,0,DJI
2022,NA,0,0,0,DZA
2022,NA,0,0,0,EGY
2022,NA,0,0,0,ERI
2022,NA,0,0,0,ETH
2022,Gabon,1,0,1,GAB
2022,Ghana,1,0,1,GHA
2022,NA,0,0,0,GIN
2022,NA,0,0,0,GMB
2022,NA,0,0,0,GNB
2022,NA,0,0,0,GNQ
2022,Kenya,1,1,1,KEN
2022,NA,0,0,0,LBR
2022,NA,0,0,0,LBY
2022,NA,0,0,0,LSO
2022,NA,0,0,0,MAR
2022,NA,0,0,0,MDG
2022,NA,0,0,0,MLI
2022,NA,0,0,0,MOZ
2022,NA,0,0,0,MRT
2022,NA,0,0,0,MUS
2022,NA,0,0,0,MWI
2022,NA,0,0,0,NAM
2022,NA,0,1,1,NER
2022,NA,0,0,0,NGA
2022,NA,0,0,0,RWA
2022,NA,0,0,0,SDN
2022,NA,0,0,0,SEN
2022,NA,0,0,0,SLE
2022,NA,0,0,0,SOM
2022,NA,0,0,0,SSD
2022,NA,0,0,0,STP
2022,NA,0,0,0,SWZ
2022,NA,0,0,0,SYC
2022,NA,0,0,0,TCD
2022,NA,0,0,0,TGO
2022,NA,0,1,1,TUN
2022,NA,0,0,0,TZA
2022,NA,0,0,0,UGA
2022,NA,0,0,0,ZAF
2022,NA,0,0,0,ZMB
2022,NA,0,0,0,ZWE
2023,NA,0,0,0,AGO
2023,NA,0,0,0,BDI
2023,NA,0,0,0,BEN
2023,NA,0,0,0,BFA
2023,NA,0,0,0,BWA
2023,NA,0,0,0,CAF
2023,NA,0,0,0,CIV
2023,NA,0,0,0,CMR
2023,NA,0,0,0,COD
2023,NA,0,0,0,COG
2023,NA,0,0,0,COM
2023,NA,0,0,0,CPV
2023,NA,0,0,0,DJI
2023,NA,0,0,0,DZA
2023,NA,0,0,0,EGY
2023,NA,0,0,0,ERI
2023,NA,0,0,0,ETH
2023,Gabon,1,1,1,GAB
2023,Ghana,1,1,1,GHA
2023,NA,0,0,0,GIN
2023,NA,0,0,0,GMB
2023,NA,0,0,0,GNB
2023,NA,0,0,0,GNQ
2023,NA,0,1,1,KEN
2023,NA,0,0,0,LBR
2023,NA,0,0,0,LBY
2023,NA,0,0,0,LSO
2023,NA,0,0,0,MAR
2023,NA,0,0,0,MDG
2023,NA,0,0,0,MLI
2023,Mozambique,1,0,1,MOZ
2023,NA,0,0,0,MRT
2023,NA,0,0,0,MUS
2023,NA,0,0,0,MWI
2023,NA,0,0,0,NAM
2023,NA,0,0,0,NER
2023,NA,0,0,0,NGA
2023,NA,0,0,0,RWA
2023,NA,0,0,0,SDN
2023,NA,0,0,0,SEN
2023,NA,0,0,0,SLE
2023,NA,0,0,0,SOM
2023,NA,0,0,0,SSD
2023,NA,0,0,0,STP
2023,NA,0,0,0,SWZ
2023,NA,0,0,0,SYC
2023,NA,0,0,0,TCD
2023,NA,0,0,0,TGO
2023,NA,0,0,0,TUN
2023,NA,0,0,0,TZA
2023,NA,0,0,0,UGA
2023,NA,0,0,0,ZAF
2023,NA,0,0,0,ZMB
2023,NA,0,0,0,ZWE
2024,NA,0,0,0,AGO
2024,NA,0,0,0,BDI
2024,NA,0,0,0,BEN
2024,NA,0,0,0,BFA
2024,NA,0,0,0,BWA
2024,NA,0,0,0,CAF
2024,NA,0,0,0,CIV
2024,NA,0,0,0,CMR
2024,NA,0,0,0,COD
2024,NA,0,0,0,COG
2024,NA,0,0,0,COM
2024,NA,0,0,0,CPV
2024,NA,0,0,0,DJI
2024,Algeria,1,0,1,DZA
2024,NA,0,0,0,EGY
2024,NA,0,0,0,ERI
2024,NA,0,0,0,ETH
2024,NA,0,1,1,GAB
2024,NA,0,1,1,GHA
2024,NA,0,0,0,GIN
2024,NA,0,0,0,GMB
2024,NA,0,0,0,GNB
2024,NA,0,0,0,GNQ
2024,NA,0,0,0,KEN
2024,NA,0,0,0,LBR
2024,NA,0,0,0,LBY
2024,NA,0,0,0,LSO
2024,NA,0,0,0,MAR
2024,NA,0,0,0,MDG
2024,NA,0,0,0,MLI
2024,Mozambique,1,1,1,MOZ
2024,NA,0,0,0,MRT
2024,NA,0,0,0,MUS
2024,NA,0,0,0,MWI
2024,NA,0,0,0,NAM
2024,NA,0,0,0,NER
2024,NA,0,0,0,NGA
2024,NA,0,0,0,RWA
2024,NA,0,0,0,SDN
2024,NA,0,0,0,SEN
2024,Sierra Leone,1,0,1,SLE
2024,NA,0,0,0,SOM
2024,NA,0,0,0,SSD
2024,NA,0,0,0,STP
2024,NA,0,0,0,SWZ
2024,NA,0,0,0,SYC
2024,NA,0,0,0,TCD
2024,NA,0,0,0,TGO
2024,NA,0,0,0,TUN
2024,NA,0,0,0,TZA
2024,NA,0,0,0,UGA
2024,NA,0,0,0,ZAF
2024,NA,0,0,0,ZMB
2024,NA,0,0,0,ZWE
2025,NA,0,0,0,AGO
2025,NA,0,0,0,BDI
2025,NA,0,0,0,BEN
2025,NA,0,0,0,BFA
2025,NA,0,0,0,BWA
2025,NA,0,0,0,CAF
2025,NA,0,0,0,CIV
2025,NA,0,0,0,CMR
2025,NA,0,0,0,COD
2025,NA,0,0,0,COG
2025,NA,0,0,0,COM
2025,NA,0,0,0,CPV
2025,NA,0,0,0,DJI
2025,Algeria,1,1,1,DZA
2025,NA,0,0,0,EGY
2025,NA,0,0,0,ERI
2025,NA,0,0,0,ETH
2025,NA,0,0,0,GAB
2025,NA,0,0,0,GHA
2025,NA,0,0,0,GIN
2025,NA,0,0,0,GMB
2025,NA,0,0,0,GNB
2025,NA,0,0,0,GNQ
2025,NA,0,0,0,KEN
2025,NA,0,0,0,LBR
2025,NA,0,0,0,LBY
2025,NA,0,0,0,LSO
2025,NA,0,0,0,MAR
2025,NA,0,0,0,MDG
2025,NA,0,0,0,MLI
2025,NA,0,1,1,MOZ
2025,NA,0,0,0,MRT
2025,NA,0,0,0,MUS
2025,NA,0,0,0,MWI
2025,NA,0,0,0,NAM
2025,NA,0,0,0,NER
2025,NA,0,0,0,NGA
2025,NA,0,0,0,RWA
2025,NA,0,0,0,SDN
2025,NA,0,0,0,SEN
2025,Sierra Leone,1,1,1,SLE
2025,Somalia,1,0,1,SOM
2025,NA,0,0,0,SSD
2025,NA,0,0,0,STP
2025,NA,0,0,0,SWZ
2025,NA,0,0,0,SYC
2025,NA,0,0,0,TCD
2025,NA,0,0,0,TGO
2025,NA,0,0,0,TUN
2025,NA,0,0,0,TZA
2025,NA,0,0,0,UGA
2025,NA,0,0,0,ZAF
2025,NA,0,0,0,ZMB
2025,NA,0,0,0,ZWE
