"ISO3","Year","unsc","unsc_t1","unsc3","nrcondtype_pc","nrcondtype_pa","nrcondtype_sb","nrcondtype_all","avgcondtype_all","avgcondtype_pc","avgcondtype_pa","avgcondtype_sb","FuelExportPct","MineralExportPct","XDebtGNI","DebtServGNI","ResXDebt","Rohstoffabhängigkeit","total_cond","rohstoff_cond","stabil_cond","sonstige_cond","rohstoff_cond_share","stabil_cond_share"
"AGO",2002,0,0,0,0,0,0,0,0,0,0,0,NA,NA,NA,NA,NA,NA,NA,0,0,0,0,0
"AGO",2003,1,0,1,0,0,0,0,0,0,0,0,NA,NA,NA,NA,NA,NA,NA,0,0,0,0,0
"AGO",2004,1,1,1,0,0,0,0,0,0,0,0,NA,NA,NA,NA,NA,NA,NA,0,0,0,0,0
"AGO",2005,0,0,0,0,0,0,0,0,0,0,0,NA,NA,NA,NA,NA,NA,NA,0,0,0,0,0
"AGO",2006,0,0,0,0,0,0,0,0,0,0,0,NA,NA,NA,NA,NA,NA,NA,0,0,0,0,0
"AGO",2007,0,0,0,0,0,0,0,0,0,0,0,97.2265175257191,2.6754262387962,97.2256307002466,19.008,93.7613880101388,99.9019437645153,NA,0,0,0,0,0
"AGO",2008,0,0,0,0,0,0,0,0,0,0,0,97.6960413340041,1.91922873173295,108.680408742706,15.3285,114.576685452338,99.615270065737,NA,0,0,0,0,0
"AGO",2009,0,0,0,0,27,143,170,9,0,1.43333333333333,7.56666666666666,97.9163484511435,2.00203147222072,102.263183257504,12.7855,67.3862436646591,99.9183799233642,170,0,86,84,0,86
"AGO",2010,0,0,0,0,0,0,0,0,0,0,0,97.9075489248038,2.03762931763898,90.9940631357987,17.0463,73.4399741115108,99.9451782424428,NA,0,0,0,0,0
"AGO",2011,0,0,0,0,0,0,0,0,0,0,0,98.1409863974632,1.82030992184898,89.0369443426985,17.479,77.9703283174297,99.9612963193122,NA,0,0,0,0,0
"AGO",2012,0,0,0,0,0,0,0,0,0,0,0,98.3701689632146,1.56671577949772,81.939478548327,24.0455,86.1647996818561,99.9368847427123,NA,0,0,0,0,0
"AGO",2013,0,0,0,0,0,0,0,0,0,0,0,98.2172596289667,1.70731149604581,77.3498013719917,26.1625,72.666055277642,99.9245711250125,NA,0,0,0,0,0
"AGO",2014,0,0,0,0,0,0,0,0,0,0,0,97.7227216005661,2.18366735941927,69.5801424480502,16.6796,58.8627891798385,99.9063889599854,NA,0,0,0,0,0
"AGO",2015,0,0,0,0,0,0,0,0,0,0,0,94.0159079753161,3.24392135052176,54.9793808780995,12.4058,48.779569003636,97.2598293258379,NA,0,0,0,0,0
"AGO",2016,0,0,0,0,0,0,0,0,0,0,0,92.7010547736293,3.5430584083964,46.3256130571521,7.6677,41.2162687466478,96.2441131820257,NA,0,0,0,0,0
"AGO",2017,0,0,0,0,0,0,0,0,0,0,0,94.6912550619684,3.2888111877969,44.9963253203189,6.3121,29.7132790690209,97.9800662497653,NA,0,0,0,0,0
"AGO",2018,0,0,0,0,27,281,308,12.6378205128205,0,1.11217948717949,11.525641025641,95.6723202169276,2.9599977992618,58.2698953890633,4.5827,24.9393651478579,98.6323180161894,308,5,104,199,5,104
"AGO",2019,0,0,0,0,0,0,0,0,0,0,0,95.2492483273439,3.54452524881699,60.3713068739603,4.147,26.2229690528548,98.7937735761609,NA,0,0,0,0,0
"AGO",2020,0,0,0,0,0,0,0,0,0,0,0,93.0512900749378,5.37285733742943,54.6604030683749,8.1806,21.0716867255243,98.4241474123672,NA,0,0,0,0,0
"AGO",2021,0,0,0,0,0,0,0,0,0,0,0,94.1637464395459,4.73446732916134,62.5287705320674,7.0271,21.9148430807675,98.8982137687073,NA,0,0,0,0,0
"AGO",2022,0,0,0,0,0,0,0,0,0,0,0,94.9233435630702,4.13015252901342,56.5380722280743,6.9361,22.5900353584516,99.0534960920836,NA,0,0,0,0,0
"AGO",2023,0,0,0,0,0,0,0,0,0,0,0,94.1710862801417,4.34074978568308,53.6070126498686,8.6092,24.3432052453284,98.5118360658248,NA,0,0,0,0,0
"AGO",2024,0,0,0,0,0,0,0,0,0,0,0,94.1347736309318,4.35688565012152,49.8489506740963,9.8896,24.2502122332294,98.4916592810533,NA,0,0,0,0,0
"AGO",2025,0,0,0,0,0,0,0,0,0,0,0,NA,NA,NA,NA,NA,NA,NA,0,0,0,0,0
"CAF",2002,0,0,0,0,0,0,0,0,0,0,0,0.0778653069442277,21.7486667328819,36.1085647794782,4.9853,11.891594709964,21.8265320398261,NA,0,0,0,0,0
"CAF",2003,0,0,0,0,0,0,0,0,0,0,0,0,36.5638934976707,36.2312260023474,9.6419,13.0640736002624,36.5638934976707,NA,0,0,0,0,0
"CAF",2004,0,0,0,0,0,0,0,0,0,0,0,0.183133391819856,36.7893669865716,33.2439549188203,10.1609,13.9069490660465,36.9725003783915,NA,0,0,0,0,0
"CAF",2005,0,0,0,0,0,0,0,0,0,0,0,0.399435923020329,17.7717761821553,35.0709368656226,11.7864,13.885792066983,18.1712121051756,NA,0,0,0,0,0
"CAF",2006,0,0,0,73,24,100,197,4.84623015873016,1.84920634920635,0.589285714285714,2.4077380952381,0.0134845615699792,15.7146700640248,36.3958702287378,12.2,12.6420101867723,15.7281546255948,197,53,37,109,53,37
"CAF",2007,0,0,0,0,0,0,0,0,0,0,0,NA,NA,NA,NA,NA,NA,NA,0,0,0,0,0
"CAF",2008,0,0,0,0,0,0,0,0,0,0,0,0.0243624066926479,35.656003903309,34.4375218095517,10.2541,13.1889635627955,35.6803663100016,NA,0,0,0,0,0
"CAF",2009,0,0,0,0,0,0,0,0,0,0,0,NA,NA,NA,NA,NA,NA,NA,0,0,0,0,0
"CAF",2010,0,0,0,0,0,0,0,0,0,0,0,NA,NA,NA,NA,NA,NA,NA,0,0,0,0,0
"CAF",2011,0,0,0,0,0,0,0,0,0,0,0,0.544915903295515,60.6801604344611,34.4756183327299,21.6758,24.9008193588016,61.2250763377566,NA,0,0,0,0,0
"CAF",2012,0,0,0,0,2,14,16,2,0,0.25,1.75,0.046403868360573,57.8085217674326,33.0594485943314,17.3583,25.1925333983863,57.8549256357932,16,4,5,7,4,5
"CAF",2013,0,0,0,0,0,0,0,0,0,0,0,0.0930612129794418,45.7112889245984,38.3992875721315,17.6055,29.7593462953722,45.8043501375778,NA,0,0,0,0,0
"CAF",2014,0,0,0,0,0,0,0,0,0,0,0,NA,NA,NA,NA,NA,NA,NA,0,0,0,0,0
"CAF",2015,0,0,0,0,0,0,0,0,0,0,0,0.0112891940575805,0.0123609137787959,53.1451477769621,15.3536,28.8806540410498,0.0236501078363764,NA,0,0,0,0,0
"CAF",2016,0,0,0,0,28,162,190,7.76923076923077,0,1.15064102564103,6.61858974358972,0.0462492040248339,2.19732333466574,50.53064402191,15.0567,32.2353111184096,2.24357253869057,190,17,82,97,17,82
"CAF",2017,0,0,0,0,0,0,0,0,0,0,0,0.00690133272476388,3.71771062746912,57.1435457117119,14.4923,46.9404234809343,3.72461196019388,NA,0,0,0,0,0
"CAF",2018,0,0,0,0,0,0,0,0,0,0,0,0.0234095847313264,13.9117395814817,49.6602000024318,13.3622,43.3160280578681,13.935149166213,NA,0,0,0,0,0
"CAF",2019,0,0,0,0,7,17,24,1.13333333333333,0,0.333333333333333,0.8,0.0113438958450479,4.84862130405419,50.0658000014868,14.3762,40.3703328528045,4.85996519989924,24,2,6,16,2,6
"CAF",2020,0,0,0,0,0,0,0,0,0,0,0,0.0394378095226582,16.7055945931343,49.5210200011921,13.6393,47.6481324976744,16.745032402657,NA,0,0,0,0,0
"CAF",2021,0,0,0,0,0,0,0,0,0,0,0,NA,NA,NA,NA,NA,NA,NA,0,0,0,0,0
"CAF",2022,0,0,0,0,0,0,0,0,0,0,0,NA,NA,NA,NA,NA,NA,NA,0,0,0,0,0
"CAF",2023,0,0,0,0,22,66,88,6.76923076923077,0,1.69230769230769,5.07692307692308,0.00634066374558888,12.6689665953919,43.480570208358,11.3823,44.2634270780256,12.6753072591375,88,27,19,42,27,19
"CAF",2024,0,0,0,0,0,0,0,0,0,0,0,0.0317291209436773,6.31887204148749,46.4318999802251,12.0915,46.7811591431958,6.35060116243117,NA,0,0,0,0,0
"CAF",2025,0,0,0,0,0,0,0,0,0,0,0,NA,NA,NA,NA,NA,NA,NA,0,0,0,0,0
"CMR",2002,0,0,0,0,0,0,0,0,0,0,0,49.1868871430921,4.32423576866907,48.4817227279603,7.1519,6.22143057840454,53.5111229117612,NA,0,0,0,0,0
"CMR",2003,0,0,0,0,0,0,0,0,0,0,0,48.803399799567,4.15754299713749,40.2431925894529,3.1607,5.71639891918845,52.9609427967045,NA,0,0,0,0,0
"CMR",2004,0,0,0,0,0,0,0,0,0,0,0,46.6846802011435,5.06553789677676,41.8377424272557,5.0473,7.76019760785096,51.7502180979203,NA,0,0,0,0,0
"CMR",2005,0,0,0,59,0,288,347,14.0032051282051,2.38782051282051,0,11.6153846153846,56.8647779866486,4.78205402791316,44.9976813478478,4.3352,12.5290160988282,61.6468320145618,347,63,95,214,63,95
"CMR",2006,0,0,0,0,0,0,0,0,0,0,0,61.6106111571056,4.90759445036331,47.1044341803567,14.4225,50.7600827145247,66.5182056074689,NA,0,0,0,0,0
"CMR",2007,0,0,0,0,0,0,0,0,0,0,0,58.6794429285353,6.16185982086304,53.2156908605178,7.6969,95.0152645333972,64.8413027493983,NA,0,0,0,0,0
"CMR",2008,0,0,0,0,0,0,0,0,0,0,0,1.24518390839419,12.7081290276679,56.9244171562734,1.4227,109.779667994316,13.9533129360621,NA,0,0,0,0,0
"CMR",2009,0,0,0,0,0,0,0,0,0,0,0,0.945267159471339,7.39040789002304,42.1761073594765,0.0784,113.535907056318,8.33567504949438,NA,0,0,0,0,0
"CMR",2010,0,0,0,0,0,0,0,0,0,0,0,49.5472804943068,3.60510444872873,47.2385853965951,0.272,114.183043856849,53.1523849430355,NA,0,0,0,0,0
"CMR",2011,0,0,0,0,0,0,0,0,0,0,0,0.551609714806202,6.44601946508511,51.521987603918,2.1975,103.367125077433,6.99762917989131,NA,0,0,0,0,0
"CMR",2012,0,0,0,0,0,0,0,0,0,0,0,55.5396293908856,2.13266836486717,50.0360127271229,4.043,86.9544830110998,57.6722977557528,NA,0,0,0,0,0
"CMR",2013,0,0,0,0,0,0,0,0,0,0,0,55.9326563524093,2.07848274318292,49.6745363462134,8.5462,67.0530403516837,58.0111390955922,NA,0,0,0,0,0
"CMR",2014,0,0,0,0,0,0,0,0,0,0,0,56.3232193165714,3.963613992554,50.8323893087648,3.0687,54.9509016284584,60.2868333091254,NA,0,0,0,0,0
"CMR",2015,0,0,0,0,0,0,0,0,0,0,0,45.3849961218768,4.57387519048093,45.5401468279393,4.0911,48.409325339474,49.9588713123577,NA,0,0,0,0,0
"CMR",2016,0,0,0,0,0,0,0,0,0,0,0,7.69262542590537,7.2820530562766,40.6386315268268,3.3265,28.2084014112616,14.974678482182,NA,0,0,0,0,0
"CMR",2017,0,0,0,0,54,409,463,18.8621794871795,0,2.20192307692307,16.6602564102564,43.4494115764582,5.59093811728154,39.1990216052629,5.2499,31.8093315326756,49.0403496937397,463,47,174,247,47,174
"CMR",2018,0,0,0,0,0,0,0,0,0,0,0,50.2692747814106,3.6994540520828,40.587602877028,3.9373,31.4343692468823,53.9687288334934,NA,0,0,0,0,0
"CMR",2019,0,0,0,0,0,0,0,0,0,0,0,54.0894133743251,2.87678049882067,43.3785132480415,2.918,28.7746550176534,56.9661938731458,NA,0,0,0,0,0
"CMR",2020,0,0,0,0,0,0,0,0,0,0,0,45.6083100375046,3.30322583764507,33.7388313623871,2.5008,26.9077020955959,48.9115358751497,NA,0,0,0,0,0
"CMR",2021,0,0,0,0,0,0,0,0,0,0,0,51.8663592754246,2.0203363785866,36.7308347188558,4.2269,27.9608443681917,53.8866956540112,540,53,197,302,53,197
"CMR",2022,0,0,0,0,0,0,0,0,0,0,0,62.1174175971395,1.70198514355599,41.2866025594679,5.8098,33.9456107572576,63.8194027406955,NA,0,0,0,0,0
"CMR",2023,0,0,0,0,0,0,0,0,0,0,0,54.0712041809673,2.21406928262342,37.8903321242578,5.5705,31.6974350057547,56.2852734635907,NA,0,0,0,0,0
"CMR",2024,0,0,0,0,0,0,0,0,0,0,0,NA,NA,NA,NA,NA,NA,NA,0,0,0,0,0
"CMR",2025,0,0,0,0,0,0,0,0,0,0,0,NA,NA,NA,NA,NA,NA,NA,0,0,0,0,0
"COM",2002,0,0,0,0,0,0,0,0,0,0,0,NA,NA,NA,NA,NA,NA,NA,0,0,0,0,0
"COM",2003,0,0,0,0,0,0,0,0,0,0,0,NA,NA,NA,NA,NA,NA,NA,0,0,0,0,0
"COM",2004,0,0,0,0,0,0,0,0,0,0,0,NA,NA,NA,NA,NA,NA,NA,0,0,0,0,0
"COM",2005,0,0,0,0,0,0,0,0,0,0,0,NA,NA,NA,NA,NA,NA,NA,0,0,0,0,0
"COM",2006,0,0,0,0,0,0,0,0,0,0,0,NA,NA,NA,NA,NA,NA,NA,0,0,0,0,0
"COM",2007,0,0,0,0,0,0,0,0,0,0,0,NA,NA,NA,NA,NA,NA,NA,0,0,0,0,0
"COM",2008,0,0,0,0,0,0,0,0,0,0,0,NA,NA,NA,NA,NA,NA,NA,0,0,0,0,0
"COM",2009,0,0,0,0,52,202,254,8.24264705882355,0,1.72549019607843,6.5171568627451,0.0236698103289717,0.0372923820621511,37.8969223253542,1.6544,52.6209862986815,0.0609621923911228,254,30,42,182,30,42
"COM",2010,0,0,0,0,0,0,0,0,0,0,0,0.054577510381983,0.813905646134158,39.5501057977388,1.5889,52.4746999105647,0.868483156516141,NA,0,0,0,0,0
"COM",2011,0,0,0,0,0,0,0,0,0,0,0,0.0700598923083429,0.847733671298026,40.0009485841888,1.6951,56.6013217544776,0.917793563606369,NA,0,0,0,0,0
"COM",2012,0,0,0,0,0,0,0,0,0,0,0,0.017388494580408,0.110774025742152,40.8104424055408,1.635,77.2903306337581,0.12816252032256,NA,0,0,0,0,0
"COM",2013,0,0,0,0,0,0,0,0,0,0,0,3.01260153144996e-05,0.0203651863526018,39.2433304243612,1.1261,122.094321825014,0.0203953123679163,NA,0,0,0,0,0
"COM",2014,0,0,0,0,0,0,0,0,0,0,0,1.60903288612314,0.0618031951656029,39.2358265722767,1.1693,125.122443178617,1.67083608128874,NA,0,0,0,0,0
"COM",2015,0,0,0,0,0,0,0,0,0,0,0,5.64070725443839e-05,0.0444425057124696,37.8049520714563,1.1727,159.68006461965,0.044498912785014,NA,0,0,0,0,0
"COM",2016,0,0,0,0,0,0,0,0,0,0,0,NA,NA,NA,NA,NA,NA,NA,0,0,0,0,0
"COM",2017,0,0,0,0,0,0,0,0,0,0,0,0.00887808919349842,0.126857513563295,40.164358921352,0.6066,114.442183950465,0.135735602756793,NA,0,0,0,0,0
"COM",2018,0,0,0,0,0,0,0,0,0,0,0,4.1336953696259e-05,0.0877257182600293,42.996153341343,0.4622,74.5404372268097,0.0877670552137256,NA,0,0,0,0,0
"COM",2019,0,0,0,0,0,0,0,0,0,0,0,0.0252436299290411,0.318173040040997,42.2680785350184,0.7004,74.6245257633542,0.343416669970038,NA,0,0,0,0,0
"COM",2020,0,0,0,0,0,0,0,0,0,0,0,5.36366319081788e-05,0.75010829723588,33.7299346157491,0.4974,96.5614296607085,0.750161933867788,NA,0,0,0,0,0
"COM",2021,0,0,0,0,0,0,0,0,0,0,0,0.0512060681375277,6.54854738738506,42.0677236496077,0.4191,93.7915551733444,6.59975345552259,NA,0,0,0,0,0
"COM",2022,0,0,0,0,0,0,0,0,0,0,0,0.0130202623394348,0.517962654358925,50.3887704882382,0.432,78.3609845229889,0.53098291669836,NA,0,0,0,0,0
"COM",2023,0,0,0,0,27,165,192,12,0,1.6875,10.3125,0.00485457345334166,1.23197156881377,44.4398634497089,0.1187,85.0235095063537,1.23682614226711,192,9,61,122,9,61
"COM",2024,0,0,0,0,0,0,0,0,0,0,0,NA,NA,NA,NA,NA,NA,NA,0,0,0,0,0
"COM",2025,0,0,0,0,0,0,0,0,0,0,0,NA,NA,NA,NA,NA,NA,NA,0,0,0,0,0
"CPV",2002,0,0,0,42,14,79,135,3.74048174048174,1.16608391608391,0.390442890442891,2.18395493395493,NA,NA,NA,NA,NA,NA,135,34,50,65,34,50
"CPV",2003,0,0,0,0,0,0,0,0,0,0,0,NA,NA,NA,NA,NA,NA,NA,0,0,0,0,0
"CPV",2004,0,0,0,0,0,0,0,0,0,0,0,NA,NA,NA,NA,NA,NA,NA,0,0,0,0,0
"CPV",2005,0,0,0,0,0,0,0,0,0,0,0,0,0.0246615055571856,104.343839857053,0.1968,36.5232961207803,0.0246615055571856,NA,0,0,0,0,0
"CPV",2006,0,0,0,0,0,0,0,0,0,0,0,0,0.252610584713906,117.816697232822,0.1375,48.5575617849621,0.252610584713906,266,24,35,207,24,35
"CPV",2007,0,0,0,0,0,0,0,0,0,0,0,0,0,94.2062075432498,0.2216,62.7754131414544,0,NA,0,0,0,0,0
"CPV",2008,0,0,0,0,0,0,0,0,0,0,0,NA,NA,NA,NA,NA,NA,NA,0,0,0,0,0
"CPV",2009,0,0,0,0,0,0,0,0,0,0,0,0,0.665352818458037,80.4609561322904,0.2013,54.9109287999501,0.665352818458037,NA,0,0,0,0,0
"CPV",2010,0,0,0,0,0,0,0,0,0,0,0,0,0.886651706391125,85.5484498816191,0,43.1904364200831,0.886651706391125,32,0,13,19,0,13
"CPV",2011,0,0,0,0,0,0,0,0,0,0,0,0.000586435277576983,0.942327818292646,90.5564501122747,0,32.5118356177342,0.942914253570223,NA,0,0,0,0,0
"CPV",2012,0,0,0,0,0,0,0,0,0,0,0,0,8.96488802989324e-05,90.649916554117,22.3191,23.3776106102284,8.96488802989324e-05,NA,0,0,0,0,0
"CPV",2013,0,0,0,0,0,0,0,0,0,0,0,NA,NA,NA,NA,NA,NA,NA,0,0,0,0,0
"CPV",2014,0,0,0,0,0,0,0,0,0,0,0,NA,NA,NA,NA,NA,NA,NA,0,0,0,0,0
"CPV",2015,0,0,0,0,0,0,0,0,0,0,0,NA,NA,NA,NA,NA,NA,NA,0,0,0,0,0
"CPV",2016,0,0,0,0,0,0,0,0,0,0,0,NA,NA,NA,NA,NA,NA,NA,0,0,0,0,0
"CPV",2017,0,0,0,0,0,0,0,0,0,0,0,NA,NA,NA,NA,NA,NA,NA,0,0,0,0,0
"CPV",2018,0,0,0,0,0,0,0,0,0,0,0,NA,NA,NA,NA,NA,NA,NA,0,0,0,0,0
"CPV",2019,0,0,0,0,0,0,0,0,0,0,0,0,0.162556583851755,103.602656463726,15.1147,34.2729983351114,0.162556583851755,49,0,22,27,0,22
"CPV",2020,0,0,0,0,0,0,0,0,0,0,0,NA,NA,NA,NA,NA,NA,NA,0,0,0,0,0
"CPV",2021,0,0,0,0,0,0,0,0,0,0,0,0,0.173682604274348,77.4550586265341,15.6804,31.3293377968434,0.173682604274348,NA,0,0,0,0,0
"CPV",2022,0,0,0,0,0,188,188,6.83333333333333,0,0,6.83333333333333,0,0.00576283024949212,96.9941368513357,16.4615,30.3660227232231,0.00576283024949212,188,0,93,95,0,93
"CPV",2023,0,0,0,0,0,0,0,0,0,0,0,0,5.83139625688506e-05,95.0324943346692,16.7177,34.0235392545612,5.83139625688506e-05,NA,0,0,0,0,0
"CPV",2024,0,0,0,0,0,0,0,0,0,0,0,NA,NA,NA,NA,NA,NA,NA,0,0,0,0,0
"CPV",2025,0,0,0,0,0,0,0,0,0,0,0,NA,NA,NA,NA,NA,NA,NA,0,0,0,0,0
"GAB",2002,0,0,0,0,0,0,0,0,0,0,0,83.8178488029703,1.77445857699742,84.7590815376223,6.5382,4.09584238222851,85.5923073799677,NA,0,0,0,0,0
"GAB",2003,0,0,0,0,0,0,0,0,0,0,0,88.3710263827654,1.05563054621456,80.3026082056312,8.5006,5.30438595496239,89.42665692898,NA,0,0,0,0,0
"GAB",2004,0,0,0,10,30,110,150,30,2,6,22,76.1833932062393,5.50841106598959,81.7675371418698,4.4504,10.9219293951205,81.6918042722289,150,20,30,100,20,30
"GAB",2005,0,0,0,0,0,0,0,0,0,0,0,84.0432355614467,3.59283990122888,83.9495998399241,6.1547,16.953304656094,87.6360754626756,NA,0,0,0,0,0
"GAB",2006,0,0,0,0,0,0,0,0,0,0,0,85.6108217616136,3.15100423734133,88.6494092562519,9.7823,25.6790696913332,88.7618259989549,NA,0,0,0,0,0
"GAB",2007,0,0,0,24,18,52,94,7.83333333333333,2,1.5,4.33333333333333,83.4131671985386,3.60059532421835,85.1324791636578,8.6978,24.1251490739474,87.0137625227569,94,31,25,44,31,25
"GAB",2008,0,0,0,0,0,0,0,0,0,0,0,89.172106484587,2.21111070998674,88.9988725945748,4.6305,77.7895270346854,91.3832171945737,NA,0,0,0,0,0
"GAB",2009,0,0,0,0,0,0,0,0,0,0,0,83.1348290725266,3.03112583114056,83.5045774235636,3.823,73.5126027402267,86.1659549036672,NA,0,0,0,0,0
"GAB",2010,1,0,1,0,0,0,0,0,0,0,0,90.0238109825846,2.48688091630774,89.1576627248353,5.8434,59.5527825312156,92.5106918988923,NA,0,0,0,0,0
"GAB",2011,1,1,1,0,0,0,0,0,0,0,0,85.8523172012879,3.8579113367887,90.4983773331323,5.8132,67.7770827112681,89.7102285380766,NA,0,0,0,0,0
"GAB",2012,0,0,0,0,0,0,0,0,0,0,0,71.2999874587435,1.21683062244485,92.3428089420545,3.4281,72.5556039077438,72.5168180811883,NA,0,0,0,0,0
"GAB",2013,0,0,0,0,0,0,0,0,0,0,0,65.7772359485275,1.3868214654464,90.6350361478645,5.6605,62.2779522850069,67.1640574139739,NA,0,0,0,0,0
"GAB",2014,0,0,0,0,0,0,0,0,0,0,0,57.3466183308981,1.09231849999857,73.5203290162438,1.571,53.3394315418242,58.4389368308967,NA,0,0,0,0,0
"GAB",2015,0,0,0,0,0,0,0,0,0,0,0,41.9546334620749,1.57938272358853,73.9497814588281,4.1015,36.3070036950427,43.5340161856634,NA,0,0,0,0,0
"GAB",2016,0,0,0,0,0,0,0,0,0,0,0,30.8820467592108,1.82553919658524,70.1333810645308,4.4693,14.6534093625024,32.707585955796,NA,0,0,0,0,0
"GAB",2017,0,0,0,0,41,134,175,14.5833333333333,0,3.41666666666667,11.1666666666667,62.2945642697917,3.31591796865075,75.0687404456638,3.151,14.6694853489707,65.6104822384424,175,6,59,112,6,59
"GAB",2018,0,0,0,0,0,0,0,0,0,0,0,53.4577795641384,3.11836475453618,77.0365976973024,2.7171,19.1565890079185,56.5761443186746,NA,0,0,0,0,0
"GAB",2019,0,0,0,0,0,0,0,0,0,0,0,54.8656896318362,4.31465619463794,73.4280894486644,4.9331,18.8164911893315,59.1803458264741,NA,0,0,0,0,0
"GAB",2020,0,0,0,0,0,0,0,0,0,0,0,52.9194386591688,6.19989793138207,70.1140546463796,0.9768,17.9367466818875,59.1193365905509,NA,0,0,0,0,0
"GAB",2021,0,0,0,0,9,59,68,5.66666666666667,0,0.75,4.91666666666667,52.3128650846528,6.75461904672039,85.3483122054787,0.2149,16.6511067504691,59.0674841313732,68,8,13,47,8,13
"GAB",2022,0,0,0,0,0,0,0,0,0,0,0,67.2482428452105,6.4339342258012,92.0630888496921,4.0583,17.7145145244664,73.6821770710117,NA,0,0,0,0,0
"GAB",2023,0,0,0,0,0,0,0,0,0,0,0,53.9865618745688,23.3145469906779,91.4786533179144,1.6365,19.1051573724264,77.3011088652467,NA,0,0,0,0,0
"GAB",2024,0,0,0,0,0,0,0,0,0,0,0,NA,NA,NA,NA,NA,NA,NA,0,0,0,0,0
"GAB",2025,0,0,0,0,0,0,0,0,0,0,0,NA,NA,NA,NA,NA,NA,NA,0,0,0,0,0
"GHA",2002,0,0,0,0,0,0,0,0,0,0,0,NA,NA,NA,NA,NA,NA,NA,0,0,0,0,0
"GHA",2003,0,0,0,58,68,101,227,8.57738095238096,2.17261904761905,2.58333333333333,3.82142857142857,0.0481803318787904,2.46857072038619,97.2871457139532,9.1218,17.7094465886763,2.51675105226498,227,40,71,120,40,71
"GHA",2004,0,0,0,0,0,0,0,0,0,0,0,2.25891488923827,1.49737393398241,99.6703343472122,7.6007,24.1550830330168,3.75628882322068,NA,0,0,0,0,0
"GHA",2005,0,0,0,0,0,0,0,0,0,0,0,2.42026667222042,3.60406853600616,98.1715141146279,9.5381,23.4436293829066,6.02433520822658,NA,0,0,0,0,0
"GHA",2006,1,0,1,0,0,0,0,0,0,0,0,0.449413904187484,2.16102136221263,64.5190542439152,19.501,37.4426444714508,2.61043526640011,NA,0,0,0,0,0
"GHA",2007,1,1,1,0,0,0,0,0,0,0,0,0.758742699996961,2.87234023304386,65.3543222852532,14.6711,26.6903335506933,3.63108293304082,NA,0,0,0,0,0
"GHA",2008,0,0,0,0,0,0,0,0,0,0,0,1.32905143391096,3.51368318139587,69.5142256111434,11.1993,20.0242024793272,4.84273461530683,NA,0,0,0,0,0
"GHA",2009,0,0,0,0,29,147,176,14.6666666666667,0,2.41666666666667,12.25,1.75329081764514,1.74904889698946,71.5947385281523,11.6577,28.4806289961588,3.5023397146346,176,23,53,112,23,53
"GHA",2010,0,0,0,0,0,0,0,0,0,0,0,0.114294159518324,4.01489450472122,75.3778157916824,11.6317,28.6808407522775,4.12918866423954,NA,0,0,0,0,0
"GHA",2011,0,0,0,0,0,0,0,0,0,0,0,40.4219396496718,1.36513638736008,86.2954538549695,12.6413,27.7400934400547,41.7870760370319,NA,0,0,0,0,0
"GHA",2012,0,0,0,0,0,0,0,0,0,0,0,28.9638835969169,1.47263285139011,93.1680351286831,11.2644,25.203835852371,30.436516448307,NA,0,0,0,0,0
"GHA",2013,0,0,0,0,0,0,0,0,0,0,0,24.7444175029272,2.06865588093151,60.7593219028775,12.8057,19.6002334524153,26.8130733838587,NA,0,0,0,0,0
"GHA",2014,0,0,0,0,0,0,0,0,0,0,0,29.7421554112913,1.73605428922296,63.8365624430783,10.7377,19.5099774614687,31.4782097005143,NA,0,0,0,0,0
"GHA",2015,0,0,0,0,94,280,374,13.0729166666667,0,3.30208333333333,9.77083333333334,21.7019621780148,1.53114850582018,76.5212709243242,10.5541,18.3432463946771,23.233110683835,374,23,123,244,23,123
"GHA",2016,0,0,0,0,0,0,0,0,0,0,0,12.9823297234949,1.90382388267575,67.8769994445865,8.007,16.8290270210254,14.8861536061706,NA,0,0,0,0,0
"GHA",2017,0,0,0,0,0,0,0,0,0,0,0,25.3456087168229,1.94503330731125,70.5483652904116,9.8819,20.8005425603772,27.2906420241341,NA,0,0,0,0,0
"GHA",2018,0,0,0,0,0,0,0,0,0,0,0,30.6056138754779,2.79589844396489,67.9585174644902,10.4056,17.9337863626706,33.4015123194428,NA,0,0,0,0,0
"GHA",2019,0,0,0,0,0,0,0,0,0,0,0,31.7022617995334,3.04129705781624,76.824802732152,14.1981,23.139465185671,34.7435588573496,NA,0,0,0,0,0
"GHA",2020,0,0,0,0,0,0,0,0,0,0,0,NA,NA,NA,NA,NA,NA,NA,0,0,0,0,0
"GHA",2021,0,0,0,0,0,0,0,0,0,0,0,26.6641837008799,2.90277951595568,62.7078309128346,11.0377,21.288101163547,29.5669632168356,NA,0,0,0,0,0
"GHA",2022,0,0,0,0,0,0,0,0,0,0,0,31.0014653616144,1.8752282216153,70.1154557937915,10.6705,11.9372038402218,32.8766935832297,NA,0,0,0,0,0
"GHA",2023,0,0,0,0,37,145,182,15.1666666666667,0,3.08333333333333,12.0833333333333,24.5298166225955,3.79789972324939,64.3878615301086,9.0197,8.69027246258012,28.3277163458449,182,37,67,101,37,67
"GHA",2024,0,0,0,0,0,0,0,0,0,0,0,NA,NA,NA,NA,NA,NA,NA,0,0,0,0,0
"GHA",2025,0,0,0,0,0,0,0,0,0,0,0,NA,NA,NA,NA,NA,NA,NA,0,0,0,0,0
"GIN",2002,0,0,0,0,0,0,0,0,0,0,0,0.0557014661652494,53.9134297315455,38.0284032674396,8.6437,8.32644581707585,53.9691311977107,NA,0,0,0,0,0
"GIN",2003,0,0,0,0,0,0,0,0,0,0,0,NA,NA,NA,NA,NA,NA,NA,0,0,0,0,0
"GIN",2004,0,0,0,0,0,0,0,0,0,0,0,0.267168896482423,77.2956770112997,34.5950959210535,2.0243,3.47807388641386,77.5628459077821,NA,0,0,0,0,0
"GIN",2005,0,0,0,0,0,0,0,0,0,0,0,3.40567100019241e-05,65.0433136630908,47.9377003917167,5.0385,3.12730039628194,65.0433477198008,NA,0,0,0,0,0
"GIN",2006,0,0,0,0,0,0,0,0,0,0,0,0.307662074415899,55.8518318570931,69.3862937148949,3.8805,1.25722564477921,56.159493931509,NA,0,0,0,0,0
"GIN",2007,0,0,0,22,18,19,59,4.91666666666667,1.83333333333333,1.5,1.58333333333333,0.864102683278354,73.4419716903088,71.1210322265015,4.0248,1.41713322716656,74.3060743735872,59,9,19,31,9,19
"GIN",2008,0,0,0,0,0,0,0,0,0,0,0,1.02831082278776,51.5371217304826,64.1842433909581,3.9021,1.74174886120997,52.5654325532704,NA,0,0,0,0,0
"GIN",2009,0,0,0,0,0,0,0,0,0,0,0,NA,NA,NA,NA,NA,NA,NA,0,0,0,0,0
"GIN",2010,0,0,0,0,0,0,0,0,0,0,0,NA,NA,NA,NA,NA,NA,NA,0,0,0,0,0
"GIN",2011,0,0,0,0,0,0,0,0,0,0,0,NA,NA,NA,NA,NA,NA,NA,0,0,0,0,0
"GIN",2012,0,0,0,0,81,412,493,11.3000730994152,0,1.80847953216374,9.49159356725145,NA,NA,NA,NA,NA,NA,493,119,147,287,119,147
"GIN",2013,0,0,0,0,0,0,0,0,0,0,0,0.289553832489308,30.74770496475,80.4264477180461,5.8877,50.8711415489504,31.0372587972393,NA,0,0,0,0,0
"GIN",2014,0,0,0,0,0,0,0,0,0,0,0,0.289042432328907,34.4442960467048,76.7719658952305,3.4125,53.4414584979819,34.7333384790337,NA,0,0,0,0,0
"GIN",2015,0,0,0,0,0,0,0,0,0,0,0,0.213868655725313,36.6907365805971,72.4427307469345,4.9572,32.0952810082157,36.9046052363224,NA,0,0,0,0,0
"GIN",2016,0,0,0,0,0,0,0,0,0,0,0,0.466113470861431,25.8241585170912,111.839467415368,3.1823,37.9074981302271,26.2902719879526,NA,0,0,0,0,0
"GIN",2017,0,0,0,0,64,174,238,19.8333333333333,0,5.33333333333333,14.5,NA,NA,NA,NA,NA,NA,238,32,56,150,32,56
"GIN",2018,0,0,0,0,0,0,0,0,0,0,0,NA,NA,NA,NA,NA,NA,NA,0,0,0,0,0
"GIN",2019,0,0,0,0,0,0,0,0,0,0,0,NA,NA,NA,NA,NA,NA,NA,0,0,0,0,0
"GIN",2020,0,0,0,0,0,0,0,0,0,0,0,NA,NA,NA,NA,NA,NA,NA,0,0,0,0,0
"GIN",2021,0,0,0,0,0,0,0,0,0,0,0,NA,NA,NA,NA,NA,NA,NA,0,0,0,0,0
"GIN",2022,0,0,0,0,0,0,0,0,0,0,0,NA,NA,NA,NA,NA,NA,NA,0,0,0,0,0
"GIN",2023,0,0,0,0,0,0,0,0,0,0,0,NA,NA,NA,NA,NA,NA,NA,0,0,0,0,0
"GIN",2024,0,0,0,0,0,0,0,0,0,0,0,NA,NA,NA,NA,NA,NA,NA,0,0,0,0,0
"GIN",2025,0,0,0,0,0,0,0,0,0,0,0,NA,NA,NA,NA,NA,NA,NA,0,0,0,0,0
"KEN",2002,0,0,0,0,0,0,0,0,0,0,0,16.6165342326688,2.17858807244344,55.1726722640053,10.8002,17.5223654715719,18.7951223051122,NA,0,0,0,0,0
"KEN",2003,0,0,0,52,28,68,148,5.10416666666667,1.79166666666666,0.979166666666667,2.33333333333333,19.1551044918056,2.9543556082054,54.132265895729,10.3024,22.0714590468592,22.109460100011,148,13,38,97,13,38
"KEN",2004,0,0,0,0,0,0,0,0,0,0,0,0.901139664414074,5.50820095089847,59.4770033484289,9.5738,21.9694668567627,6.40934061531254,NA,0,0,0,0,0
"KEN",2005,0,0,0,0,0,0,0,0,0,0,0,18.3199226649607,1.93568467588894,64.4788661639796,7.5401,27.6739618120626,20.2556073408496,NA,0,0,0,0,0
"KEN",2006,0,0,0,0,0,0,0,0,0,0,0,7.27291530118403,2.45940713366363,55.2364851257303,8.7786,35.9553028638688,9.73232243484766,NA,0,0,0,0,0
"KEN",2007,0,0,0,0,0,0,0,0,0,0,0,4.26371122113361,2.8267779266884,53.8947888046059,12.7657,44.2860507707484,7.09048914782201,NA,0,0,0,0,0
"KEN",2008,0,0,0,0,0,0,0,0,0,0,0,2.09821677072516,3.22160944495378,57.5785986473131,12.3566,37.428952039636,5.31982621567894,NA,0,0,0,0,0
"KEN",2009,0,0,0,0,0,0,0,0,0,0,0,4.20130504014462,1.96524408325836,45.9451918127805,11.1878,44.8360795474852,6.16654912340298,NA,0,0,0,0,0
"KEN",2010,0,0,0,0,0,0,0,0,0,0,0,4.19535073962597,1.9852461441657,50.3942873502834,11.7201,48.6296450219419,6.18059688379167,NA,0,0,0,0,0
"KEN",2011,0,0,0,0,0,37,37,3.08333333333333,0,0,3.08333333333333,NA,NA,NA,NA,NA,NA,37,7,7,23,7,7
"KEN",2012,0,0,0,0,0,0,0,0,0,0,0,NA,NA,NA,NA,NA,NA,NA,0,0,0,0,0
"KEN",2013,0,0,0,0,0,0,0,0,0,0,0,0.93827196300241,2.20574818456868,47.4646425127304,17.5649,47.9030272226377,3.14402014757109,NA,0,0,0,0,0
"KEN",2014,0,0,0,0,0,0,0,0,0,0,0,NA,NA,NA,NA,NA,NA,NA,0,0,0,0,0
"KEN",2015,0,0,0,0,0,0,0,0,0,0,0,10.4002054705089,4.08741066311494,40.3273846919019,13.6387,37.9850175926342,14.4876161336238,43,0,17,26,0,17
"KEN",2016,0,0,0,0,0,0,0,0,0,0,0,7.46355756592411,4.26489839463264,34.8650195731824,10.1351,35.8723664031553,11.7284559605568,26,5,4,17,5,4
"KEN",2017,0,0,0,0,0,0,0,0,0,0,0,1.00602573407941,5.36354394694724,35.9950578754074,9.8572,27.1801605463288,6.36956968102665,NA,0,0,0,0,0
"KEN",2018,0,0,0,0,0,0,0,0,0,0,0,0.834754874486309,5.99535617568078,34.4147531767425,8.1006,25.973252621977,6.83011105016709,NA,0,0,0,0,0
"KEN",2019,0,0,0,0,0,0,0,0,0,0,0,7.73708033046599,4.98578217433066,31.759461841481,7.4892,26.0674293528311,12.7228625047966,NA,0,0,0,0,0
"KEN",2020,0,0,0,0,0,0,0,0,0,0,0,6.74832493327525,5.13265627350615,30.3991387830411,6.0288,21.8128323436254,11.8809812067814,NA,0,0,0,0,0
"KEN",2021,1,0,1,0,0,0,0,0,0,0,0,0.924149796237318,6.38746779763161,35.0020477795269,5.9073,23.0254823086428,7.31161759386893,211,34,105,84,34,105
"KEN",2022,1,1,1,0,0,0,0,0,0,0,0,1.37369379382007,6.78261238103048,40.2753238373561,6.1631,19.1775689415999,8.15630617485055,NA,0,0,0,0,0
"KEN",2023,0,0,0,0,0,0,0,0,0,0,0,1.8648287478394,5.32428005533122,40.9337677377556,6.5611,17.1096987463284,7.18910880317062,NA,0,0,0,0,0
"KEN",2024,0,0,0,0,0,0,0,0,0,0,0,1.63087288958127,5.12139249435883,40.0062529666939,4.6816,23.4728753335776,6.7522653839401,NA,0,0,0,0,0
"KEN",2025,0,0,0,0,0,0,0,0,0,0,0,NA,NA,NA,NA,NA,NA,NA,0,0,0,0,0
"LSO",2002,0,0,0,0,0,0,0,0,0,0,0,0.00340130170595996,0.0657612002029595,NA,7.9991,57.0281785579949,0.0691625019089195,NA,0,0,0,0,0
"LSO",2003,0,0,0,0,0,0,0,0,0,0,0,0.0624084448535018,0.0974033934785549,NA,0.1416,65.2251160278052,0.159811838332057,NA,0,0,0,0,0
"LSO",2004,0,0,0,0,0,0,0,0,0,0,0,0.0175765760189479,0.0475347806597082,NA,1.0343,64.8410361785327,0.0651113566786561,NA,0,0,0,0,0
"LSO",2005,0,0,0,0,0,0,0,0,0,0,0,NA,NA,NA,NA,NA,NA,NA,0,0,0,0,0
"LSO",2006,0,0,0,0,0,0,0,0,0,0,0,NA,NA,NA,NA,NA,NA,NA,0,0,0,0,0
"LSO",2007,0,0,0,0,0,0,0,0,0,0,0,0.122346649228984,0.483044966560215,165.048948833372,0.2917,146.28490944054,0.605391615789199,NA,0,0,0,0,0
"LSO",2008,0,0,0,0,0,0,0,0,0,0,0,0.0417391701900564,0.255444865389448,161.126590593391,0.2856,138.780657968107,0.297184035579504,NA,0,0,0,0,0
"LSO",2009,0,0,0,0,0,0,0,0,0,0,0,0.0168129994467445,0.104317436196333,158.894737585637,0.3915,195.980534397518,0.121130435643078,NA,0,0,0,0,0
"LSO",2010,0,0,0,0,0,122,122,4.75,0,0,4.75,0.0769376796124365,0.442932312242704,150.102435487333,0,188.561318067165,0.51986999185514,122,0,0,122,0,0
"LSO",2011,0,0,0,0,0,0,0,0,0,0,0,0.14791613707775,0.192080755656678,149.796606699153,0.4916,111.095076133596,0.339996892734428,NA,0,0,0,0,0
"LSO",2012,0,0,0,0,0,0,0,0,0,0,0,0.12209171884117,0.176395233303756,150.208575358438,0,110.536017685705,0.298486952144926,NA,0,0,0,0,0
"LSO",2013,0,0,0,0,0,0,0,0,0,0,0,0.0815062744684557,4.11336141524726,133.36548975517,8e-04,114.611240913035,4.19486768971572,NA,0,0,0,0,0
"LSO",2014,0,0,0,0,0,0,0,0,0,0,0,0.0376734422723571,46.9397510539114,126.292475360578,0.0237,118.549182314897,46.9774244961838,NA,0,0,0,0,0
"LSO",2015,0,0,0,0,0,0,0,0,0,0,0,0.0530542243747911,31.4254236706505,129.722773082867,3.4715,104.707485463184,31.4784778950253,NA,0,0,0,0,0
"LSO",2016,0,0,0,0,0,0,0,0,0,0,0,0.080583696996223,0.257535354573301,136.31524774176,2.8257,68.1261134806299,0.338119051569524,NA,0,0,0,0,0
"LSO",2017,0,0,0,0,0,0,0,0,0,0,0,0.07923485972243,0.329155539469625,146.366771329494,0.0257,43.7229136234102,0.408390399192055,NA,0,0,0,0,0
"LSO",2018,0,0,0,0,0,0,0,0,0,0,0,0.0379892296059272,1.23558386743794,144.434955465602,0.0347,49.7829198251556,1.27357309704387,NA,0,0,0,0,0
"LSO",2019,0,0,0,0,0,0,0,0,0,0,0,0.0343344578962748,0.223234842534879,140.51663349168,0.0229,48.8856740378065,0.257569300431154,NA,0,0,0,0,0
"LSO",2020,0,0,0,0,0,0,0,0,0,0,0,0.014452161241193,0.179631190163663,141.096605062998,0.118,42.027661763103,0.194083351404856,NA,0,0,0,0,0
"LSO",2021,0,0,0,0,0,0,0,0,0,0,0,0.033559777615051,0.192321778563757,139.186479465407,0.1411,43.5440399322074,0.225881556178808,NA,0,0,0,0,0
"LSO",2022,0,0,0,0,0,0,0,0,0,0,0,0.0246048491285881,0.19064142421531,142.373981074229,0.7984,42.6258608862953,0.215246273343898,NA,0,0,0,0,0
"LSO",2023,0,0,0,0,0,0,0,0,0,0,0,0.0242983712046877,0.178601333491684,140.722487877528,0.1895,48.1010462114031,0.202899704696372,NA,0,0,0,0,0
"LSO",2024,0,0,0,0,0,0,0,0,0,0,0,0.0200440072118683,1.45669819893022,152.474389103105,0.1825,56.8402880531113,1.47674220614209,NA,0,0,0,0,0
"LSO",2025,0,0,0,0,0,0,0,0,0,0,0,NA,NA,NA,NA,NA,NA,NA,0,0,0,0,0
"MDG",2002,0,0,0,0,0,0,0,0,0,0,0,1.95967332286693,1.37329736562457,50.1816919379298,5.0934,7.99474632940757,3.3329706884915,NA,0,0,0,0,0
"MDG",2003,0,0,0,0,0,0,0,0,0,0,0,4.28006818205514,1.41185429792336,34.030602917475,3.1405,8.31942526816063,5.6919224799785,NA,0,0,0,0,0
"MDG",2004,0,0,0,0,0,0,0,0,0,0,0,1.78555239202322,2.49119521107705,48.7753818852156,1.9812,13.1649585735225,4.27674760310027,NA,0,0,0,0,0
"MDG",2005,0,0,0,0,0,0,0,0,0,0,0,1.05388767197136,3.93978695499798,59.1300849357677,2.8036,13.6518178836977,4.99367462696934,NA,0,0,0,0,0
"MDG",2006,0,0,0,55,28,60,143,11.9166666666667,4.58333333333333,2.33333333333333,5,5.51020605465603,3.60694833869441,62.1028389370244,14.4483,38.1916091358978,9.11715439335044,143,10,52,86,10,52
"MDG",2007,0,0,0,0,0,0,0,0,0,0,0,7.22250240687378,3.31374246344962,66.7027353570049,34.2661,36.3027137951431,10.5362448703234,NA,0,0,0,0,0
"MDG",2008,0,0,0,0,0,0,0,0,0,0,0,5.84769983081265,2.99429861711979,74.357353960806,24.1949,38.7795962824066,8.84199844793244,NA,0,0,0,0,0
"MDG",2009,0,0,0,0,0,0,0,0,0,0,0,4.51286687984066,2.82139609258415,62.4116975958196,22.7852,34.4966645421389,7.33426297242481,NA,0,0,0,0,0
"MDG",2010,0,0,0,0,0,0,0,0,0,0,0,5.90511790300301,8.407930499621,57.8748945101807,15.4032,37.118325144629,14.313048402624,NA,0,0,0,0,0
"MDG",2011,0,0,0,0,0,0,0,0,0,0,0,6.39082701978839,9.62871472992812,56.4830925951893,15.0095,39.5676987497473,16.0195417497165,NA,0,0,0,0,0
"MDG",2012,0,0,0,0,0,0,0,0,0,0,0,6.85539091439205,19.1029482349438,52.6517140811255,15.6446,35.1702533621386,25.9583391493358,NA,0,0,0,0,0
"MDG",2013,0,0,0,0,0,0,0,0,0,0,0,4.4367725808305,29.9469137490599,56.3675817900932,11.7338,26.3943251001083,34.3836863298904,NA,0,0,0,0,0
"MDG",2014,0,0,0,0,0,0,0,0,0,0,0,3.75711607521926,35.8201508250248,61.9694322111234,9.6406,26.111352617511,39.5772669002441,NA,0,0,0,0,0
"MDG",2015,0,0,0,0,0,0,0,0,0,0,0,2.97134413180539,33.9889516567676,61.2203788365078,6.7809,27.6611796721879,36.960295788573,NA,0,0,0,0,0
"MDG",2016,0,0,0,0,49,192,241,8.50714285714285,0,1.72857142857143,6.77857142857145,2.55520071174556,24.9275155512368,60.8346984831423,6.8678,39.7637876951396,27.4827162629824,241,37,61,156,37,61
"MDG",2017,0,0,0,0,0,0,0,0,0,0,0,1.83435774159362,23.3050125115698,65.3434015072915,5.2318,47.3017813033826,25.1393702531634,NA,0,0,0,0,0
"MDG",2018,0,0,0,0,0,0,0,0,0,0,0,2.32534103909142,25.0397521272223,67.8415046683582,7.2756,46.7616236484279,27.3650931663137,NA,0,0,0,0,0
"MDG",2019,0,0,0,0,0,0,0,0,0,0,0,2.9314013074363,27.0785964227918,62.6013230457128,6.9544,41.8599371205685,30.0099977302281,NA,0,0,0,0,0
"MDG",2020,0,0,0,0,0,0,0,0,0,0,0,1.7001839819329,17.5126752610862,49.0107073650291,5.6392,40.9127962327259,19.2128592430191,NA,0,0,0,0,0
"MDG",2021,0,0,0,0,20,160,180,6.58791208791208,0,0.733516483516484,5.8543956043956,1.17584586276708,31.3612347027315,55.2158585927485,4.3029,43.6790686321069,32.5370805654986,180,42,59,91,42,59
"MDG",2022,0,0,0,0,0,0,0,0,0,0,0,2.24692128137179,38.6910739823686,70.4708546790091,3.0262,36.3904955127937,40.9379952637404,NA,0,0,0,0,0
"MDG",2023,0,0,0,0,0,0,0,0,0,0,0,2.33410330754239,39.3062064198727,62.7622147594312,1.9979,40.9361875163185,41.6403097274151,NA,0,0,0,0,0
"MDG",2024,0,0,0,0,15,66,81,6.75,0,1.25,5.5,2.55012561538512,32.8646357716195,57.5370213293734,1.5271,41.85063947352,35.4147613870046,81,23,53,23,23,53
"MDG",2025,0,0,0,0,0,0,0,0,0,0,0,NA,NA,NA,NA,NA,NA,NA,0,0,0,0,0
"MOZ",2002,0,0,0,0,0,0,0,0,0,0,0,13.3385853092917,45.0710523770754,73.309162757423,8.4913,16.190952764269,58.4096376863671,NA,0,0,0,0,0
"MOZ",2003,0,0,0,0,0,0,0,0,0,0,0,13.0197593239368,54.8763997123292,70.1683599479183,7.8717,17.5365301195872,67.896159036266,NA,0,0,0,0,0
"MOZ",2004,0,0,0,64,24,140,228,19,5.33333333333333,2,11.6666666666667,12.4214437884527,61.5258863677345,72.0520001612374,13.0988,19.3590661440903,73.9473301561872,228,6,54,170,6,54
"MOZ",2005,0,0,0,0,0,0,0,0,0,0,0,14.9128661991674,59.4119247777805,72.0092609780982,11.6705,18.0229920753126,74.3247909769479,NA,0,0,0,0,0
"MOZ",2006,0,0,0,0,0,0,0,0,0,0,0,14.6620455439789,59.89562468604,67.3498976872689,11.7377,24.7199686932108,74.5576702300189,NA,0,0,0,0,0
"MOZ",2007,0,0,0,0,0,0,0,0,0,0,0,15.4818802550736,63.9600174907897,66.1203821840516,9.0782,26.8270251264371,79.4418977458633,139,20,42,83,20,42
"MOZ",2008,0,0,0,0,0,0,0,0,0,0,0,10.8435592127921,57.1767016900715,64.981416499828,9.1148,26.0797841137184,68.0202609028636,NA,0,0,0,0,0
"MOZ",2009,0,0,0,0,0,0,0,0,0,0,0,17.4275034733367,3.89577007455685,67.898572768141,8.0381,27.5710997852061,21.3232735478935,NA,0,0,0,0,0
"MOZ",2010,0,0,0,0,0,0,0,0,0,0,0,19.6535941900502,54.4350322992141,73.8373532681892,5.4328,20.1684538808784,74.0886264892643,118,0,29,89,0,29
"MOZ",2011,0,0,0,0,0,0,0,0,0,0,0,16.2781018823468,50.6164892492421,84.4062119333019,2.2489,19.2434110128692,66.8945911315889,NA,0,0,0,0,0
"MOZ",2012,0,0,0,0,0,0,0,0,0,0,0,27.8069556417501,38.9540091086089,105.934588060511,1.8988,14.9669235857298,66.760964750359,NA,0,0,0,0,0
"MOZ",2013,0,0,0,0,0,0,0,0,0,0,0,33.4629142605243,31.0274419767266,109.38537659913,2.5889,11.5721008393731,64.4903562372509,133,0,30,103,0,30
"MOZ",2014,0,0,0,0,0,0,0,0,0,0,0,30.0376104079026,34.424834860925,116.356855242217,1.6105,9.31635080828559,64.4624452688276,NA,0,0,0,0,0
"MOZ",2015,0,0,0,0,0,0,0,0,0,0,0,31.0071856421793,38.1666974909423,98.7612036510901,2.6217,6.715252281864,69.1738831331216,3,0,0,3,0,0
"MOZ",2016,0,0,0,0,0,0,0,0,0,0,0,27.8780163383368,32.537015600755,110.394358201481,2.0167,4.71570646184642,60.4150319390918,NA,0,0,0,0,0
"MOZ",2017,0,0,0,0,0,0,0,0,0,0,0,51.1579324800007,30.2596151140669,105.745640702087,3.1808,7.18728867176433,81.4175475940676,NA,0,0,0,0,0
"MOZ",2018,0,0,0,0,0,0,0,0,0,0,0,39.4919610313499,27.2619529507557,124.607457525372,3.4122,6.10974752335492,66.7539139821056,NA,0,0,0,0,0
"MOZ",2019,0,0,0,0,0,0,0,0,0,0,0,41.7750444782821,30.5783345210747,105.591171401921,3.8448,7.00398240753184,72.3533789993568,NA,0,0,0,0,0
"MOZ",2020,0,0,0,0,0,0,0,0,0,0,0,36.8617331036982,34.9241235099286,99.906146051979,4.006,6.75971794054006,71.7858566136268,NA,0,0,0,0,0
"MOZ",2021,0,0,0,0,0,0,0,0,0,0,0,41.1381955498654,34.7879108669746,112.078964458333,3.9977,5.86850349468397,75.92610641684,NA,0,0,0,0,0
"MOZ",2022,0,0,0,0,20,90,110,9.16666666666667,0,1.66666666666667,7.5,50.7186898345651,30.4675661590987,135.274535098995,2.3487,4.43318049163302,81.1862559936638,110,11,37,62,11,37
"MOZ",2023,0,0,0,0,0,0,0,0,0,0,0,57.6135156555006,23.2868932752681,106.026083626657,2.0913,5.35358010362426,80.9004089307687,NA,0,0,0,0,0
"MOZ",2024,0,0,0,0,0,0,0,0,0,0,0,58.9003236000415,23.2777710502032,95.6303976635291,1.7369,5.50818681520143,82.1780946502447,NA,0,0,0,0,0
"MOZ",2025,0,0,0,0,0,0,0,0,0,0,0,NA,NA,NA,NA,NA,NA,NA,0,0,0,0,0
"MRT",2002,0,0,0,0,0,0,0,0,0,0,0,NA,NA,NA,NA,NA,NA,NA,0,0,0,0,0
"MRT",2003,0,0,0,3,3,7,13,2.6,0.6,0.6,1.4,NA,NA,NA,NA,NA,NA,13,1,5,7,1,5
"MRT",2004,0,0,0,0,0,0,0,0,0,0,0,NA,NA,NA,NA,NA,NA,NA,0,0,0,0,0
"MRT",2005,0,0,0,0,0,0,0,0,0,0,0,NA,NA,NA,NA,NA,NA,NA,0,0,0,0,0
"MRT",2006,0,0,0,14,4,29,47,3.91666666666667,1.16666666666667,0.333333333333333,2.41666666666667,NA,NA,NA,NA,NA,NA,47,8,20,19,8,20
"MRT",2007,0,0,0,0,0,0,0,0,0,0,0,25.0244060870066,53.8583464092032,86.0640556779132,42.9232,8.07507589707441,78.8827524962098,NA,0,0,0,0,0
"MRT",2008,0,0,0,0,0,0,0,0,0,0,0,20.0629304074443,55.4904530517892,94.1202110004251,40.3153,6.96726413345285,75.5533834592335,NA,0,0,0,0,0
"MRT",2009,0,0,0,0,0,0,0,0,0,0,0,15.7158937808407,11.3512173171589,82.0086176018151,33.1049,7.57039415358967,27.0671110979996,NA,0,0,0,0,0
"MRT",2010,0,0,0,0,1,187,188,7.57371794871795,0,0.0384615384615384,7.53525641025641,14.4296063553899,35.3547808620966,93.4207451334608,30.5273,8.09372148959162,49.7843872174865,188,5,21,162,5,21
"MRT",2011,0,0,0,0,0,0,0,0,0,0,0,4.38706517156351,7.61434261921362,98.485329604158,26.6945,13.4204849202352,12.0014077907771,NA,0,0,0,0,0
"MRT",2012,0,0,0,0,0,0,0,0,0,0,0,13.153296159352,51.2249230139277,110.788122743421,24.4202,22.6454432152982,64.3782191732797,NA,0,0,0,0,0
"MRT",2013,0,0,0,0,0,0,0,0,0,0,0,2.54249598571643,64.2633912019786,102.398824183169,23.2118,22.0654365717909,66.805887187695,NA,0,0,0,0,0
"MRT",2014,0,0,0,0,0,0,0,0,0,0,0,2.78774056131248,50.5502707437565,91.610371363604,22.6291,14.0213256637451,53.338011305069,NA,0,0,0,0,0
"MRT",2015,0,0,0,0,0,0,0,0,0,0,0,4.36087402426154,40.9750242282128,77.3467864944966,21.7451,16.466813550226,45.3358982524743,NA,0,0,0,0,0
"MRT",2016,0,0,0,0,0,0,0,0,0,0,0,NA,NA,NA,NA,NA,NA,NA,0,0,0,0,0
"MRT",2017,0,0,0,0,36,273,309,12.4903846153846,0,1.46153846153846,11.0288461538462,NA,NA,NA,NA,NA,NA,309,2,126,183,2,126
"MRT",2018,0,0,0,0,0,0,0,0,0,0,0,NA,NA,NA,NA,NA,NA,NA,0,0,0,0,0
"MRT",2019,0,0,0,0,0,0,0,0,0,0,0,NA,NA,NA,NA,NA,NA,NA,0,0,0,0,0
"MRT",2020,0,0,0,0,0,0,0,0,0,0,0,0.336546338455087,42.4009407093743,86.7761681322741,18.9128,26.2651150319926,42.7374870478294,NA,0,0,0,0,0
"MRT",2021,0,0,0,0,0,0,0,0,0,0,0,0.314621738979646,62.9785687040529,88.3068737571235,3.7678,42.5960674302831,63.2931904430325,NA,0,0,0,0,0
"MRT",2022,0,0,0,0,0,0,0,0,0,0,0,0.623249770541956,39.470645411406,102.025899125696,4.5272,NA,40.0938951819479,NA,0,0,0,0,0
"MRT",2023,0,0,0,0,0,0,0,0,0,0,0,0.479637265150761,38.0527188819004,92.1654445146742,5.6284,NA,38.5323561470512,204,8,43,156,8,43
"MRT",2024,0,0,0,0,0,0,0,0,0,0,0,0.520317315307166,33.7483319050619,93.5988355881472,4.7834,NA,34.2686492203691,NA,0,0,0,0,0
"MRT",2025,0,0,0,0,0,0,0,0,0,0,0,NA,NA,NA,NA,NA,NA,NA,0,0,0,0,0
"MWI",2002,0,0,0,0,0,0,0,0,0,0,0,0.0177546819487274,0.269744707847486,NA,4.1673,5.71799987396084,0.287499389796213,NA,0,0,0,0,0
"MWI",2003,0,0,0,0,0,0,0,0,0,0,0,0.113642390702768,0.103044705457276,NA,1.8535,4.0946585892019,0.216687096160044,NA,0,0,0,0,0
"MWI",2004,0,0,0,0,0,0,0,0,0,0,0,0.299259342979992,0.321710246678735,NA,1.1124,3.88178487672658,0.620969589658727,NA,0,0,0,0,0
"MWI",2005,0,0,0,27,16,68,111,9.25,2.25,1.33333333333333,5.66666666666667,0.0204440152807278,0.195519483895518,NA,1.3504,5.16994161628928,0.215963499176246,111,0,41,70,0,41
"MWI",2006,0,0,0,0,0,0,0,0,0,0,0,0.147388673915268,0.103519814903851,NA,8.0404,16.3029193416539,0.250908488819119,NA,0,0,0,0,0
"MWI",2007,0,0,0,0,0,0,0,0,0,0,0,0.0380878763509734,0.0158415905432311,NA,7.0199,26.1597608648988,0.0539294668942045,NA,0,0,0,0,0
"MWI",2008,0,0,0,0,0,0,0,0,0,0,0,0.0272527561129214,0.0211694043715299,NA,8.4441,25.5243434483876,0.0484221604844513,NA,0,0,0,0,0
"MWI",2009,0,0,0,0,0,0,0,0,0,0,0,0.113743766090584,0.787664435165699,NA,5.8543,14.2668194014776,0.901408201256283,NA,0,0,0,0,0
"MWI",2010,0,0,0,0,8,18,26,1.23333333333333,0,0.366666666666666,0.866666666666666,0.194092632314477,9.78759288872105,NA,4.2124,31.8727218660653,9.98168552103553,26,2,11,15,2,11
"MWI",2011,0,0,0,0,0,0,0,0,0,0,0,0.0985652602278643,8.81717154535936,NA,3.1313,17.8835794565902,8.91573680558722,NA,0,0,0,0,0
"MWI",2012,0,0,0,0,62,237,299,4.50997023809524,0,0.908482142857143,3.60148809523809,0.0920461716617677,10.9638195846174,NA,1.6135,18.3682388432475,11.0558657562792,299,0,55,244,0,55
"MWI",2013,0,0,0,0,0,0,0,0,0,0,0,0.0365527439299261,11.3740204477911,NA,1.3437,27.4207310045394,11.410573191721,NA,0,0,0,0,0
"MWI",2014,0,0,0,0,0,0,0,0,0,0,0,0.042371121340196,3.01877107061923,NA,1.2954,37.0956260203114,3.06114219195943,NA,0,0,0,0,0
"MWI",2015,0,0,0,0,0,0,0,0,0,0,0,0.104381619365554,0.177886221046924,NA,0.7356,39.5689224395441,0.282267840412478,NA,0,0,0,0,0
"MWI",2016,0,0,0,0,0,0,0,0,0,0,0,0.0979420401476056,1.03700262392103,NA,2.3821,33.0491029747068,1.13494466406864,NA,0,0,0,0,0
"MWI",2017,0,0,0,0,0,0,0,0,0,0,0,0.186801735338877,0.229142663268431,45.3003137160008,2.4829,35.5346706983706,0.415944398607308,NA,0,0,0,0,0
"MWI",2018,0,0,0,0,23,128,151,6.86666666666667,0,1.03333333333333,5.83333333333333,0.0658028178635877,0.520621161876729,43.578773489,1.1211,33.8151640446414,0.586423979740317,151,0,43,108,0,43
"MWI",2019,0,0,0,0,0,0,0,0,0,0,0,0.151161717691401,0.352027471896745,44.1954524635798,2.8133,34.8864598143722,0.503189189588146,NA,0,0,0,0,0
"MWI",2020,0,0,0,0,0,0,0,0,0,0,0,0.155298013539324,0.553708230618883,41.0323429397328,6.0251,20.0728170102111,0.709006244158207,NA,0,0,0,0,0
"MWI",2021,0,0,0,0,0,0,0,0,0,0,0,0.0231170831782384,1.01525000176507,44.5957618170542,4.5344,NA,1.03836708494331,NA,0,0,0,0,0
"MWI",2022,0,0,0,0,0,0,0,0,0,0,0,0.00474239695206218,1.27210127418756,43.616624856781,2.7166,NA,1.27684367113962,NA,0,0,0,0,0
"MWI",2023,0,0,0,0,6,21,27,4.5,0,1,3.5,0.000145544242795096,1.20089218272746,42.4376683990967,0.3818,NA,1.20103772697026,27,0,8,19,0,8
"MWI",2024,0,0,0,0,0,0,0,0,0,0,0,0.00487544410740339,0.849897159593092,41.9038196485235,2.0144,NA,0.854772603700495,NA,0,0,0,0,0
"MWI",2025,0,0,0,0,0,0,0,0,0,0,0,NA,NA,NA,NA,NA,NA,NA,0,0,0,0,0
"RWA",2002,0,0,0,55,60,124,239,5.86309523809524,1.3640873015873,1.46329365079365,3.03571428571429,0,35.088175963992,31.3172752974708,3.0151,16.7853483670789,35.088175963992,239,13,93,133,13,93
"RWA",2003,0,0,0,0,0,0,0,0,0,0,0,0,26.6428584667642,32.8189983492155,1.74,13.806516965337,26.6428584667642,NA,0,0,0,0,0
"RWA",2004,0,0,0,0,0,0,0,0,0,0,0,0.0207021893929761,34.1911048887464,37.0316755294291,0.917,18.8326436671246,34.2118070781394,NA,0,0,0,0,0
"RWA",2005,0,0,0,0,0,0,0,0,0,0,0,0.0126880307428849,35.1376159794075,38.0262688816851,1.0065,16.8285512616186,35.1503040101504,NA,0,0,0,0,0
"RWA",2006,0,0,0,33,18,93,144,5.91987179487179,1.35576923076923,0.740384615384616,3.82371794871795,0.00416015534860654,31.4407560198606,33.6578390444203,4.4204,88.0507090626504,31.4449161752092,144,0,59,85,0,59
"RWA",2007,0,0,0,0,0,0,0,0,0,0,0,0.0107732293468366,46.3016117072326,36.4479761431748,3.805,126.59960589429,46.3123849365794,NA,0,0,0,0,0
"RWA",2008,0,0,0,0,0,0,0,0,0,0,0,0.239934257663276,27.933112466431,37.9969638376772,0.7233,82.8189965337812,28.1730467240943,NA,0,0,0,0,0
"RWA",2009,0,0,0,0,0,0,0,0,0,0,0,0.0536388840609877,25.0637471463376,37.2137499920385,0.9214,91.693878487992,25.1173860303986,NA,0,0,0,0,0
"RWA",2010,0,0,0,0,0,0,0,0,0,0,0,0.0684734450545245,35.8800089645487,37.7415245466166,1.1454,65.3844606154367,35.9484824096032,313,23,116,178,23,116
"RWA",2011,0,0,0,0,0,0,0,0,0,0,0,0.0358053478768208,45.1668198317922,40.1597511764349,7.6707,49.1248511140552,45.202625179669,NA,0,0,0,0,0
"RWA",2012,0,0,0,0,0,0,0,0,0,0,0,0.0183622895975197,39.8735818164701,41.081185425557,4.7422,26.1516254006042,39.8919441060676,NA,0,0,0,0,0
"RWA",2013,1,0,1,0,0,0,0,0,0,0,0,0.106275401403098,47.728426891862,43.260980041775,0.4791,28.2738613218304,47.8347022932651,533,28,174,331,28,174
"RWA",2014,1,1,1,0,0,0,0,0,0,0,0,0.200175871031657,45.3122231010092,44.4828257252622,0.8586,32.4805009618856,45.5123989720409,NA,0,0,0,0,0
"RWA",2015,0,0,0,0,0,0,0,0,0,0,0,0.134400288536825,29.177973798398,45.7348675761767,0.3264,26.5930545228427,29.3123740869348,NA,0,0,0,0,0
"RWA",2016,0,0,0,0,0,0,0,0,0,0,0,0.0716792615878137,22.4094104292018,50.08973657056,5.2473,23.4745205794815,22.4810896907896,95,0,37,58,0,37
"RWA",2017,0,0,0,0,0,0,0,0,0,0,0,0.0762331071262711,29.4136298769588,54.2079656602139,6.0397,23.2270191273317,29.4898629840851,NA,0,0,0,0,0
"RWA",2018,0,0,0,0,0,0,0,0,0,0,0,0.315761583690096,30.314438220422,47.9830578657248,6.236,23.8454566844657,30.6301998041121,NA,0,0,0,0,0
"RWA",2019,1,1,1,0,0,0,0,0,0,0,0,1.91424345145403,14.8783110729202,48.892715033759,5.2709,22.4796314887124,16.7925545243742,156,0,44,112,0,44
"RWA",2020,1,1,1,0,0,0,0,0,0,0,0,0.0438835362111073,8.24267617414299,44.3511840604967,4.6156,20.987784946524,8.2865597103541,NA,0,0,0,0,0
"RWA",2021,0,0,0,0,0,0,0,0,0,0,0,0.0491650847321846,14.4742019090766,59.8007993935018,4.4379,20.0398240385867,14.5233669938088,NA,0,0,0,0,0
"RWA",2022,0,0,0,0,0,0,0,0,0,0,0,0.06254493579927,20.9179316429293,60.9591709408266,3.8842,17.8077969358787,20.9804765787286,122,0,58,64,0,58
"RWA",2023,0,0,0,0,0,0,0,0,0,0,0,NA,NA,NA,NA,NA,NA,15,0,9,6,0,9
"RWA",2024,0,0,0,0,0,0,0,0,0,0,0,NA,NA,NA,NA,NA,NA,NA,0,0,0,0,0
"RWA",2025,0,0,0,0,0,0,0,0,0,0,0,NA,NA,NA,NA,NA,NA,NA,0,0,0,0,0
"SLE",2002,0,0,0,0,0,0,0,0,0,0,0,NA,NA,NA,NA,NA,NA,NA,0,0,0,0,0
"SLE",2003,0,0,0,0,0,0,0,0,0,0,0,NA,NA,NA,NA,NA,NA,NA,0,0,0,0,0
"SLE",2004,0,0,0,0,0,0,0,0,0,0,0,NA,NA,NA,NA,NA,NA,NA,0,0,0,0,0
"SLE",2005,0,0,0,0,0,0,0,0,0,0,0,NA,NA,NA,NA,NA,NA,NA,0,0,0,0,0
"SLE",2006,0,0,0,66,107,104,277,5.96732026143791,1.40767973856209,2.35294117647059,2.20669934640523,NA,NA,NA,NA,NA,NA,277,20,86,171,20,86
"SLE",2007,0,0,0,0,0,0,0,0,0,0,0,NA,NA,NA,NA,NA,NA,NA,0,0,0,0,0
"SLE",2008,0,0,0,0,0,0,0,0,0,0,0,NA,NA,NA,NA,NA,NA,NA,0,0,0,0,0
"SLE",2009,0,0,0,0,0,0,0,0,0,0,0,NA,NA,NA,NA,NA,NA,NA,0,0,0,0,0
"SLE",2010,0,0,0,0,5,66,71,5.91666666666667,0,0.416666666666667,5.5,NA,NA,NA,NA,NA,NA,71,6,28,37,6,28
"SLE",2011,0,0,0,0,0,0,0,0,0,0,0,NA,NA,NA,NA,NA,NA,NA,0,0,0,0,0
"SLE",2012,0,0,0,0,0,0,0,0,0,0,0,NA,NA,NA,NA,NA,NA,NA,0,0,0,0,0
"SLE",2013,0,0,0,0,19,234,253,10.1346153846154,0,0.759615384615385,9.375,NA,NA,NA,NA,NA,NA,253,36,103,128,36,103
"SLE",2014,0,0,0,0,0,0,0,0,0,0,0,0.0128489031725622,86.4196189147314,51.1187772788807,14.907,41.9182090026415,86.432467817904,NA,0,0,0,0,0
"SLE",2015,0,0,0,0,0,0,0,0,0,0,0,0,0.988737482926271,36.4823958242319,13.7305,37.1624174752316,0.988737482926271,NA,0,0,0,0,0
"SLE",2016,0,0,0,0,0,0,0,0,0,0,0,NA,NA,NA,NA,NA,NA,NA,0,0,0,0,0
"SLE",2017,0,0,0,0,4,11,15,2.5,0,0.666666666666667,1.83333333333333,0.0564669332343084,9.23607569467904,41.5213782343591,10.8705,30.6035747879682,9.29254262791335,15,4,4,7,4,4
"SLE",2018,0,0,0,0,86,160,246,4.3733918128655,0,1.51228070175439,2.86111111111111,0.143317650742994,19.708507181177,37.3774603119412,10.282,27.3394520213469,19.85182483192,246,24,76,156,24,76
"SLE",2019,0,0,0,0,0,0,0,0,0,0,0,NA,NA,NA,NA,NA,NA,NA,0,0,0,0,0
"SLE",2020,0,0,0,0,0,0,0,0,0,0,0,NA,NA,NA,NA,NA,NA,NA,0,0,0,0,0
"SLE",2021,0,0,0,0,0,0,0,0,0,0,0,NA,NA,NA,NA,NA,NA,NA,0,0,0,0,0
"SLE",2022,0,0,0,0,0,0,0,0,0,0,0,NA,NA,NA,NA,NA,NA,NA,0,0,0,0,0
"SLE",2023,0,0,0,0,0,0,0,0,0,0,0,NA,NA,NA,NA,NA,NA,NA,0,0,0,0,0
"SLE",2024,0,0,0,0,8,56,64,5.33333333333333,0,0.666666666666667,4.66666666666667,NA,NA,NA,NA,NA,NA,64,10,20,35,10,20
"SLE",2025,0,0,0,0,0,0,0,0,0,0,0,NA,NA,NA,NA,NA,NA,NA,0,0,0,0,0
"SLV",2002,0,0,0,0,0,0,0,0,0,0,0,2.15866523854517,1.15584362357537,65.9190907767708,19.0382,26.7194835477763,3.31450886212054,NA,0,0,0,0,0
"SLV",2003,0,0,0,0,0,0,0,0,0,0,0,2.00487312073414,1.31534426733791,68.23698247861,18.8011,23.0540371751175,3.32021738807205,NA,0,0,0,0,0
"SLV",2004,0,0,0,0,0,0,0,0,0,0,0,1.85819761530743,1.34659452951972,69.7822641767691,19.456,21.1633093142947,3.20479214482715,NA,0,0,0,0,0
"SLV",2005,0,0,0,0,0,0,0,0,0,0,0,1.86278033146763,1.44832477015354,69.7158116750578,19.2932,19.2459114429845,3.31110510162117,NA,0,0,0,0,0
"SLV",2006,0,0,0,0,0,0,0,0,0,0,0,2.2630253508994,1.85692050804381,73.4555675070266,12.8857,19.7007225925321,4.11994585894321,NA,0,0,0,0,0
"SLV",2007,0,0,0,0,0,0,0,0,0,0,0,2.84937473805287,2.00278861682249,77.6210560347995,13.0973,23.3440924611734,4.85216335487536,NA,0,0,0,0,0
"SLV",2008,0,0,0,0,0,0,0,0,0,0,0,3.44085217496394,1.74053641550667,80.6659739399085,14.43,24.7406295078484,5.18138859047061,NA,0,0,0,0,0
"SLV",2009,0,0,0,0,1,2,3,0.6,0,0.2,0.4,2.75552281120897,1.29712979888706,66.0711911744487,8.2957,29.9918129933645,4.05265261009603,3,0,1,2,0,1
"SLV",2010,0,0,0,0,10,84,94,7.83333333333333,0,0.833333333333333,7,2.92291722483646,1.69920510445875,73.5372876725398,7.2709,25.0682655910882,4.62212232929521,94,17,17,60,17,17
"SLV",2011,0,0,0,0,0,0,0,0,0,0,0,3.17562525140071,2.00585034068723,79.2766437025052,9.6051,19.5851246125203,5.18147559208794,NA,0,0,0,0,0
"SLV",2012,0,0,0,0,0,0,0,0,0,0,0,3.18128162520571,1.77742535831435,77.6485716222883,11.2658,23.4434116446167,4.95870698352006,NA,0,0,0,0,0
"SLV",2013,0,0,0,0,0,0,0,0,0,0,0,2.310418912892,1.36818616220759,80.4511944908271,13.1121,19.4233749622711,3.67860507509959,NA,0,0,0,0,0
"SLV",2014,0,0,0,0,0,0,0,0,0,0,0,2.57051935028685,1.53576875268343,78.1044257477935,13.2991,17.7495800309366,4.10628810297028,NA,0,0,0,0,0
"SLV",2015,0,0,0,0,0,0,0,0,0,0,0,1.9602368517525,1.23613153909728,76.5602707370519,12.9298,17.8579847402795,3.19636839084978,NA,0,0,0,0,0
"SLV",2016,0,0,0,0,0,0,0,0,0,0,0,2.85703125629467,1.12619341923859,72.8190933731491,15.2743,19.5281899219681,3.98322467553326,NA,0,0,0,0,0
"SLV",2017,0,0,0,0,0,0,0,0,0,0,0,3.1700621689001,1.15638828382003,74.3046511916519,11.8852,20.7492439420718,4.32645045272013,NA,0,0,0,0,0
"SLV",2018,0,0,0,0,0,0,0,0,0,0,0,3.53674673172561,1.26795177041228,75.6336168879956,12.408,21.387276085268,4.80469850213789,NA,0,0,0,0,0
"SLV",2019,0,0,0,0,0,0,0,0,0,0,0,3.37096131973082,1.06688895694381,76.0420130991468,12.853,25.5968915246922,4.43785027667463,NA,0,0,0,0,0
"SLV",2020,0,0,0,0,0,0,0,0,0,0,0,3.20991367903261,0.90218527850289,66.4595069497083,10.1226,16.6773333744401,4.1120989575355,NA,0,0,0,0,0
"SLV",2021,0,0,0,0,0,0,0,0,0,0,0,3.88664003808006,1.06667410327226,81.8450759800765,11.1,16.8422672427423,4.95331414135232,NA,0,0,0,0,0
"SLV",2022,0,0,0,0,0,0,0,0,0,0,0,4.79090726433674,1.12672812630008,88.7011372097555,11.1788,12.7185831218883,5.91763539063682,NA,0,0,0,0,0
"SLV",2023,0,0,0,0,0,0,0,0,0,0,0,5.29654060272418,1.12538630226481,79.8122651787866,12.7373,13.4686533899243,6.42192690498899,NA,0,0,0,0,0
"SLV",2024,0,0,0,0,0,0,0,0,0,0,0,5.00115993975647,1.27838950619101,85.6825726575292,10.6126,14.8416167448619,6.27954944594748,NA,0,0,0,0,0
"SLV",2025,0,0,0,0,13,44,57,4.75,0,1.08333333333333,3.66666666666667,NA,NA,NA,NA,NA,NA,57,0,26,31,0,26
"TZA",2002,0,0,0,0,0,0,0,0,0,0,0,0.0812585603414405,8.74938757282012,27.4992172734904,9.9449,21.7087584987869,8.83064613316156,NA,0,0,0,0,0
"TZA",2003,0,0,0,54,11,123,188,4.70094086021505,1.35170250896057,0.274641577060932,3.07459677419355,0.0582492548746596,6.17005787028101,30.4488358249326,11.2623,27.8299260045952,6.22830712515567,188,15,4,169,15,4
"TZA",2004,0,0,0,0,0,0,0,0,0,0,0,0.12217167726015,8.33073598329359,33.609786736665,13.0828,26.5896754698464,8.45290766055374,NA,0,0,0,0,0
"TZA",2005,1,0,1,0,0,0,0,0,0,0,0,0.129026854555102,7.65185121660297,36.9592732894013,11.9028,24.3086988515947,7.78087807115807,NA,0,0,0,0,0
"TZA",2006,1,1,1,0,0,0,0,0,0,0,0,0.145882226834011,11.1375397749838,42.7681664691467,24.3555,54.9922000710872,11.2834220018178,NA,0,0,0,0,0
"TZA",2007,0,0,0,0,0,0,0,0,0,0,0,0.644600677919283,12.6269052492145,48.0583947796554,20.5594,57.2468510771602,13.2715059271338,206,0,23,183,0,23
"TZA",2008,0,0,0,0,0,0,0,0,0,0,0,2.21753896919901,12.7364924429117,49.0265445510865,22.2735,47.4419338334306,14.9540314121107,NA,0,0,0,0,0
"TZA",2009,0,0,0,0,0,0,0,0,0,0,0,0.710369569143214,17.8323997537099,43.5326006456317,18.0612,44.7215566059687,18.5427693228531,NA,0,0,0,0,0
"TZA",2010,0,0,0,0,0,0,0,0,0,0,0,1.90135698578723,25.4274314948111,47.6404394295683,15.5367,43.6750348214826,27.3287884805983,194,28,55,129,28,55
"TZA",2011,0,0,0,0,0,0,0,0,0,0,0,0.757162545025763,22.5778719904617,56.1661241821809,16.2561,36.7844529619566,23.3350345354875,NA,0,0,0,0,0
"TZA",2012,0,0,0,0,0,0,0,0,0,0,0,1.25025665065363,16.2993206590418,54.3689490815138,17.2574,33.6235105791728,17.5495773096954,39,7,20,12,7,20
"TZA",2013,0,0,0,0,0,0,0,0,0,0,0,2.25065372364093,10.0805702581627,48.6316275295495,11.2296,33.4539175706276,12.3312239818036,NA,0,0,0,0,0
"TZA",2014,0,0,0,0,0,0,0,0,0,0,0,1.67367486325445,13.3403283009553,45.3560223433065,11.593,26.7848466467843,15.0140031642097,204,8,96,108,8,96
"TZA",2015,0,0,0,0,0,0,0,0,0,0,0,2.19577000835359,9.71497005387568,40.7576808778314,12.1677,22.2483682552389,11.9107400622293,NA,0,0,0,0,0
"TZA",2016,0,0,0,0,0,0,0,0,0,0,0,0.872530009193527,7.39038816130408,35.4204704002636,13.2222,22.276090326466,8.26291817049761,NA,0,0,0,0,0
"TZA",2017,0,0,0,0,0,0,0,0,0,0,0,1.13284838395326,2.37246365533661,33.1125919853124,12.8783,27.2376304885537,3.50531203928987,NA,0,0,0,0,0
"TZA",2018,0,0,0,0,0,0,0,0,0,0,0,0.886836468069654,1.33472814164304,32.6426099043737,12.5099,22.3144990122985,2.22156460971269,NA,0,0,0,0,0
"TZA",2019,0,0,0,0,0,0,0,0,0,0,0,0.824331183688424,1.19349009849919,33.0185892502311,12.4604,NA,2.01782128218761,NA,0,0,0,0,0
"TZA",2020,0,0,0,0,0,0,0,0,0,0,0,0.824710521238149,7.16842722557704,27.9630151969884,13.3569,NA,7.99313774681519,NA,0,0,0,0,0
"TZA",2021,0,0,0,0,0,0,0,0,0,0,0,0.912020513109267,3.952845900026,29.9151840074048,13.4357,NA,4.86486641313527,NA,0,0,0,0,0
"TZA",2022,0,0,0,0,11,120,131,4.39663461538461,0,0.379807692307693,4.01682692307693,3.08582937747335,5.47998490709586,35.0034517101994,14.6731,NA,8.56581428456921,131,3,38,90,3,38
"TZA",2023,0,0,0,0,0,0,0,0,0,0,0,3.5711825305577,4.97181072389695,38.212034806339,13.1664,NA,8.54299325445465,NA,0,0,0,0,0
"TZA",2024,0,0,0,0,0,0,0,0,0,0,0,2.24873032924646,5.64619619149418,41.3081068648568,9.3084,NA,7.89492652074064,NA,0,0,0,0,0
"TZA",2025,0,0,0,0,0,0,0,0,0,0,0,NA,NA,NA,NA,NA,NA,NA,0,0,0,0,0
"UGA",2002,0,0,0,52,24,171,247,6.52747252747253,1.38339438339438,0.617826617826618,4.52625152625153,3.63329549166036,1.81303780824033,36.2777941561831,3.9426,23.2351513193553,5.44633329990069,247,10,41,196,10,41
"UGA",2003,0,0,0,0,0,0,0,0,0,0,0,2.9815736307981,0.34518152165646,36.5857264641268,3.2294,23.5981743892541,3.32675515245456,NA,0,0,0,0,0
"UGA",2004,0,0,0,0,0,0,0,0,0,0,0,2.15744861584744,0.371713098517081,35.4600862456436,2.8128,27.3122128379488,2.52916171436452,NA,0,0,0,0,0
"UGA",2005,0,0,0,0,0,0,0,0,0,0,0,1.66663556012777,2.41799274891198,38.9942854839061,1.7642,30.1356662379808,4.08462830903975,NA,0,0,0,0,0
"UGA",2006,0,0,0,0,0,0,0,0,0,0,0,4.38781819523582,2.11282581613079,43.6332857896204,11.3837,139.223757346745,6.50064401136661,159,6,41,112,6,41
"UGA",2007,0,0,0,0,0,0,0,0,0,0,0,1.29891752827692,2.17189206117311,46.7774166522822,1.6004,154.850976180176,3.47080958945003,NA,0,0,0,0,0
"UGA",2008,0,0,0,0,0,0,0,0,0,0,0,1.2724566456655,2.23975133840974,56.2582682050634,19.9851,100.33486567302,3.51220798407524,NA,0,0,0,0,0
"UGA",2009,0,0,0,0,0,0,0,0,0,0,0,1.37508672939007,2.46285043236365,47.0638780748379,8.5127,108.370183190604,3.83793716175372,NA,0,0,0,0,0
"UGA",2010,0,0,0,0,0,0,0,0,0,0,0,1.20826334740248,1.90384686894177,38.2692490371291,0.8815,90.970314265413,3.11211021634425,252,4,54,194,4,54
"UGA",2011,0,0,0,0,0,0,0,0,0,0,0,5.74523774419087,1.12817381744177,39.7552255606122,0.8037,80.2263479594075,6.87341156163264,NA,0,0,0,0,0
"UGA",2012,0,0,0,0,0,0,0,0,0,0,0,6.61880937018064,1.10642751669081,43.5021371397314,0.6944,83.8730895359693,7.72523688687145,NA,0,0,0,0,0
"UGA",2013,0,0,0,0,0,0,0,0,0,0,0,1.07267010214049,0.886734970078216,43.1091548734687,5.4841,38.9903234021534,1.95940507221871,450,0,119,331,0,119
"UGA",2014,0,0,0,0,0,0,0,0,0,0,0,2.11407660369841,0.604683661904989,36.0144010819085,6.16,38.3332006206083,2.7187602656034,NA,0,0,0,0,0
"UGA",2015,0,0,0,0,0,0,0,0,0,0,0,1.05985415174367,0.48170424939709,37.6892983324358,5.792,30.3935449340986,1.54155840114076,NA,0,0,0,0,0
"UGA",2016,0,0,0,0,0,0,0,0,0,0,0,1.14300324387532,0.459348713405027,31.2093620232119,4.9752,30.7077183687882,1.60235195728035,NA,0,0,0,0,0
"UGA",2017,0,0,0,0,0,0,0,0,0,0,0,2.45925296695196,0.374878241048121,36.8370529334101,4.0504,31.8562056100853,2.83413120800008,NA,0,0,0,0,0
"UGA",2018,0,0,0,0,0,0,0,0,0,0,0,5.40337893135784,0.350411758566397,36.6384055999567,4.1272,26.2243710321097,5.75379068992424,NA,0,0,0,0,0
"UGA",2019,0,0,0,0,0,0,0,0,0,0,0,4.97635328996552,0.266865230610442,39.3610539647435,6.7997,23.2022296078196,5.24321852057596,NA,0,0,0,0,0
"UGA",2020,0,0,0,0,0,0,0,0,0,0,0,2.37578872053309,0.252231889793945,37.0006923916369,6.7293,22.1033563422171,2.62802061032703,NA,0,0,0,0,0
"UGA",2021,0,0,0,0,55,145,200,16.6666666666667,0,4.58333333333333,12.0833333333333,3.44411222230529,0.744614230461867,41.7136307424781,8.572,23.6012010395494,4.18872645276716,200,4,42,158,4,42
"UGA",2022,0,0,0,0,0,0,0,0,0,0,0,4.24312411159032,1.37573978710851,34.5053019270937,8.1911,19.3925808858776,5.61886389869883,NA,0,0,0,0,0
"UGA",2023,0,0,0,0,0,0,0,0,0,0,0,2.96068890680383,1.45187874568621,33.3416963302219,2.393,19.4190099538259,4.41256765249004,NA,0,0,0,0,0
"UGA",2024,0,0,0,0,0,0,0,0,0,0,0,2.32497095855221,0.711051042553324,42.6527889088562,2.5276,16.96135260843,3.03602200110553,NA,0,0,0,0,0
"UGA",2025,0,0,0,0,0,0,0,0,0,0,0,NA,NA,NA,NA,NA,NA,NA,0,0,0,0,0
"ZMB",2002,0,0,0,0,0,0,0,0,0,0,0,1.79506605084816,59.3239690503369,64.9164969990648,1.3728,8.00962727486297,61.1190351011851,NA,0,0,0,0,0
"ZMB",2003,0,0,0,0,0,0,0,0,0,0,0,2.52218765663852,60.0262278586003,62.3128446757629,1.2953,3.59953974676757,62.5484155152388,NA,0,0,0,0,0
"ZMB",2004,0,0,0,78,21,139,238,9.71153846153846,3.17948717948718,0.862179487179489,5.66987179487179,1.98338581633262,46.5515777026805,70.8130749317722,1.8132,4.46591430694416,48.5349635190131,238,18,88,150,18,88
"ZMB",2005,0,0,0,0,0,0,0,0,0,0,0,0.844028120274815,67.4376806672762,62.200282191364,4.364,10.4243305129052,68.281708787551,NA,0,0,0,0,0
"ZMB",2006,0,0,0,0,0,0,0,0,0,0,0,0.838501559249603,80.8375615687607,57.8568188739027,18.8145,31.9785926444574,81.6760631280103,NA,0,0,0,0,0
"ZMB",2007,0,0,0,0,0,0,0,0,0,0,0,0.475593312463412,78.115678057786,65.7714586909068,20.1526,39.7786520071578,78.5912713702494,NA,0,0,0,0,0
"ZMB",2008,0,0,0,12,0,108,120,10,1,0,9,0.421744083665289,79.7857145794274,59.4548891205874,22.0685,37.3035683405447,80.2074586630927,120,6,15,99,6,15
"ZMB",2009,0,0,0,0,0,0,0,0,0,0,0,0.486768260911491,78.5949410783729,56.1213809555165,12.2543,51.9674899389065,79.0817093392844,NA,0,0,0,0,0
"ZMB",2010,0,0,0,0,0,0,0,0,0,0,0,0.473192561204892,82.3283419185778,67.9009190299719,26.6185,48.4586286539631,82.8015344797827,NA,0,0,0,0,0
"ZMB",2011,0,0,0,0,0,0,0,0,0,0,0,0.562369702840533,78.5928539303859,72.7954324384283,10.1419,44.6960083441316,79.1552236332264,NA,0,0,0,0,0
"ZMB",2012,0,0,0,0,0,0,0,0,0,0,0,1.31390015743446,69.6772640831742,75.367709855907,13.2862,49.2118641035973,70.9911642406087,NA,0,0,0,0,0
"ZMB",2013,0,0,0,0,0,0,0,0,0,0,0,2.05442423414307,70.5950312224802,80.4562410213373,11.2304,40.2456079103037,72.6494554566233,NA,0,0,0,0,0
"ZMB",2014,0,0,0,0,0,0,0,0,0,0,0,1.19101690281408,73.0113024824784,76.1934997276313,8.48,31.8981483317815,74.2023193852925,NA,0,0,0,0,0
"ZMB",2015,0,0,0,0,0,0,0,0,0,0,0,1.55535306091139,74.7917338140349,79.8652687573958,6.0028,24.1059303154785,76.3470868749463,NA,0,0,0,0,0
"ZMB",2016,0,0,0,0,0,0,0,0,0,0,0,0.87637995732854,73.2307379852017,73.958561254616,4.8332,14.932427982912,74.1071179425302,NA,0,0,0,0,0
"ZMB",2017,0,0,0,0,0,0,0,0,0,0,0,0.918961664308822,79.5303550713286,71.5856946542566,3.7924,8.77064357310276,80.4493167356374,NA,0,0,0,0,0
"ZMB",2018,0,0,0,0,0,0,0,0,0,0,0,1.01571316093364,77.4606084696989,74.8883695274665,2.5258,6.3748426196843,78.4763216306325,NA,0,0,0,0,0
"ZMB",2019,0,0,0,0,0,0,0,0,0,0,0,1.36783558895875,74.58257510545,68.791204936096,2.855,4.92786160325023,75.9504106944088,NA,0,0,0,0,0
"ZMB",2020,0,0,0,0,0,0,0,0,0,0,0,1.73850401929445,78.8010057390337,79.2068494095955,2.4711,4.07514672518242,80.5395097583282,NA,0,0,0,0,0
"ZMB",2021,0,0,0,0,0,0,0,0,0,0,0,1.67696240024655,79.2520502689073,86.2085111934645,5.2557,10.2209380297614,80.9290126691538,NA,0,0,0,0,0
"ZMB",2022,0,0,0,0,61,296,357,13.4725274725275,0,2.31318681318681,11.1593406593407,2.81611636018103,75.6024881567735,69.2973154193203,9.5849,10.4405689268511,78.4186045169545,357,31,105,223,31,105
"ZMB",2023,0,0,0,0,0,0,0,0,0,0,0,4.09782634161287,71.3565858556083,78.2418870451485,11.725,10.9131995443089,75.4544121972212,NA,0,0,0,0,0
"ZMB",2024,0,0,0,0,0,0,0,0,0,0,0,2.72110717813148,72.9899534292382,62.5348874064443,9.9308,14.5453908868032,75.7110606073697,NA,0,0,0,0,0
"ZMB",2025,0,0,0,0,0,0,0,0,0,0,0,NA,NA,NA,NA,NA,NA,NA,0,0,0,0,0
