programnr,Arrangement Number,Country Name,MONA Code,ISO3,Approval Year,arrtype_group,nrquarters,approvaldate,nrcondtype_pc,nrcondtype_pa,nrcondtype_sb,nrcondtype_all,avgcondtype_all,avgcondtype_pc,avgcondtype_pa,avgcondtype_sb,unsc,unsc3,unsc_t1,XDebtGNI,DebtServGNI,ResXDebt,FuelExportPct,MineralExportPct,Rohstoffabhängigkeit
83,594,ZAMBIA,754,ZMB,2008,PRGF,12,2008-06-04,12,0,108,120,10,1,0,9,0,0,0,59.4548891205874,22.0685,37.3035683405447,0.421744083665289,79.7857145794274,80.2074586630927
108,619,GHANA,652,GHA,2009,PRGF,12,2009-07-15,0,29,147,176,14.666666666666666,0,2.4166666666666665,12.25,0,0,0,71.5947385281523,11.6577,28.4806289961588,1.75329081764514,1.74904889698946,3.5023397146346
110,621,COMOROS,632,COM,2009,PRGF,12,2009-09-21,0,16,47,63,5.25,0,1.3333333333333333,3.9166666666666665,0,0,0,37.8969223253542,1.6544,52.6209862986815,0.0236698103289717,0.0372923820621511,0.0609621923911228
110,621,COMOROS,632,COM,2009,PRGF,17,2009-09-21,0,36,155,191,11.235294117647058,0,2.1176470588235294,9.117647058823529,0,0,0,37.8969223253542,1.6544,52.6209862986815,0.0236698103289717,0.0372923820621511,0.0609621923911228
112,623,ANGOLA,614,AGO,2009,EFF_SBA,9,2009-11-23,0,15,75,90,10,0,1.6666666666666667,8.333333333333334,0,0,0,102.263183257504,12.7855,67.3862436646591,97.9163484511435,2.00203147222072,99.91837992336423
112,623,ANGOLA,614,AGO,2009,EFF_SBA,10,2009-11-23,0,12,68,80,8,0,1.2,6.8,0,0,0,102.263183257504,12.7855,67.3862436646591,97.9163484511435,2.00203147222072,99.91837992336423
118,634,MAURITANIA,682,MRT,2010,PRGF,12,2010-03-15,0,0,107,107,8.916666666666666,0,0,8.916666666666666,0,0,0,93.4207451334608,30.5273,8.09372148959162,14.4296063553899,35.3547808620966,49.7843872174865
118,634,MAURITANIA,682,MRT,2010,PRGF,13,2010-03-15,0,1,80,81,6.230769230769231,0,0.07692307692307693,6.153846153846154,0,0,0,93.4207451334608,30.5273,8.09372148959162,14.4296063553899,35.3547808620966,49.7843872174865
123,641,LESOTHO,666,LSO,2010,PRGF,12,2010-06-02,0,0,66,66,5.5,0,0,5.5,0,0,0,150.102435487333,0,188.561318067165,0.0769376796124365,0.442932312242704,0.5198699918551405
123,641,LESOTHO,666,LSO,2010,PRGF,14,2010-06-02,0,0,56,56,4,0,0,4,0,0,0,150.102435487333,0,188.561318067165,0.0769376796124365,0.442932312242704,0.5198699918551405
149,686,CENTRAL AFRICAN REPUBLIC,626,CAF,2012,PRGF,8,2012-06-25,0,2,14,16,2,0,0.25,1.75,0,0,0,33.0594485943314,17.3583,25.1925333983863,0.046403868360573,57.8085217674326,57.85492563579317
158,699,TUNISIA,744,TUN,2013,EFF_SBA,8,2013-06-07,0,3,127,130,16.25,0,0.375,15.875,0,0,0,98.9549566862038,25.0238,28.7486211611694,15.2132858501248,1.49740188611581,16.710687736240608
158,699,TUNISIA,744,TUN,2013,EFF_SBA,10,2013-06-07,0,6,135,141,14.1,0,0.6,13.5,0,0,0,98.9549566862038,25.0238,28.7486211611694,15.2132858501248,1.49740188611581,16.710687736240608
174,725,GHANA,652,GHA,2015,PRGF,12,2015-04-03,0,35,98,133,11.083333333333334,0,2.9166666666666665,8.166666666666666,0,0,0,76.5212709243242,10.5541,18.3432463946771,21.7019621780148,1.53114850582018,23.23311068383498
174,725,GHANA,652,GHA,2015,PRGF,16,2015-04-03,0,59,182,241,15.0625,0,3.6875,11.375,0,0,0,76.5212709243242,10.5541,18.3432463946771,21.7019621780148,1.53114850582018,23.23311068383498
180,735,TUNISIA,744,TUN,2016,EFF_SBA,16,2016-05-20,0,72,252,324,20.25,0,4.5,15.75,0,0,0,87.0926643641466,22.6706,20.7845127192957,5.6449759317471,1.62468650036307,7.26966243211017
184,742,MADAGASCAR,674,MDG,2016,PRGF,14,2016-07-27,0,40,159,199,14.214285714285714,0,2.857142857142857,11.357142857142858,0,0,0,60.8346984831423,6.8678,39.7637876951396,2.55520071174556,24.9275155512368,27.48271626298236
184,742,MADAGASCAR,674,MDG,2016,PRGF,15,2016-07-27,0,9,33,42,2.8,0,0.6,2.2,0,0,0,60.8346984831423,6.8678,39.7637876951396,2.55520071174556,24.9275155512368,27.48271626298236
187,746,CENTRAL AFRICAN REPUBLIC,626,CAF,2016,PRGF,12,2016-07-20,0,23,121,144,12,0,1.9166666666666667,10.083333333333334,0,0,0,50.53064402191,15.0567,32.2353111184096,0.0462492040248339,2.19732333466574,2.243572538690574
187,746,CENTRAL AFRICAN REPUBLIC,626,CAF,2016,PRGF,13,2016-07-20,0,5,41,46,3.5384615384615383,0,0.38461538461538464,3.1538461538461537,0,0,0,50.53064402191,15.0567,32.2353111184096,0.0462492040248339,2.19732333466574,2.243572538690574
196,758,SIERRA LEONE,724,SLE,2017,PRGF,6,2017-06-05,0,4,11,15,2.5,0,0.6666666666666666,1.8333333333333333,0,0,0,41.5213782343591,10.8705,30.6035747879682,0.0564669332343084,9.23607569467904,9.292542627913347
197,759,GABON,646,GAB,2017,EFF_SBA,12,2017-06-19,0,41,134,175,14.583333333333334,0,3.4166666666666665,11.166666666666666,0,0,0,75.0687404456638,3.151,14.6694853489707,62.2945642697917,3.31591796865075,65.61048223844244
198,760,CAMEROON,622,CMR,2017,PRGF,12,2017-06-26,0,39,290,329,27.416666666666668,0,3.25,24.166666666666668,0,0,0,39.1990216052629,5.2499,31.8093315326756,43.4494115764582,5.5909381172815404,49.04034969373974
198,760,CAMEROON,622,CMR,2017,PRGF,13,2017-06-26,0,15,119,134,10.307692307692308,0,1.1538461538461537,9.153846153846153,0,0,0,39.1990216052629,5.2499,31.8093315326756,43.4494115764582,5.5909381172815404,49.04034969373974
203,768,MALAWI,676,MWI,2018,PRGF,10,2018-04-30,0,9,60,69,6.9,0,0.9,6,0,0,0,43.578773489,1.1211,33.8151640446414,0.0658028178635877,0.520621161876729,0.5864239797403167
203,768,MALAWI,676,MWI,2018,PRGF,12,2018-04-30,0,14,68,82,6.833333333333333,0,1.1666666666666667,5.666666666666667,0,0,0,43.578773489,1.1211,33.8151640446414,0.0658028178635877,0.520621161876729,0.5864239797403167
206,773,SIERRA LEONE,724,SLE,2018,PRGF,15,2018-11-30,0,12,26,38,2.533333333333333,0,0.8,1.7333333333333334,0,0,0,37.3774603119412,10.282,27.3394520213469,0.143317650742994,19.708507181177,19.851824831919995
206,773,SIERRA LEONE,724,SLE,2018,PRGF,19,2018-11-30,0,14,57,71,3.736842105263158,0,0.7368421052631579,3,0,0,0,37.3774603119412,10.282,27.3394520213469,0.143317650742994,19.708507181177,19.851824831919995
206,773,SIERRA LEONE,724,SLE,2018,PRGF,20,2018-11-30,0,60,77,137,6.85,0,3,3.85,0,0,0,37.3774603119412,10.282,27.3394520213469,0.143317650742994,19.708507181177,19.851824831919995
207,774,ANGOLA,614,AGO,2018,EFF_SBA,12,2018-12-07,0,23,224,247,20.583333333333332,0,1.9166666666666667,18.666666666666668,0,0,0,58.2698953890633,4.5827,24.9393651478579,95.6723202169276,2.9599977992618,98.6323180161894
207,774,ANGOLA,614,AGO,2018,EFF_SBA,13,2018-12-07,0,4,57,61,4.6923076923076925,0,0.3076923076923077,4.384615384615385,0,0,0,58.2698953890633,4.5827,24.9393651478579,95.6723202169276,2.9599977992618,98.6323180161894
217,790,CENTRAL AFRICAN REPUBLIC,626,CAF,2019,PRGF,10,2019-12-20,0,5,11,16,1.6,0,0.5,1.1,0,0,0,50.0658000014868,14.3762,40.3703328528045,0.0113438958450479,4.84862130405419,4.859965199899238
217,790,CENTRAL AFRICAN REPUBLIC,626,CAF,2019,PRGF,12,2019-12-20,0,2,6,8,0.6666666666666666,0,0.16666666666666666,0.5,0,0,0,50.0658000014868,14.3762,40.3703328528045,0.0113438958450479,4.84862130405419,4.859965199899238
225,806,MADAGASCAR,674,MDG,2021,PRGF,13,2021-03-29,0,7,51,58,4.461538461538462,0,0.5384615384615384,3.923076923076923,0,0,0,55.2158585927485,4.3029,43.6790686321069,1.17584586276708,31.3612347027315,32.537080565498584
225,806,MADAGASCAR,674,MDG,2021,PRGF,14,2021-03-29,0,13,109,122,8.714285714285714,0,0.9285714285714286,7.785714285714286,0,0,0,55.2158585927485,4.3029,43.6790686321069,1.17584586276708,31.3612347027315,32.537080565498584
226,810,UGANDA,746,UGA,2021,PRGF,12,2021-06-28,0,55,145,200,16.666666666666668,0,4.583333333333333,12.083333333333334,0,0,0,41.7136307424781,8.572,23.6012010395494,3.44411222230529,0.744614230461867,4.188726452767157
229,815,GABON,646,GAB,2021,EFF_SBA,12,2021-07-28,0,9,59,68,5.666666666666667,0,0.75,4.916666666666667,0,0,0,85.3483122054787,0.2149,16.6511067504691,52.3128650846528,6.75461904672039,59.06748413137319
237,828,MOZAMBIQUE,688,MOZ,2022,PRGF,12,2022-05-09,0,20,90,110,9.166666666666666,0,1.6666666666666667,7.5,0,0,0,135.274535098995,2.3487,4.43318049163302,50.7186898345651,30.4675661590987,81.18625599366379
238,832,CAPE VERDE,624,CPV,2022,PRGF,12,2022-06-15,0,0,116,116,9.666666666666666,0,0,9.666666666666666,0,0,0,96.9941368513357,16.4615,30.3660227232231,0,0.00576283024949212,0.00576283024949212
238,832,CAPE VERDE,624,CPV,2022,PRGF,18,2022-06-15,0,0,72,72,4,0,0,4,0,0,0,96.9941368513357,16.4615,30.3660227232231,0,0.00576283024949212,0.00576283024949212
241,838,ZAMBIA,754,ZMB,2022,PRGF,13,2022-08-31,0,49,214,263,20.23076923076923,0,3.769230769230769,16.46153846153846,0,0,0,69.2973154193203,9.5849,10.4405689268511,2.81611636018103,75.6024881567735,78.41860451695453
241,838,ZAMBIA,754,ZMB,2022,PRGF,14,2022-08-31,0,12,82,94,6.714285714285714,0,0.8571428571428571,5.857142857142857,0,0,0,69.2973154193203,9.5849,10.4405689268511,2.81611636018103,75.6024881567735,78.41860451695453
248,856,GHANA,652,GHA,2023,PRGF,12,2023-05-17,0,37,145,182,15.166666666666666,0,3.0833333333333335,12.083333333333334,1,1,0,64.3878615301086,9.0197,8.69027246258012,24.5298166225955,3.79789972324939,28.32771634584489
250,859,CENTRAL AFRICAN REPUBLIC,626,CAF,2023,PRGF,13,2023-04-27,0,22,66,88,6.769230769230769,0,1.6923076923076923,5.076923076923077,0,0,0,43.480570208358,11.3823,44.2634270780256,0.00634066374558888,12.6689665953919,12.675307259137488
253,863,COMOROS,632,COM,2023,PRGF,16,2023-06-01,0,27,165,192,12,0,1.6875,10.3125,0,0,0,44.4398634497089,0.1187,85.0235095063537,0.00485457345334166,1.23197156881377,1.2368261422671116
263,887,MADAGASCAR,674,MDG,2024,PRGF,12,2024-06-21,0,15,66,81,6.75,0,1.25,5.5,0,0,0,57.5370213293734,1.5271,41.85063947352,2.55012561538512,32.8646357716195,35.41476138700462
