"ISO3","Year","total_cond","rohstoff_cond","stabil_cond","sonstige_cond","avgcondtype_all","rohstoff_cond_share","stabil_cond_share","FuelExportPct","MineralExportPct","XDebtGNI","DebtServGNI","ResXDebt","unsc","unsc_t1","unsc3","resource_dep","Rohstoffabhängigkeit","region"
"AFG",2006,288,40,177,92,0.753472222222222,0.138888888888889,0.614583333333333,NA,NA,NA,1.9553,NA,0,0,0,NA,NA,"SA"
"AFG",2011,54,5,27,26,0.592592592592593,0.0925925925925926,0.5,NA,0.305786388425507,NA,3.2314,255.283575583065,0,0,0,NA,NA,"SA"
"AFG",2016,277,21,157,117,0.642599277978339,0.075812274368231,0.566787003610108,NA,1.12452208638717,NA,13.6576,280.499616022613,0,0,0,NA,NA,"SA"
"AFG",2020,16,0,12,4,0.75,0,0.75,NA,NA,46.7098945514103,14.3132,320.681395865271,0,0,0,NA,NA,"SA"
"AGO",2009,170,0,152,18,0.894117647058824,0,0.894117647058824,97.9163484511435,2.00203147222072,102.263183257504,12.7855,67.3862436646591,0,0,0,99.9183799233642,99.9183799233642,"SSA"
"AGO",2018,308,5,193,115,0.642857142857143,0.0162337662337662,0.626623376623377,95.6723202169276,2.9599977992618,58.2698953890633,4.5827,24.9393651478579,0,0,0,98.6323180161894,98.6323180161894,"SSA"
"ALB",2002,403,23,322,58,0.856079404466501,0.0570719602977667,0.799007444168734,2.00964296137502,3.43255983968605,65.9914650336802,2.4594,73.3688144776657,0,0,0,5.44220280106107,5.44220280106107,"ECA"
"ALB",2006,361,9,275,77,0.786703601108033,0.0249307479224377,0.761772853185596,13.6870930880734,37.8643455707951,72.2019089483674,15.3488,71.995324774825,0,0,0,51.5514386588685,51.5514386588685,"ECA"
"ALB",2014,536,19,421,96,0.82089552238806,0.0354477611940298,0.78544776119403,1.56752332146237,4.58216010178408,75.0212023084129,22.0266,31.3076239405158,0,0,0,6.14968342324645,6.14968342324645,"ECA"
"ARG",2003,176,10,96,80,0.602272727272727,0.0568181818181818,0.545454545454545,17.0830633855413,3.00518542990703,40.6447480311085,13.6967,8.66192564142803,0,0,0,20.0882488154483,20.0882488154483,"LAC"
"ARG",2018,74,5,74,0,1.06756756756757,0.0675675675675676,1,4.11930419519493,0.475460975897366,30.7625359549926,24.393,23.8356244191513,0,0,0,4.5947651710923,4.5947651710923,"LAC"
"ARG",2022,390,66,285,70,0.9,0.169230769230769,0.730769230769231,6.17703046770052,0.279738031699619,31.5801792606256,19.821,17.9917815681201,0,0,0,6.45676849940014,6.45676849940014,"LAC"
"ARG",2025,53,12,30,14,0.792452830188679,0.226415094339623,0.566037735849057,NA,NA,30.364633685192,NA,NA,0,0,0,NA,NA,"LAC"
"ARM",2005,198,5,157,41,0.818181818181818,0.0252525252525253,0.792929292929293,2.21920980265978,9.40870946056114,70.1397385835334,15.1206,33.9867997524662,0,0,0,11.6279192632209,11.6279192632209,"ECA"
"ARM",2008,12,4,12,0,1.33333333333333,0.333333333333333,1,0.259782913208907,28.548310685311,54.5423279613666,14.4161,38.9426901449574,0,0,0,28.8080935985199,28.8080935985199,"ECA"
"ARM",2009,44,14,28,9,0.954545454545455,0.318181818181818,0.636363636363636,0.0903876860458172,44.0860659129662,57.2742357441995,10.7228,40.6006069455793,0,0,0,44.176453599012,44.176453599012,"ECA"
"ARM",2010,167,4,112,55,0.694610778443114,0.0239520958083832,0.67065868263473,3.02154436932198,50.7772242753667,64.642975973633,10.3967,29.5825877386077,0,0,0,53.7987686446887,53.7987686446887,"ECA"
"ARM",2014,195,28,131,58,0.815384615384615,0.143589743589744,0.671794871794872,5.94447107873547,35.230494315673,75.778866962639,10.6154,17.4088735967411,0,0,0,41.1749653944085,41.1749653944085,"ECA"
"ARM",2019,182,8,87,89,0.521978021978022,0.043956043956044,0.478021978021978,2.85017379117155,36.1418001345159,97.847004865327,13.4175,23.9778537148483,0,0,0,38.9919739256874,38.9919739256874,"ECA"
"ARM",2022,218,17,158,43,0.802752293577982,0.0779816513761468,0.724770642201835,1.90126435030844,21.8592963976107,103.878629213508,20.3501,25.809119072306,0,0,0,23.7605607479191,23.7605607479191,"ECA"
"ARM",2025,13,0,11,2,0.846153846153846,0,0.846153846153846,NA,NA,101.705936395702,NA,NA,0,0,0,NA,NA,"ECA"
"BDI",2004,213,38,133,43,0.802816901408451,0.178403755868545,0.624413145539906,0.00597765777574388,0.731753556244,NA,1.6614,4.87311300946989,0,0,0,0.737731214019744,0.737731214019744,"SSA"
"BDI",2008,210,11,152,55,0.776190476190476,0.0523809523809524,0.723809523809524,0.795630709133161,5.27097031201033,NA,1.2938,19.1713523432241,0,0,0,6.06660102114349,6.06660102114349,"SSA"
"BDI",2012,145,0,142,3,0.979310344827586,0,0.979310344827586,9.34357775887626e-05,7.47997046218224,NA,1.0942,46.5047086848843,0,0,0,7.48006389795983,7.48006389795983,"SSA"
"BDI",2023,8,0,8,0,1,0,1,1.88698422568729,1.90126959438202,NA,0.0284,8.74039311681112,0,0,0,3.78825382006931,3.78825382006931,"SSA"
"BEN",2005,200,16,112,72,0.64,0.08,0.56,0,0.549277174532844,39.0959311879142,13.7224,NA,1,1,1,0.549277174532844,0.549277174532844,"SSA"
"BEN",2010,229,29,167,33,0.85589519650655,0.126637554585153,0.729257641921397,0.0107280032335427,0.99834562553885,51.4308599492924,28.8059,NA,0,0,0,1.00907362877239,1.00907362877239,"SSA"
"BEN",2017,216,0,177,39,0.819444444444444,0,0.819444444444444,0.0293425152703835,0.536547485699829,61.4765969588474,19.1984,NA,0,0,0,0.565890000970212,0.565890000970212,"SSA"
"BEN",2022,152,4,93,55,0.638157894736842,0.0263157894736842,0.611842105263158,0.00331545034449681,0.357911777997014,44.3815928877424,15.1548,NA,0,0,0,0.361227228341511,0.361227228341511,"SSA"
"BFA",2003,158,11,141,6,0.962025316455696,0.069620253164557,0.892405063291139,0.0392168571814168,0.0213163134052237,30.3682364077323,0.8043,NA,0,0,0,0.0605331705866405,0.0605331705866405,"SSA"
"BFA",2007,164,11,141,14,0.926829268292683,0.0670731707317073,0.859756097560976,11.5064923076897,0.178953782654883,33.7797172895073,7.8705,NA,0,0,0,11.6854460903446,11.6854460903446,"SSA"
"BFA",2010,244,26,121,118,0.602459016393443,0.10655737704918,0.495901639344262,2.81555837145725,0.491640973412152,49.0732385398039,0,NA,0,1,1,3.3071993448694,3.3071993448694,"SSA"
"BFA",2013,226,37,132,63,0.747787610619469,0.163716814159292,0.584070796460177,4.62626483089881,1.0683296718819,64.0358513024234,0,NA,0,0,0,5.69459450278071,5.69459450278071,"SSA"
"BFA",2018,179,30,122,27,0.849162011173184,0.167597765363128,0.681564245810056,0.828034728125843,5.856068296676,60.5956256236488,0,NA,0,0,0,6.68410302480184,6.68410302480184,"SSA"
"BFA",2023,235,16,141,83,0.668085106382979,0.0680851063829787,0.6,0.0160865926865482,0.322414970435841,63.1530435873964,0,NA,0,0,0,0.338501563122389,0.338501563122389,"SSA"
"BGD",2003,210,3,107,102,0.523809523809524,0.0142857142857143,0.509523809523809,0.32333946274161,0.0234516661687324,27.657884900158,3.3459,14.2330258441052,0,0,0,0.346791128910342,0.346791128910342,"SA"
"BGD",2012,230,30,175,43,0.891304347826087,0.130434782608696,0.760869565217391,1.82373354611352,0.417876025550295,48.1109227490467,6.7127,43.7448109265041,0,0,0,2.24160957166381,2.24160957166381,"SA"
"BGD",2023,93,4,57,32,0.655913978494624,0.043010752688172,0.612903225806452,NA,NA,30.9829714104596,14.0386,21.5641144045852,0,0,0,NA,NA,"SA"
"BGR",2004,256,8,140,113,0.578125,0.03125,0.546875,7.99389645248731,12.4085273371493,93.0639046910296,19.6595,56.1790252120746,0,1,1,20.4024237896366,20.4024237896366,"ECA"
"BIH",2002,111,7,80,27,0.783783783783784,0.0630630630630631,0.720720720720721,NA,NA,78.7274783626,10.7376,41.8697259324451,0,0,0,NA,NA,"ECA"
"BIH",2009,68,0,40,28,0.588235294117647,0,0.588235294117647,13.1911783291495,10.7185151072861,73.7474942255023,10.3477,32.4928648727908,0,0,0,23.9096934364356,23.9096934364356,"ECA"
"BIH",2012,351,0,212,139,0.603988603988604,0,0.603988603988604,8.96086345617272,13.8812201411414,88.1451088628529,8.6685,33.6171002783203,0,1,1,22.8420835973141,22.8420835973141,"ECA"
"BIH",2016,82,2,28,53,0.365853658536585,0.024390243902439,0.341463414634146,6.79971818242652,7.31568328422097,88.2440340022738,5.5482,44.0339757730232,0,0,0,14.1154014666475,14.1154014666475,"ECA"
"BLR",2009,82,11,51,20,0.75609756097561,0.134146341463415,0.621951219512195,37.44466887987,0.594920082534629,108.63564482836,41.108,25.5459693030571,0,0,0,38.0395889624046,38.0395889624046,"ECA"
"BOL",2003,191,10,126,61,0.712041884816754,0.0523560209424084,0.659685863874346,30.1389419296459,17.6932791680357,51.967836443987,5.6618,18.7059258345077,0,0,0,47.8322210976816,47.8322210976816,"LAC"
"BRA",2002,247,9,78,169,0.352226720647773,0.0364372469635627,0.315789473684211,4.88298916852666,8.74037070967909,27.6183574022309,10.0864,16.3108841746678,0,0,0,13.6233598782058,13.6233598782058,"LAC"
"BRB",2018,334,4,174,156,0.532934131736527,0.0119760479041916,0.520958083832335,4.63274425971415,1.43572166566511,NA,NA,NA,0,0,0,6.06846592537926,6.06846592537926,"LAC"
"BRB",2022,138,17,68,59,0.615942028985507,0.123188405797101,0.492753623188406,9.75673125996316,3.7291549541843,NA,NA,NA,0,0,0,13.4858862141475,13.4858862141475,"LAC"
"CAF",2006,197,53,169,10,1.12690355329949,0.269035532994924,0.857868020304569,0.0134845615699792,15.7146700640248,36.3958702287378,12.2,12.6420101867723,0,0,0,15.7281546255948,15.7281546255948,"SSA"
"CAF",2012,16,4,12,0,1,0.25,0.75,0.046403868360573,57.8085217674326,33.0594485943314,17.3583,25.1925333983863,0,0,0,57.8549256357932,57.8549256357932,"SSA"
"CAF",2016,190,17,172,18,0.994736842105263,0.0894736842105263,0.905263157894737,0.0462492040248339,2.19732333466574,50.53064402191,15.0567,32.2353111184096,0,0,0,2.24357253869057,2.24357253869057,"SSA"
"CAF",2019,24,2,23,1,1.04166666666667,0.0833333333333333,0.958333333333333,0.0113438958450479,4.84862130405419,50.0658000014868,14.3762,40.3703328528045,0,0,0,4.85996519989924,4.85996519989924,"SSA"
"CAF",2023,88,27,70,8,1.10227272727273,0.306818181818182,0.795454545454545,0.00634066374558888,12.6689665953919,43.480570208358,11.3823,44.2634270780256,0,0,0,12.6753072591375,12.6753072591375,"SSA"
"CIV",2002,14,5,5,6,0.714285714285714,0.357142857142857,0.357142857142857,11.359930059128,0.163403618117846,55.9019482275388,6.8859,NA,0,0,0,11.5233336772458,11.5233336772458,"SSA"
"CIV",2009,92,18,67,11,0.923913043478261,0.195652173913043,0.728260869565217,29.4292929780665,0.403566085971238,66.6729037469185,3.2389,NA,0,0,0,29.8328590640377,29.8328590640377,"SSA"
"CIV",2011,756,135,382,281,0.683862433862434,0.178571428571429,0.505291005291005,24.3289042874042,0.189149965439685,64.7159030611345,3.6865,NA,0,0,0,24.5180542528439,24.5180542528439,"SSA"
"CIV",2016,341,67,280,61,1.01759530791789,0.196480938416422,0.821114369501466,12.2606024304154,0.182949942529029,47.5655783613535,2.3501,NA,0,0,0,12.4435523729444,12.4435523729444,"SSA"
"CIV",2023,94,2,81,13,0.882978723404255,0.0212765957446809,0.861702127659574,15.7704493008516,0.932912891480029,48.8170039103332,8.2067,NA,0,0,0,16.7033621923316,16.7033621923316,"SSA"
"CMR",2005,347,70,165,153,0.677233429394813,0.201729106628242,0.475504322766571,56.8647779866486,4.78205402791316,44.9976813478478,4.3352,12.5290160988282,0,0,0,61.6468320145618,61.6468320145618,"SSA"
"CMR",2017,463,47,317,140,0.786177105831533,0.101511879049676,0.684665226781857,43.4494115764582,5.59093811728154,39.1990216052629,5.2499,31.8093315326756,0,0,0,49.0403496937397,49.0403496937397,"SSA"
"CMR",2021,540,53,340,175,0.727777777777778,0.0981481481481482,0.62962962962963,51.8663592754246,2.0203363785866,36.7308347188558,4.2269,27.9608443681917,0,0,0,53.8866956540112,53.8866956540112,"SSA"
"COD",2009,126,32,113,10,1.15079365079365,0.253968253968254,0.896825396825397,NA,NA,63.0860045505312,4.7271,7.90787493144617,0,0,0,NA,NA,"SSA"
"COD",2021,215,58,129,34,0.869767441860465,0.269767441860465,0.6,0.00244527725898267,71.0236615792102,75.3870523860732,2.8078,33.0707549129425,0,0,0,71.0261068564692,71.0261068564692,"SSA"
"COD",2025,66,10,66,0,1.15151515151515,0.151515151515152,1,NA,NA,87.3342878785207,NA,NA,0,0,0,NA,NA,"SSA"
"COG",2004,92,42,78,5,1.30434782608696,0.456521739130435,0.847826086956522,NA,NA,131.368198717322,13.9017,1.82130351816687,0,0,0,NA,NA,"SSA"
"COG",2008,190,101,150,6,1.32105263157895,0.531578947368421,0.789473684210526,84.0961243972581,0.0282945243019541,133.108486659608,4.4825,74.1106579850402,0,1,1,84.12441892156,84.12441892156,"SSA"
"COG",2019,12,4,6,4,0.833333333333333,0.333333333333333,0.5,83.9394174364415,1.55912218977186,91.5757547930374,2.7833,11.7695148860798,0,0,0,85.4985396262134,85.4985396262134,"SSA"
"COG",2022,209,65,189,16,1.21531100478469,0.311004784688995,0.904306220095694,87.4554561831864,1.43657443739868,98.1613366922001,2.6285,11.4004065878658,0,0,0,88.8920306205851,88.8920306205851,"SSA"
"COL",2003,106,0,77,29,0.726415094339623,0,0.726415094339623,37.1903540205232,1.01255652251846,36.51618351723,9.5273,29.2577821652215,0,1,1,38.2029105430417,38.2029105430417,"LAC"
"COL",2005,58,0,36,22,0.620689655172414,0,0.620689655172414,39.2456236749078,1.34002058452425,37.422697494955,15.0327,39.8816404917104,0,0,0,40.585644259432,40.585644259432,"LAC"
"COM",2009,254,30,152,72,0.716535433070866,0.118110236220472,0.598425196850394,0.0236698103289717,0.0372923820621511,37.8969223253542,1.6544,52.6209862986815,0,0,0,0.0609621923911228,0.0609621923911228,"SSA"
"COM",2023,192,9,162,30,0.890625,0.046875,0.84375,0.00485457345334166,1.23197156881377,44.4398634497089,0.1187,85.0235095063537,0,0,0,1.23682614226711,1.23682614226711,"SSA"
"CPV",2002,135,34,102,13,1.00740740740741,0.251851851851852,0.755555555555556,NA,0.041923266103174,101.089702293616,0.8049,19.8825892262737,0,0,0,NA,NA,"SSA"
"CPV",2006,266,24,129,113,0.575187969924812,0.0902255639097744,0.484962406015038,0,0.252610584713906,117.816697232822,0.1375,48.5575617849621,0,0,0,0.252610584713906,0.252610584713906,"SSA"
"CPV",2010,32,0,17,15,0.53125,0,0.53125,0,0.886651706391125,85.5484498816191,0,43.1904364200831,0,0,0,0.886651706391125,0.886651706391125,"SSA"
"CPV",2019,49,0,35,14,0.714285714285714,0,0.714285714285714,0,0.162556583851755,103.602656463726,15.1147,34.2729983351114,0,0,0,0.162556583851755,0.162556583851755,"SSA"
"CPV",2022,188,0,125,63,0.664893617021277,0,0.664893617021277,0,0.00576283024949212,96.9941368513357,16.4615,30.3660227232231,0,0,0,0.00576283024949212,0.00576283024949212,"SSA"
"CRI",2009,23,0,8,15,0.347826086956522,0,0.347826086956522,0.564266128388826,0.736285165169548,69.7593172897331,NA,NA,1,1,1,1.30055129355837,1.30055129355837,"LAC"
"CRI",2021,80,0,61,19,0.7625,0,0.7625,0.021567003753793,1.65528808128059,70.103693305909,NA,NA,0,0,0,1.67685508503438,1.67685508503438,"LAC"
"CYP",2013,332,11,116,211,0.382530120481928,0.0331325301204819,0.349397590361446,2.30321642764847e-05,11.4983139277849,120.926200639389,NA,NA,0,0,0,11.4983369599492,11.4983369599492,"ECA"
"DJI",2008,227,38,142,57,0.79295154185022,0.167400881057269,0.625550660792952,NA,NA,NA,17.3586,20.7629915664544,0,0,0,NA,NA,"SSA"
"DMA",2002,59,14,21,27,0.593220338983051,0.23728813559322,0.355932203389831,0,3.74047696678161,NA,10.5847,18.2806353125478,0,0,0,3.74047696678161,3.74047696678161,"LAC"
"DMA",2003,122,0,54,68,0.442622950819672,0,0.442622950819672,0,4.38973183206148,NA,24.0149,15.5290238861307,0,0,0,4.38973183206148,4.38973183206148,"LAC"
"DOM",2003,63,0,31,32,0.492063492063492,0,0.492063492063492,2.5885470393514,0.451525526676631,84.4495031861592,14.1746,3.84155226343977,0,0,0,3.04007256602803,3.04007256602803,"LAC"
"DOM",2005,500,21,298,187,0.638,0.042,0.596,5.2442182706843,0.66806770432309,61.6535587358027,11.4441,24.8954762689644,0,0,0,5.91228597500739,5.91228597500739,"LAC"
"DOM",2009,80,7,44,34,0.6375,0.0875,0.55,5.84510534150755,2.50389439109212,50.6509376792025,14.8042,30.2026382779909,0,0,0,8.34899973259967,8.34899973259967,"LAC"
"ECU",2003,67,10,26,33,0.537313432835821,0.149253731343284,0.388059701492537,43.1626885974467,0.188013321764884,52.3575426975979,8.5831,5.83353234017495,0,0,0,43.3507019192116,43.3507019192116,"LAC"
"ECU",2019,88,8,75,13,0.943181818181818,0.0909090909090909,0.852272727272727,39.1701538590398,1.39691194692572,48.0828494933307,1.7967,5.66194579175655,0,0,0,40.5670658059655,40.5670658059655,"LAC"
"ECU",2020,189,0,157,32,0.830687830687831,0,0.830687830687831,26.0572897017572,4.12023735620389,43.9893109378389,2.0009,12.6541377163322,0,0,0,30.1775270579611,30.1775270579611,"LAC"
"ECU",2024,197,21,143,46,0.83248730964467,0.106598984771574,0.725888324873096,27.4813880702454,6.88594032491159,57.4436448205751,1.0373,11.4433443189908,1,1,1,34.367328395157,34.367328395157,"LAC"
"EGY",2016,259,42,185,62,0.876447876447876,0.162162162162162,0.714285714285714,13.7657934284608,3.66341693440169,30.2465490514505,17.2647,34.1714098122744,1,0,1,17.4292103628625,17.4292103628625,"MENA"
"EGY",2020,27,3,18,9,0.777777777777778,0.111111111111111,0.666666666666667,20.6229583667758,3.63017505658444,32.1262555667523,9.0228,29.404851483048,0,0,0,24.2531334233602,24.2531334233602,"MENA"
"EGY",2022,180,31,137,40,0.933333333333333,0.172222222222222,0.761111111111111,35.9532117277136,2.91694131479414,36.9831048772713,18.5434,19.7067253909647,0,0,0,38.8701530425077,38.8701530425077,"MENA"
"ETH",2009,24,0,19,5,0.791666666666667,0,0.791666666666667,0.00140983458174667,1.26154404333598,NA,4.2712,33.2164688138407,0,0,0,1.26295387791773,1.26295387791773,"SSA"
"ETH",2019,13,1,10,2,0.846153846153846,0.0769230769230769,0.769230769230769,0.000100158271942029,0.417258764730303,28.8152939292608,1.5874,9.85176687079036,0,1,1,0.417358923002245,0.417358923002245,"SSA"
"ETH",2024,77,11,50,16,0.792207792207792,0.142857142857143,0.649350649350649,NA,NA,17.4004358586815,0.9621,10.3544942459446,0,0,0,NA,NA,"SSA"
"GAB",2004,150,35,63,62,0.653333333333333,0.233333333333333,0.42,76.1833932062393,5.50841106598959,81.7675371418698,4.4504,10.9219293951205,0,0,0,81.6918042722289,81.6918042722289,"SSA"
"GAB",2007,94,31,67,12,1.04255319148936,0.329787234042553,0.712765957446808,83.4131671985386,3.60059532421835,85.1324791636578,8.6978,24.1251490739474,0,0,0,87.0137625227569,87.0137625227569,"SSA"
"GAB",2017,175,6,157,18,0.931428571428571,0.0342857142857143,0.897142857142857,62.2945642697917,3.31591796865075,75.0687404456638,3.151,14.6694853489707,0,0,0,65.6104822384424,65.6104822384424,"SSA"
"GAB",2021,68,8,55,11,0.926470588235294,0.117647058823529,0.808823529411765,52.3128650846528,6.75461904672039,85.3483122054787,0.2149,16.6511067504691,0,0,0,59.0674841313732,59.0674841313732,"SSA"
"GEO",2004,259,26,168,77,0.749034749034749,0.1003861003861,0.648648648648649,3.52462707764719,24.1908885799925,79.0407459055607,4.5871,16.6914033517703,0,0,0,27.7155156576397,27.7155156576397,"ECA"
"GEO",2008,96,0,65,31,0.677083333333333,0,0.677083333333333,2.95013231247938,20.2382480864755,86.2982243681487,13.4236,19.1692633814818,0,0,0,23.1883803989549,23.1883803989549,"ECA"
"GEO",2012,7,0,4,3,0.571428571428571,0,0.571428571428571,2.9506292384286,10.54586482423,89.7348800946338,15.9717,21.2543266682517,0,0,0,13.4964940626586,13.4964940626586,"ECA"
"GEO",2014,22,0,13,9,0.590909090909091,0,0.590909090909091,3.7699143071261,7.02141310273315,94.9506979383393,15.2493,19.1398638204665,0,0,0,10.7913274098592,10.7913274098592,"ECA"
"GEO",2017,372,0,144,228,0.387096774193548,0,0.387096774193548,4.10234077225929,24.3437615637949,102.584277697146,15.263,18.9884320493199,0,0,0,28.4461023360542,28.4461023360542,"ECA"
"GEO",2022,51,0,28,23,0.549019607843137,0,0.549019607843137,2.60573425303883,32.7979025501132,114.695437688718,16.3328,20.9538653079122,0,0,0,35.403636803152,35.403636803152,"ECA"
"GHA",2003,227,80,120,31,0.881057268722467,0.352422907488987,0.52863436123348,0.0481803318787904,2.46857072038619,97.2871457139532,9.1218,17.7094465886763,0,0,0,2.51675105226498,2.51675105226498,"SSA"
"GHA",2009,176,31,117,40,0.840909090909091,0.176136363636364,0.664772727272727,1.75329081764514,1.74904889698946,71.5947385281523,11.6577,28.4806289961588,0,0,0,3.5023397146346,3.5023397146346,"SSA"
"GHA",2015,374,23,276,91,0.799465240641711,0.0614973262032086,0.737967914438503,21.7019621780148,1.53114850582018,76.5212709243242,10.5541,18.3432463946771,0,0,0,23.233110683835,23.233110683835,"SSA"
"GHA",2023,182,43,145,27,1.03296703296703,0.236263736263736,0.796703296703297,24.5298166225955,3.79789972324939,64.3878615301086,9.0197,8.69027246258012,1,1,1,28.3277163458449,28.3277163458449,"SSA"
"GIN",2007,59,9,49,3,0.983050847457627,0.152542372881356,0.830508474576271,0.864102683278354,73.4419716903088,71.1210322265015,4.0248,1.41713322716656,0,0,0,74.3060743735872,74.3060743735872,"SSA"
"GIN",2012,493,127,391,60,1.05070993914807,0.257606490872211,0.793103448275862,NA,NA,86.6743318322581,7.0934,56.9965890445029,0,0,0,NA,NA,"SSA"
"GIN",2017,238,57,142,55,0.836134453781513,0.239495798319328,0.596638655462185,NA,NA,101.251633768429,4.2348,41.0193050684563,0,0,0,NA,NA,"SSA"
"GMB",2002,8,0,7,1,0.875,0,0.875,0.00692766205053044,NA,59.642950918834,6.4175,18.3079552521825,0,0,0,NA,NA,"SSA"
"GMB",2007,361,1,312,49,0.867036011080332,0.00277008310249307,0.864265927977839,NA,0,44.2938444656791,3.1292,20.6687692848746,0,0,0,NA,NA,"SSA"
"GMB",2012,44,3,29,12,0.727272727272727,0.0681818181818182,0.659090909090909,0,0.45786601607713,47.7006731141985,3.9856,41.7700454165916,0,0,0,0.45786601607713,0.45786601607713,"SSA"
"GMB",2020,194,0,184,10,0.948453608247423,0,0.948453608247423,0,7.45944989729253,47.3955201736291,2.9954,40.1492854201049,0,0,0,7.45944989729253,7.45944989729253,"SSA"
"GMB",2024,192,14,125,53,0.723958333333333,0.0729166666666667,0.651041666666667,0,7.25401728860874,42.1706172080435,3.7471,38.2821078744936,0,0,0,7.25401728860874,7.25401728860874,"SSA"
"GNB",2010,84,4,73,8,0.916666666666667,0.0476190476190476,0.869047619047619,NA,NA,43.5145876385454,8.5425,NA,0,0,0,NA,NA,"SSA"
"GNB",2015,146,14,103,29,0.801369863013699,0.0958904109589041,0.705479452054795,0.00207808733428507,NA,54.3703755891285,7.0347,NA,0,0,0,NA,NA,"SSA"
"GNB",2023,513,39,371,134,0.799220272904483,0.0760233918128655,0.723196881091618,NA,NA,42.4351515242076,0.1102,NA,0,0,0,NA,NA,"SSA"
"GNQ",2019,13,4,9,2,1,0.307692307692308,0.692307692307692,NA,NA,94.8787924253545,NA,NA,1,1,1,NA,NA,"SSA"
"GRC",2010,172,28,115,43,0.831395348837209,0.162790697674419,0.668604651162791,26.0765746817089,8.28992249752207,50.9225181997227,NA,NA,0,0,0,34.366497179231,34.366497179231,"ECA"
"GRC",2012,336,10,188,144,0.589285714285714,0.0297619047619048,0.55952380952381,38.9473786760151,7.57301310927524,62.3942117351318,NA,NA,0,0,0,46.5203917852903,46.5203917852903,"ECA"
"GRD",2006,144,5,97,42,0.708333333333333,0.0347222222222222,0.673611111111111,0,0.080101458919477,NA,7.2554,22.08725714651,0,0,0,0.080101458919477,0.080101458919477,"LAC"
"GRD",2010,33,0,24,9,0.727272727272727,0,0.727272727272727,0,0.0118265832367857,NA,6.703,21.2552822808329,0,0,0,0.0118265832367857,0.0118265832367857,"LAC"
"GRD",2014,212,9,171,37,0.849056603773585,0.0424528301886792,0.806603773584906,0.194185696350986,0.0494167521988235,NA,12.3719,26.6186837729347,0,0,0,0.24360244854981,0.24360244854981,"LAC"
"GTM",2002,14,2,8,4,0.714285714285714,0.142857142857143,0.571428571428571,7.15402228818343,0.524514055435472,67.1048115244645,27.226,52.4245593320643,0,0,0,7.6785363436189,7.6785363436189,"LAC"
"GTM",2003,10,0,2,8,0.2,0,0.2,8.19705664111192,0.385124889688843,67.0023391862425,30.435,56.7120212913201,0,0,0,8.58218153080076,8.58218153080076,"LAC"
"GTM",2009,15,0,0,15,0,0,0,4.05012640218242,5.14889014336207,58.0406869738673,8.2701,35.1098383241386,0,0,0,9.19901654554449,9.19901654554449,"LAC"
"HND",2004,115,0,46,69,0.4,0,0.4,0.10107453163439,6.35794151098228,135.461758741854,6.8143,31.9030293553917,0,0,0,6.45901604261667,6.45901604261667,"LAC"
"HND",2008,6,1,4,1,0.833333333333333,0.166666666666667,0.666666666666667,NA,NA,135.748955193053,13.2359,70.851524567029,0,0,0,NA,NA,"LAC"
"HND",2010,39,9,21,12,0.769230769230769,0.230769230769231,0.538461538461538,8.0723038762939,6.01471210389409,109.441838241682,9.3373,67.4064711552552,0,0,0,14.087015980188,14.087015980188,"LAC"
"HND",2014,150,19,94,40,0.753333333333333,0.126666666666667,0.626666666666667,0.0260914911819797,3.88606656605623,112.97509728471,6.8287,46.8924350969364,0,0,0,3.91215805723821,3.91215805723821,"LAC"
"HND",2019,150,12,73,70,0.566666666666667,0.08,0.486666666666667,0.0140768372959928,2.70409749738022,99.4595352452417,7.9793,58.8811793892231,0,0,0,2.71817433467621,2.71817433467621,"LAC"
"HND",2023,112,3,54,56,0.508928571428571,0.0267857142857143,0.482142857142857,0.0650199693590328,3.40869496897492,98.7919798336365,11.5541,58.2768595437127,0,0,0,3.47371493833395,3.47371493833395,"LAC"
"HRV",2003,57,12,34,11,0.807017543859649,0.210526315789474,0.596491228070175,9.62307738195106,2.27026881473396,81.4423725005617,NA,NA,0,0,0,11.893346196685,11.893346196685,"ECA"
"HRV",2004,65,19,26,23,0.692307692307692,0.292307692307692,0.4,11.3262188190272,3.40409153854028,81.6460024380816,NA,NA,0,0,0,14.7303103575675,14.7303103575675,"ECA"
"HTI",2006,379,23,281,89,0.802110817941952,0.0606860158311346,0.741424802110818,NA,NA,37.0570704128996,8.2656,24.1210571697215,0,0,0,NA,NA,"LAC"
"HTI",2010,475,0,474,1,0.997894736842105,0,0.997894736842105,NA,NA,44.7215241260457,8.2363,185.082098629197,0,0,0,NA,NA,"LAC"
"HTI",2015,14,2,9,3,0.785714285714286,0.142857142857143,0.642857142857143,NA,NA,41.9457381172044,6.8222,84.934881968091,0,0,0,NA,NA,"LAC"
"HUN",2008,76,0,8,68,0.105263157894737,0,0.105263157894737,3.09137506197835,1.64535238442953,158.453224115619,NA,NA,0,0,0,4.73672744640788,4.73672744640788,"ECA"
"IRL",2010,377,0,134,243,0.355437665782493,0,0.355437665782493,1.13011667576576,1.13574439508563,190.08027278672,NA,NA,0,0,0,2.26586107085139,2.26586107085139,"ECA"
"IRQ",2005,89,19,48,29,0.752808988764045,0.213483146067416,0.539325842696629,96.3555657715066,0.03433026854802,115.742540308642,NA,NA,0,0,0,96.3898960400546,96.3898960400546,"MENA"
"IRQ",2007,68,3,47,21,0.735294117647059,0.0441176470588235,0.691176470588235,99.6294248203056,8.8879210934631e-05,74.092853105498,NA,NA,0,0,0,99.6295136995165,99.6295136995165,"MENA"
"IRQ",2010,87,16,74,0,1.03448275862069,0.183908045977011,0.850574712643678,99.7045850237878,0.000470060145031071,73.4974796202443,NA,NA,0,0,0,99.7050550839328,99.7050550839328,"MENA"
"IRQ",2016,79,12,72,7,1.06329113924051,0.151898734177215,0.911392405063291,99.9864810010682,NA,54.588320188677,5.3933,193.969501392406,0,0,0,NA,NA,"MENA"
"ISL",2008,173,0,71,102,0.410404624277457,0,0.410404624277457,1.48265540558041,39.8608258566713,81.9027481853952,NA,NA,0,0,0,41.3434812622517,41.3434812622517,"ECA"
"JAM",2010,65,0,35,30,0.538461538461538,0,0.538461538461538,22.6130787526814,44.2998718718147,NA,7.6722,17.6299813114687,0,0,0,66.9129506244961,66.9129506244961,"LAC"
"JAM",2013,823,20,685,136,0.856622114216282,0.0243013365735115,0.83232077764277,23.8316795122739,45.5969371537392,NA,11.1626,14.1073433123507,0,0,0,69.4286166660131,69.4286166660131,"LAC"
"JAM",2016,162,14,63,85,0.475308641975309,0.0864197530864197,0.388888888888889,15.8992712670727,50.4129949655701,NA,11.7642,23.5003330661397,0,0,0,66.3122662326428,66.3122662326428,"LAC"
"JAM",2023,29,0,6,23,0.206896551724138,0,0.206896551724138,28.7976547528445,37.604098048612,NA,17.1236,31.6244028116851,0,0,0,66.4017528014565,66.4017528014565,"LAC"
"JOR",2002,43,8,28,11,0.837209302325581,0.186046511627907,0.651162790697674,0.00638352187104476,16.7360177189512,114.03885781572,40.9143,31.6261918101737,0,0,0,16.7424012408222,16.7424012408222,"MENA"
"JOR",2012,149,36,83,37,0.798657718120805,0.241610738255034,0.557046979865772,0.282058142253294,11.1113902698849,NA,53.2112,48.2601308716103,0,0,0,11.3934484121382,11.3934484121382,"MENA"
"JOR",2016,138,12,80,51,0.666666666666667,0.0869565217391304,0.579710144927536,0.104709249071117,8.81527005731854,NA,38.6182,57.3337787130011,0,1,1,8.91997930638966,8.91997930638966,"MENA"
"JOR",2020,365,59,256,89,0.863013698630137,0.161643835616438,0.701369863013699,1.33182496918067,6.5270659968103,NA,37.0248,44.5907950178061,0,0,0,7.85889096599097,7.85889096599097,"MENA"
"JOR",2024,104,21,32,55,0.509615384615385,0.201923076923077,0.307692307692308,0.264858580668078,8.49611967128758,NA,38.1091,46.7126871088204,0,0,0,8.76097825195566,8.76097825195566,"MENA"
"KEN",2003,148,13,67,71,0.540540540540541,0.0878378378378378,0.452702702702703,19.1551044918056,2.9543556082054,54.132265895729,10.3024,22.0714590468592,0,0,0,22.109460100011,22.109460100011,"SSA"
"KEN",2011,37,7,30,7,1,0.189189189189189,0.810810810810811,NA,NA,58.4022059745625,12.871,42.472666004945,0,0,0,NA,NA,"SSA"
"KEN",2015,43,0,40,3,0.930232558139535,0,0.930232558139535,10.4002054705089,4.08741066311494,40.3273846919019,13.6387,37.9850175926342,0,0,0,14.4876161336238,14.4876161336238,"SSA"
"KEN",2016,26,5,23,3,1.07692307692308,0.192307692307692,0.884615384615385,7.46355756592411,4.26489839463264,34.8650195731824,10.1351,35.8723664031553,0,0,0,11.7284559605568,11.7284559605568,"SSA"
"KEN",2021,211,34,193,14,1.07582938388626,0.161137440758294,0.914691943127962,0.924149796237318,6.38746779763161,35.0020477795269,5.9073,23.0254823086428,1,0,1,7.31161759386893,7.31161759386893,"SSA"
"KGZ",2005,160,12,102,58,0.7125,0.075,0.6375,7.53021666575875,4.01191709879507,95.0840046303638,5.862,27.136089935651,0,0,0,11.5421337645538,11.5421337645538,"ECA"
"KGZ",2008,16,3,12,4,0.9375,0.1875,0.75,3.80008942757725,2.91474833895845,146.106082230139,10.7729,33.7679631813063,0,0,0,6.7148377665357,6.7148377665357,"ECA"
"KGZ",2011,188,7,142,46,0.792553191489362,0.0372340425531915,0.75531914893617,10.0198366401676,3.09382338750327,136.179840420492,3.4237,33.3395575989894,0,0,0,13.1136600276709,13.1136600276709,"ECA"
"KGZ",2015,171,6,104,63,0.64327485380117,0.0350877192982456,0.608187134502924,5.2179957360277,3.15939770942659,110.961570714633,4.5578,23.0299836610283,0,0,0,8.37739344545429,8.37739344545429,"ECA"
"KNA",2011,281,16,151,114,0.594306049822064,0.0569395017793594,0.537366548042705,0.00659375773280658,0.0966496001817182,NA,NA,NA,0,0,0,0.103243357914525,0.103243357914525,"LAC"
"LBR",2008,296,11,203,93,0.722972972972973,0.0371621621621622,0.685810810810811,NA,NA,NA,44.4656,5.08917627929797,0,0,0,NA,NA,"SSA"
"LBR",2012,341,40,270,71,0.909090909090909,0.117302052785924,0.791788856304985,NA,NA,NA,2.4652,117.864747909303,0,0,0,NA,NA,"SSA"
"LBR",2019,206,4,152,54,0.757281553398058,0.0194174757281553,0.737864077669903,NA,29.3580325518457,NA,0.0044,23.4577197505084,0,0,0,NA,NA,"SSA"
"LBR",2024,112,0,112,0,1,0,1,NA,NA,NA,0,16.4543194672274,0,0,0,NA,NA,"SSA"
"LKA",2003,11,0,4,7,0.363636363636364,0,0.363636363636364,0.0186247651649952,2.85516105965057,75.336247330543,7.0669,21.7581848372383,0,0,0,2.87378582481557,2.87378582481557,"SA"
"LKA",2009,186,8,99,79,0.575268817204301,0.043010752688172,0.532258064516129,0.0294628619921436,1.41195321485931,49.1491415308235,18.2192,27.4484977933376,0,0,0,1.44141607685145,1.44141607685145,"SA"
"LKA",2016,307,38,264,31,0.98371335504886,0.123778501628664,0.859934853420195,1.60024589595184,0.597589673351454,46.4715370250761,15.886,12.8757962849015,0,0,0,2.19783556930329,2.19783556930329,"SA"
"LKA",2023,352,55,211,106,0.755681818181818,0.15625,0.599431818181818,3.22549312462179,0.599148181330232,43.3476681195134,12.0528,7.27580860908277,0,0,0,3.82464130595202,3.82464130595202,"SA"
"LSO",2010,122,0,72,50,0.590163934426229,0,0.590163934426229,0.0769376796124365,0.442932312242704,150.102435487333,0,188.561318067165,0,0,0,0.51986999185514,0.51986999185514,"SSA"
"LVA",2008,210,5,83,122,0.419047619047619,0.0238095238095238,0.395238095238095,3.43291102396638,4.18138197861875,95.7681628438571,NA,NA,0,0,0,7.61429300258513,7.61429300258513,"ECA"
"MDA",2006,253,52,117,92,0.66798418972332,0.205533596837945,0.462450592885375,0.324050217151906,4.98885136775403,137.154763819994,32.1168,29.5746666710747,0,0,0,5.31290158490594,5.31290158490594,"ECA"
"MDA",2010,144,22,82,40,0.722222222222222,0.152777777777778,0.569444444444444,0.335665843311511,4.08749205259118,87.9378518951573,31.1305,36.3551689883271,0,0,0,4.42315789590269,4.42315789590269,"ECA"
"MDA",2016,394,54,70,281,0.314720812182741,0.137055837563452,0.177664974619289,0.0593215893309068,1.26264239762192,89.0046837188671,21.4053,35.4765241499818,0,0,0,1.32196398695283,1.32196398695283,"ECA"
"MDA",2021,251,7,133,111,0.557768924302789,0.0278884462151394,0.529880478087649,0.084563556459401,3.80559688805376,88.4708865399267,25.919,43.0316046101033,0,0,0,3.89016044451316,3.89016044451316,"ECA"
"MDG",2006,143,10,131,9,0.986013986013986,0.0699300699300699,0.916083916083916,5.51020605465603,3.60694833869441,62.1028389370244,14.4483,38.1916091358978,0,0,0,9.11715439335044,9.11715439335044,"SSA"
"MDG",2016,241,44,127,96,0.70954356846473,0.182572614107884,0.526970954356846,2.55520071174556,24.9275155512368,60.8346984831423,6.8678,39.7637876951396,0,0,0,27.4827162629824,27.4827162629824,"SSA"
"MDG",2021,180,53,174,5,1.26111111111111,0.294444444444444,0.966666666666667,1.17584586276708,31.3612347027315,55.2158585927485,4.3029,43.6790686321069,0,0,0,32.5370805654986,32.5370805654986,"SSA"
"MDG",2024,81,23,69,12,1.1358024691358,0.283950617283951,0.851851851851852,2.55012561538512,32.8646357716195,57.5370213293734,1.5271,41.85063947352,0,0,0,35.4147613870046,35.4147613870046,"SSA"
"MDV",2009,24,2,18,4,0.833333333333333,0.0833333333333333,0.75,0.0723389608650904,2.26226896637579,NA,43.6324,18.8737224967609,0,0,0,2.33460792724088,2.33460792724088,"SA"
"MKD",2005,230,2,113,115,0.5,0.00869565217391304,0.491304347826087,8.01509431727616,3.02525615728899,85.8410034787176,26.8573,45.0117519839887,0,0,0,11.0403504745651,11.0403504745651,"ECA"
"MKD",2011,1,0,1,0,1,0,1,8.7114019281988,5.90499182810197,113.19191013947,26.4767,44.585201630204,0,0,0,14.6163937563008,14.6163937563008,"ECA"
"MKD",2022,10,4,6,0,1,0.4,0.6,4.38877249744942,4.62489506666878,166.147357379878,26.7452,35.3972281471178,0,0,0,9.0136675641182,9.0136675641182,"ECA"
"MLI",2004,176,81,79,40,0.909090909090909,0.460227272727273,0.448863636363636,0.372089212769545,0.0545558717550678,44.0120986426998,1.542,NA,0,0,0,0.426645084524613,0.426645084524613,"SSA"
"MLI",2008,227,66,134,66,0.881057268722467,0.290748898678414,0.590308370044053,1.49126725513355,0.195917061532098,53.6430193085481,0.3174,NA,0,0,0,1.68718431666565,1.68718431666565,"SSA"
"MLI",2011,8,3,7,0,1.25,0.375,0.875,0.0326582678800252,0.756622607919208,43.1814699134793,6.6456,NA,0,0,0,0.789280875799233,0.789280875799233,"SSA"
"MLI",2013,272,29,232,19,0.959558823529412,0.106617647058824,0.852941176470588,NA,NA,54.603243985999,2.0097,NA,0,0,0,NA,NA,"SSA"
"MLI",2019,61,4,53,8,0.934426229508197,0.0655737704918033,0.868852459016393,0.731289909733974,0.15758018951255,53.9987132798636,1.9935,NA,0,0,0,0.888870099246524,0.888870099246524,"SSA"
"MNG",2009,76,0,36,40,0.473684210526316,0,0.473684210526316,NA,NA,107.813757166177,8.3064,44.4148375951545,0,0,0,NA,NA,"EAP"
"MNG",2017,199,3,97,99,0.50251256281407,0.0150753768844221,0.487437185929648,42.8047609310714,38.5693760214141,115.932901867963,10.6355,10.1448658964212,0,0,0,81.3741369524855,81.3741369524855,"EAP"
"MOZ",2004,228,6,121,103,0.557017543859649,0.0263157894736842,0.530701754385965,12.4214437884527,61.5258863677345,72.0520001612374,13.0988,19.3590661440903,0,0,0,73.9473301561872,73.9473301561872,"SSA"
"MOZ",2007,139,20,95,30,0.827338129496403,0.143884892086331,0.683453237410072,15.4818802550736,63.9600174907897,66.1203821840516,9.0782,26.8270251264371,0,0,0,79.4418977458633,79.4418977458633,"SSA"
"MOZ",2010,118,0,97,21,0.822033898305085,0,0.822033898305085,19.6535941900502,54.4350322992141,73.8373532681892,5.4328,20.1684538808784,0,0,0,74.0886264892643,74.0886264892643,"SSA"
"MOZ",2013,133,0,92,41,0.691729323308271,0,0.691729323308271,33.4629142605243,31.0274419767266,109.38537659913,2.5889,11.5721008393731,0,0,0,64.4903562372509,64.4903562372509,"SSA"
"MOZ",2015,3,0,1,2,0.333333333333333,0,0.333333333333333,31.0071856421793,38.1666974909423,98.7612036510901,2.6217,6.715252281864,0,0,0,69.1738831331216,69.1738831331216,"SSA"
"MOZ",2022,110,11,85,20,0.872727272727273,0.1,0.772727272727273,50.7186898345651,30.4675661590987,135.274535098995,2.3487,4.43318049163302,0,0,0,81.1862559936638,81.1862559936638,"SSA"
"MRT",2003,13,1,8,4,0.692307692307692,0.0769230769230769,0.615384615384615,NA,57.9052255149375,55.3180243332438,7.5768,1.37239206300779,0,0,0,NA,NA,"SSA"
"MRT",2006,47,12,40,3,1.1063829787234,0.25531914893617,0.851063829787234,NA,NA,82.7885012130323,14.7261,12.4666201243683,0,0,0,NA,NA,"SSA"
"MRT",2010,188,11,134,43,0.771276595744681,0.0585106382978723,0.712765957446808,14.4296063553899,35.3547808620966,93.4207451334608,30.5273,8.09372148959162,0,0,0,49.7843872174865,49.7843872174865,"SSA"
"MRT",2017,309,2,241,68,0.786407766990291,0.00647249190938511,0.779935275080906,NA,41.0389802400417,78.8149801833884,19.8348,16.6726937282476,0,0,0,NA,NA,"SSA"
"MRT",2023,204,8,121,83,0.632352941176471,0.0392156862745098,0.593137254901961,0.479637265150761,38.0527188819004,92.1654445146742,5.6284,NA,0,0,0,38.5323561470512,38.5323561470512,"SSA"
"MWI",2005,111,0,88,23,0.792792792792793,0,0.792792792792793,0.0204440152807278,0.195519483895518,NA,1.3504,5.16994161628928,0,0,0,0.215963499176246,0.215963499176246,"SSA"
"MWI",2010,26,2,16,10,0.692307692307692,0.0769230769230769,0.615384615384615,0.194092632314477,9.78759288872105,NA,4.2124,31.8727218660653,0,0,0,9.98168552103553,9.98168552103553,"SSA"
"MWI",2012,299,0,244,55,0.816053511705686,0,0.816053511705686,0.0920461716617677,10.9638195846174,NA,1.6135,18.3682388432475,0,0,0,11.0558657562792,11.0558657562792,"SSA"
"MWI",2018,151,0,143,8,0.947019867549669,0,0.947019867549669,0.0658028178635877,0.520621161876729,43.578773489,1.1211,33.8151640446414,0,0,0,0.586423979740317,0.586423979740317,"SSA"
"MWI",2023,27,3,21,3,0.888888888888889,0.111111111111111,0.777777777777778,0.000145544242795096,1.20089218272746,42.4376683990967,0.3818,NA,0,0,0,1.20103772697026,1.20103772697026,"SSA"
"NER",2005,230,37,181,21,0.947826086956522,0.160869565217391,0.78695652173913,2.12115926909511,31.3150221527887,38.3477418070736,2.0391,NA,0,0,0,33.4361814218838,33.4361814218838,"SSA"
"NER",2008,59,11,51,7,1.05084745762712,0.186440677966102,0.864406779661017,1.52450199726818,43.11064435735,39.7112440540383,9.7971,NA,0,0,0,44.6351463546182,44.6351463546182,"SSA"
"NER",2012,235,9,219,11,0.970212765957447,0.0382978723404255,0.931914893617021,18.2797186370485,0.0709574206197524,45.08596447308,5.323,NA,0,0,0,18.3506760576683,18.3506760576683,"SSA"
"NER",2017,354,2,317,36,0.901129943502825,0.00564971751412429,0.895480225988701,30.1595141410696,33.6473206443165,39.0298956366247,2.1261,NA,0,0,0,63.8068347853861,63.8068347853861,"SSA"
"NER",2021,375,60,318,24,1.008,0.16,0.848,32.8874566845561,25.9041815242586,38.0460948786617,0.8447,NA,1,1,1,58.7916382088147,58.7916382088147,"SSA"
"NGA",2005,184,30,73,97,0.559782608695652,0.16304347826087,0.396739130434783,NA,NA,NA,16.3784,85.0760686893569,0,0,0,NA,NA,"SSA"
"NIC",2002,477,21,269,200,0.607966457023061,0.0440251572327044,0.563941299790356,1.64675180288481,0.551183282742895,58.0912844080785,8.635,7.0369086044675,0,0,0,2.19793508562771,2.19793508562771,"LAC"
"NIC",2007,179,6,114,59,0.670391061452514,0.0335195530726257,0.636871508379888,0.846082875283833,2.18604355854271,93.025730229333,28.114,26.8200832502841,0,0,0,3.03212643382654,3.03212643382654,"LAC"
"NPL",2003,288,47,153,97,0.694444444444444,0.163194444444444,0.53125,0.00357579146798016,4.29431059801483,44.2478836156195,1.7116,40.0291042230548,0,0,0,4.29788638948281,4.29788638948281,"SA"
"NPL",2022,274,9,182,92,0.697080291970803,0.0328467153284672,0.664233576642336,0.000422001355639369,1.44460468329415,48.9734014800201,3.5048,101.474078693782,0,0,0,1.44502668464979,1.44502668464979,"SA"
"PAK",2008,85,15,57,18,0.847058823529412,0.176470588235294,0.670588235294118,6.18163514554564,1.28884444252292,34.3489608135242,2.7338,18.0076134712079,0,0,0,7.47047958806856,7.47047958806856,"SA"
"PAK",2013,695,118,423,203,0.77841726618705,0.169784172661871,0.60863309352518,2.10463441086617,2.09188614611273,30.8902743401844,7.725,12.7056244123229,1,1,1,4.1965205569789,4.1965205569789,"SA"
"PAK",2019,223,29,106,94,0.605381165919282,0.130044843049327,0.475336322869955,1.59922046539897,2.7507753083849,28.9055769867032,8.4068,15.0648827255287,0,0,0,4.34999577378387,4.34999577378387,"SA"
"PAK",2023,58,5,35,18,0.689655172413793,0.0862068965517241,0.603448275862069,0.583319121620756,4.50449223225348,28.4676925469837,6.8238,10.4795057107162,0,0,0,5.08781135387424,5.08781135387424,"SA"
"PAK",2024,134,19,68,49,0.649253731343284,0.141791044776119,0.507462686567164,1.71807476906982,4.33562939812151,27.5653309105795,7.4077,14.1906403607238,0,0,0,6.05370416719133,6.05370416719133,"SA"
"PAN",2021,12,0,6,6,0.5,0,0.5,0.183026429643391,79.9718329828951,80.1334635232887,NA,NA,0,0,0,80.1548594125385,80.1548594125385,"LAC"
"PER",2004,43,0,19,24,0.441860465116279,0,0.441860465116279,5.45456110464244,39.0245043877429,41.9360782679273,8.7331,39.8982104894219,0,0,0,44.4790654923853,44.4790654923853,"LAC"
"PER",2007,93,0,41,52,0.440860215053763,0,0.440860215053763,8.57977598074378,49.5566787105114,55.6881132836815,16.5452,86.1875113414646,1,1,1,58.1364546912552,58.1364546912552,"LAC"
"PNG",2023,117,2,80,35,0.700854700854701,0.0170940170940171,0.683760683760684,42.6494855424319,29.8008015088604,NA,0.1205,25.1964937715463,0,0,0,72.4502870512923,72.4502870512923,"EAP"
"PRT",2011,527,45,219,267,0.500948766603416,0.0853889943074004,0.415559772296015,7.17046947947273,3.20271416306362,73.0075756700531,NA,NA,1,0,1,10.3731836425364,10.3731836425364,"ECA"
"PRY",2003,241,21,147,94,0.697095435684647,0.0871369294605809,0.609958506224066,49.5247503484133,0.16678446090689,81.1273637701163,49.2746,14.4647397807226,0,0,0,49.6915348093202,49.6915348093202,"LAC"
"PRY",2006,132,6,48,78,0.409090909090909,0.0454545454545455,0.363636363636364,46.917218626047,0.571097196782024,84.7335313048126,37.4264,17.7950494409416,0,0,0,47.488315822829,47.488315822829,"LAC"
"PRY",2022,192,4,65,127,0.359375,0.0208333333333333,0.338541666666667,16.7893199279441,1.48242293802149,73.8736311444119,9.176,37.713592650342,0,0,0,18.2717428659656,18.2717428659656,"LAC"
"ROU",2004,95,37,26,34,0.663157894736842,0.389473684210526,0.273684210526316,6.72753084722976,4.67662140096493,60.6264786669408,NA,NA,1,0,1,11.4041522481947,11.4041522481947,"ECA"
"ROU",2009,148,3,72,73,0.506756756756757,0.0202702702702703,0.486486486486487,5.89456207294194,3.60848133654177,58.4700583666529,NA,NA,0,0,0,9.50304340948371,9.50304340948371,"ECA"
"ROU",2011,213,62,106,47,0.788732394366197,0.291079812206573,0.497652582159624,5.49644320283291,4.14141567149189,76.271356441629,NA,NA,0,0,0,9.6378588743248,9.6378588743248,"ECA"
"ROU",2013,51,0,32,19,0.627450980392157,0,0.627450980392157,5.21153593145803,3.23653895835825,81.3976131747183,NA,NA,0,0,0,8.44807488981628,8.44807488981628,"ECA"
"RWA",2002,239,13,187,45,0.836820083682008,0.0543933054393305,0.782426778242678,0,35.088175963992,31.3172752974708,3.0151,16.7853483670789,0,0,0,35.088175963992,35.088175963992,"SSA"
"RWA",2006,144,7,91,46,0.680555555555556,0.0486111111111111,0.631944444444444,0.00416015534860654,31.4407560198606,33.6578390444203,4.4204,88.0507090626504,0,0,0,31.4449161752092,31.4449161752092,"SSA"
"RWA",2010,313,23,227,67,0.798722044728435,0.073482428115016,0.725239616613419,0.0684734450545245,35.8800089645487,37.7415245466166,1.1454,65.3844606154367,0,0,0,35.9484824096032,35.9484824096032,"SSA"
"RWA",2013,533,28,491,42,0.973733583489681,0.0525328330206379,0.921200750469043,0.106275401403098,47.728426891862,43.260980041775,0.4791,28.2738613218304,1,0,1,47.8347022932651,47.8347022932651,"SSA"
"RWA",2016,95,0,95,0,1,0,1,0.0716792615878137,22.4094104292018,50.08973657056,5.2473,23.4745205794815,0,0,0,22.4810896907896,22.4810896907896,"SSA"
"RWA",2019,156,0,113,43,0.724358974358974,0,0.724358974358974,1.91424345145403,14.8783110729202,48.892715033759,5.2709,22.4796314887124,0,0,0,16.7925545243742,16.7925545243742,"SSA"
"RWA",2022,122,0,107,15,0.877049180327869,0,0.877049180327869,0.06254493579927,20.9179316429293,60.9591709408266,3.8842,17.8077969358787,0,0,0,20.9804765787286,20.9804765787286,"SSA"
"RWA",2023,15,0,12,3,0.8,0,0.8,NA,NA,66.8925839339472,3.893,16.110817991216,0,0,0,NA,NA,"SSA"
"SDN",2021,13,1,12,1,1,0.0769230769230769,0.923076923076923,NA,NA,4.12754863828426,21.1527,NA,0,0,0,NA,NA,"MENA"
"SEN",2003,63,24,37,6,0.968253968253968,0.380952380952381,0.587301587301587,20.1132767842961,3.36692256599382,50.8212198933376,3.5365,NA,0,0,0,23.4801993502899,23.4801993502899,"SSA"
"SEN",2007,234,13,152,69,0.705128205128205,0.0555555555555556,0.64957264957265,19.2664367194943,4.09941776123282,59.2713043549794,12.8453,NA,0,0,0,23.3658544807271,23.3658544807271,"SSA"
"SEN",2010,357,48,315,12,1.01680672268908,0.134453781512605,0.882352941176471,20.9065266421233,3.52640976199386,52.4578551962948,0,NA,0,0,0,24.4329364041172,24.4329364041172,"SSA"
"SEN",2015,252,11,252,0,1.04365079365079,0.0436507936507936,1,13.8780481897626,8.13298380367881,58.1103376742017,13.0454,NA,0,0,0,22.0110319934414,22.0110319934414,"SSA"
"SEN",2020,348,67,267,80,0.959770114942529,0.192528735632184,0.767241379310345,15.9872308197167,6.7523481096606,60.0468716137065,6.7004,NA,0,0,0,22.7395789293773,22.7395789293773,"SSA"
"SEN",2021,124,32,98,25,1.04838709677419,0.258064516129032,0.790322580645161,15.5262597724139,7.26296018851439,69.3759939883832,9.4341,NA,0,0,0,22.7892199609283,22.7892199609283,"SSA"
"SEN",2023,31,4,21,10,0.806451612903226,0.129032258064516,0.67741935483871,21.4769186750925,7.91160881238856,71.5942815846823,10.6871,NA,0,0,0,29.3885274874811,29.3885274874811,"SSA"
"SLB",2010,97,4,82,15,0.88659793814433,0.0412371134020619,0.845360824742268,0.00230553770936948,0.145449273451894,96.1485545423385,1.738,115.20147215912,0,0,0,0.147754811161263,0.147754811161263,"EAP"
"SLB",2011,29,5,26,3,1.06896551724138,0.172413793103448,0.896551724137931,0.00377501229815091,0.231026951563001,107.24751599476,4.9906,160.103309366144,0,0,0,0.234801963861152,0.234801963861152,"EAP"
"SLB",2012,166,28,126,40,0.927710843373494,0.168674698795181,0.759036144578313,0.00286407112644014,0.481516704333512,104.823434628967,0.877,218.681024610626,0,0,0,0.484380775459952,0.484380775459952,"EAP"
"SLE",2001,399,22,271,111,0.734335839598998,0.0551378446115288,0.679197994987469,NA,NA,NA,NA,NA,0,0,0,NA,NA,"SSA"
"SLE",2006,277,28,188,67,0.779783393501805,0.101083032490975,0.67870036101083,NA,NA,22.0888664739674,0.7824,12.0321489096854,0,0,0,NA,NA,"SSA"
"SLE",2010,71,6,49,18,0.774647887323944,0.0845070422535211,0.690140845070423,NA,NA,27.9541259241389,0.4421,43.9222249095519,0,0,0,NA,NA,"SSA"
"SLE",2013,253,36,196,57,0.91699604743083,0.142292490118577,0.774703557312253,NA,NA,53.3627646114117,15.2673,38.046017909709,0,0,0,NA,NA,"SSA"
"SLE",2017,15,4,13,2,1.13333333333333,0.266666666666667,0.866666666666667,0.0564669332343084,9.23607569467904,41.5213782343591,10.8705,30.6035747879682,0,0,0,9.29254262791335,9.29254262791335,"SSA"
"SLE",2018,246,24,191,41,0.873983739837398,0.0975609756097561,0.776422764227642,0.143317650742994,19.708507181177,37.3774603119412,10.282,27.3394520213469,0,0,0,19.85182483192,19.85182483192,"SSA"
"SLE",2024,64,10,55,9,1.015625,0.15625,0.859375,NA,NA,40.5454450723139,7.4641,18.597327427108,1,0,1,NA,NA,"SSA"
"SLV",2009,3,0,2,1,0.666666666666667,0,0.666666666666667,2.75552281120897,1.29712979888706,66.0711911744487,8.2957,29.9918129933645,0,0,0,4.05265261009603,4.05265261009603,"LAC"
"SLV",2010,94,17,72,19,0.946808510638298,0.180851063829787,0.765957446808511,2.92291722483646,1.69920510445875,73.5372876725398,7.2709,25.0682655910882,0,0,0,4.62212232929521,4.62212232929521,"LAC"
"SLV",2025,57,0,32,25,0.56140350877193,0,0.56140350877193,NA,NA,88.1580664327311,NA,NA,0,0,0,NA,NA,"LAC"
"SOM",2020,129,0,77,52,0.596899224806202,0,0.596899224806202,NA,NA,75.6954102920723,33.5294,NA,0,0,0,NA,NA,"SSA"
"SOM",2023,66,2,54,11,0.848484848484849,0.0303030303030303,0.818181818181818,NA,NA,103.121007483117,22.6262,NA,0,0,0,NA,NA,"SSA"
"SRB",2009,177,0,95,82,0.536723163841808,0,0.536723163841808,NA,NA,63.5017226157541,10.6486,45.0408447418424,0,0,0,NA,NA,"ECA"
"SRB",2011,9,0,7,2,0.777777777777778,0,0.777777777777778,NA,NA,75.7493613069523,3.6703,49.2244413973521,0,0,0,NA,NA,"ECA"
"SRB",2015,346,61,173,138,0.676300578034682,0.176300578034682,0.5,NA,NA,93.5281477663237,2.9352,37.507543239069,0,0,0,NA,NA,"ECA"
"SRB",2018,154,17,54,83,0.461038961038961,0.11038961038961,0.350649350649351,NA,NA,105.563713028559,5.2605,41.4660899525128,0,0,0,NA,NA,"ECA"
"SRB",2021,51,0,29,22,0.568627450980392,0,0.568627450980392,NA,NA,112.342298324945,4.7449,44.3160477563841,0,0,0,NA,NA,"ECA"
"SRB",2022,102,44,36,27,0.784313725490196,0.431372549019608,0.352941176470588,NA,NA,131.913292283516,5.7092,46.1082013765065,0,0,0,NA,NA,"ECA"
"SRB",2024,39,11,22,7,0.846153846153846,0.282051282051282,0.564102564102564,NA,NA,111.725028388916,1.9249,58.6418653874566,0,0,0,NA,NA,"ECA"
"STP",2005,220,41,134,63,0.795454545454545,0.186363636363636,0.609090909090909,NA,0.0863198165301424,NA,4.2285,8.03675933705943,0,0,0,NA,NA,"SSA"
"STP",2009,47,2,26,19,0.595744680851064,0.0425531914893617,0.553191489361702,0,0.0217502397087677,71.0282157639862,10.473,43.3848825747486,0,0,0,0.0217502397087677,0.0217502397087677,"SSA"
"STP",2012,43,0,26,17,0.604651162790698,0,0.604651162790698,0.746417733973855,0.120436900027286,83.2030197079574,6.9918,26.6823474796312,0,0,0,0.866854634001141,0.866854634001141,"SSA"
"STP",2015,98,18,43,40,0.622448979591837,0.183673469387755,0.438775510204082,NA,1.31007931969682,112.659579338965,3.0576,31.0929678560395,0,0,0,NA,NA,"SSA"
"STP",2019,237,32,146,65,0.751054852320675,0.135021097046413,0.616033755274262,NA,0.625425440939643,67.5747989988655,7.2858,17.1099187455302,0,0,0,NA,NA,"SSA"
"STP",2024,152,50,107,31,1.03289473684211,0.328947368421053,0.703947368421053,NA,NA,44.2789124818003,2.435,18.0105142266124,0,0,0,NA,NA,"SSA"
"SUR",2016,27,3,20,4,0.851851851851852,0.111111111111111,0.740740740740741,NA,0.125610426672316,NA,10.9068,12.863981294657,0,0,0,NA,NA,"LAC"
"SUR",2021,768,52,529,239,0.756510416666667,0.0677083333333333,0.688802083333333,3.32497522013282,0.760178456916599,NA,12.2623,23.9708210484945,0,0,0,4.08515367704942,4.08515367704942,"LAC"
"SYC",2008,42,0,34,8,0.80952380952381,0,0.80952380952381,0.00387831635301445,0.00644599682818596,208.842968505327,NA,NA,0,0,0,0.0103243131812004,0.0103243131812004,"SSA"
"SYC",2009,228,37,149,45,0.815789473684211,0.162280701754386,0.653508771929825,0.0564994412706798,0.00399654587486714,221.933825358009,NA,NA,0,0,0,0.0604959871455469,0.0604959871455469,"SSA"
"SYC",2014,130,0,61,69,0.469230769230769,0,0.469230769230769,0.00217217284401373,0.0111489055716854,213.354469426486,NA,NA,0,0,0,0.0133210784156991,0.0133210784156991,"SSA"
"SYC",2017,62,0,21,41,0.338709677419355,0,0.338709677419355,0.00647778733484981,0.265276042802722,197.442236417869,NA,NA,0,0,0,0.271753830137572,0.271753830137572,"SSA"
"SYC",2021,90,0,57,33,0.633333333333333,0,0.633333333333333,0.00229167892575641,0.623680740993814,183.77081501466,NA,NA,0,0,0,0.62597241991957,0.62597241991957,"SSA"
"SYC",2023,113,7,58,48,0.575221238938053,0.0619469026548673,0.513274336283186,0,11.6900044741911,183.842116553333,NA,NA,0,0,0,11.6900044741911,11.6900044741911,"SSA"
"TCD",2005,11,2,9,2,1,0.181818181818182,0.818181818181818,NA,NA,77.577493649797,0.6742,14.1921927166536,0,0,0,NA,NA,"SSA"
"TCD",2014,50,12,49,1,1.22,0.24,0.98,NA,NA,40.8116269859319,0.1245,28.8885256133525,1,0,1,NA,NA,"SSA"
"TCD",2017,162,24,118,44,0.876543209876543,0.148148148148148,0.728395061728395,NA,NA,43.2900613852468,0.8866,0.273834400477199,0,0,0,NA,NA,"SSA"
"TCD",2021,45,11,43,1,1.2,0.244444444444444,0.955555555555556,NA,NA,43.9465041015895,0.8212,5.90215797431901,0,0,0,NA,NA,"SSA"
"TCD",2025,21,4,18,3,1.04761904761905,0.19047619047619,0.857142857142857,NA,NA,46.1321498031281,NA,NA,0,0,0,NA,NA,"SSA"
"TGO",2008,161,32,95,34,0.788819875776398,0.198757763975155,0.590062111801242,7.3944656246369,18.3558829810484,62.3076674472105,6.5845,NA,0,0,0,25.7503486056853,25.7503486056853,"SSA"
"TGO",2017,230,12,151,67,0.708695652173913,0.0521739130434783,0.656521739130435,8.28761016730883,8.63388209198161,58.2088602526732,16.3859,NA,0,0,0,16.9214922592904,16.9214922592904,"SSA"
"TGO",2024,47,1,35,12,0.765957446808511,0.0212765957446809,0.74468085106383,1.82642001645616,20.7477406306692,NA,3.402,NA,0,0,0,22.5741606471254,22.5741606471254,"SSA"
"TJK",2002,260,92,161,52,0.973076923076923,0.353846153846154,0.619230769230769,NA,NA,138.6839688324,4.7784,7.13613284841378,0,0,0,NA,NA,"ECA"
"TJK",2009,218,0,173,45,0.793577981651376,0,0.793577981651376,NA,NA,85.9781370434108,2.7867,9.5618304896345,0,0,0,NA,NA,"ECA"
"TJK",2024,95,8,60,31,0.715789473684211,0.0842105263157895,0.631578947368421,NA,NA,59.0899316296485,12.4853,52.0350541720444,0,0,0,NA,NA,"ECA"
"TUN",2013,271,33,128,110,0.59409594095941,0.121771217712177,0.472324723247232,15.2132858501248,1.49740188611581,98.9549566862038,25.0238,28.7486211611694,0,0,0,16.7106877362406,16.7106877362406,"MENA"
"TUN",2016,324,29,145,173,0.537037037037037,0.0895061728395062,0.447530864197531,5.6449759317471,1.62468650036307,87.0926643641466,22.6706,20.7845127192957,0,0,0,7.26966243211017,7.26966243211017,"MENA"
"TUR",2005,331,15,143,175,0.477341389728097,0.0453172205438066,0.43202416918429,3.59438376037657,2.46801961858388,46.3088308846211,24.4383,29.4484928983493,0,0,0,6.06240337896045,6.06240337896045,"ECA"
"TZA",2000,290,21,184,106,0.706896551724138,0.0724137931034483,0.63448275862069,NA,NA,NA,NA,NA,0,0,0,NA,NA,"SSA"
"TZA",2003,188,16,133,54,0.792553191489362,0.0851063829787234,0.707446808510638,0.0582492548746596,6.17005787028101,30.4488358249326,11.2623,27.8299260045952,0,0,0,6.22830712515567,6.22830712515567,"SSA"
"TZA",2007,206,15,114,77,0.62621359223301,0.0728155339805825,0.553398058252427,0.644600677919283,12.6269052492145,48.0583947796554,20.5594,57.2468510771602,0,1,1,13.2715059271338,13.2715059271338,"SSA"
"TZA",2010,194,35,103,74,0.711340206185567,0.180412371134021,0.530927835051546,1.90135698578723,25.4274314948111,47.6404394295683,15.5367,43.6750348214826,0,0,0,27.3287884805983,27.3287884805983,"SSA"
"TZA",2012,39,11,25,3,0.923076923076923,0.282051282051282,0.641025641025641,1.25025665065363,16.2993206590418,54.3689490815138,17.2574,33.6235105791728,0,0,0,17.5495773096954,17.5495773096954,"SSA"
"TZA",2014,204,8,196,8,1,0.0392156862745098,0.96078431372549,1.67367486325445,13.3403283009553,45.3560223433065,11.593,26.7848466467843,0,0,0,15.0140031642097,15.0140031642097,"SSA"
"TZA",2022,131,3,94,37,0.740458015267176,0.0229007633587786,0.717557251908397,3.08582937747335,5.47998490709586,35.0034517101994,14.6731,NA,0,0,0,8.56581428456921,8.56581428456921,"SSA"
"UGA",2002,247,10,164,73,0.704453441295547,0.0404858299595142,0.663967611336032,3.63329549166036,1.81303780824033,36.2777941561831,3.9426,23.2351513193553,0,0,0,5.44633329990069,5.44633329990069,"SSA"
"UGA",2006,159,14,71,82,0.534591194968553,0.0880503144654088,0.446540880503145,4.38781819523582,2.11282581613079,43.6332857896204,11.3837,139.223757346745,0,0,0,6.50064401136661,6.50064401136661,"SSA"
"UGA",2010,252,4,216,36,0.873015873015873,0.0158730158730159,0.857142857142857,1.20826334740248,1.90384686894177,38.2692490371291,0.8815,90.970314265413,1,1,1,3.11211021634425,3.11211021634425,"SSA"
"UGA",2013,450,0,423,27,0.94,0,0.94,1.07267010214049,0.886734970078216,43.1091548734687,5.4841,38.9903234021534,0,0,0,1.95940507221871,1.95940507221871,"SSA"
"UGA",2021,200,4,124,76,0.64,0.02,0.62,3.44411222230529,0.744614230461867,41.7136307424781,8.572,23.6012010395494,0,0,0,4.18872645276716,4.18872645276716,"SSA"
"UKR",2004,11,1,7,4,0.727272727272727,0.0909090909090909,0.636363636363636,10.4198172781886,6.20671410904734,109.981708544962,32.5137,30.2665466409778,0,0,0,16.6265313872359,16.6265313872359,"ECA"
"UKR",2008,89,2,44,43,0.51685393258427,0.0224719101123595,0.49438202247191,6.13750401903014,6.82167565134447,94.1718921417534,20.7346,31.6946136764801,0,0,0,12.9591796703746,12.9591796703746,"ECA"
"UKR",2010,39,5,15,19,0.512820512820513,0.128205128205128,0.384615384615385,7.11920021246899,8.12828542400859,95.72973045329,21.8939,27.7621136781293,0,0,0,15.2474856364776,15.2474856364776,"ECA"
"UKR",2014,52,6,30,18,0.692307692307692,0.115384615384615,0.576923076923077,3.73321431712067,9.69361702554444,100.691782483624,17.7736,5.90549930427595,0,0,0,13.4268313426651,13.4268313426651,"ECA"
"UKR",2015,174,50,61,70,0.637931034482759,0.28735632183908,0.350574712643678,1.27997250942501,9.38171392918825,107.806616298156,16.8792,11.2181022873202,0,0,0,10.6616864386133,10.6616864386133,"ECA"
"UKR",2018,11,2,3,6,0.454545454545455,0.181818181818182,0.272727272727273,1.81962240086264,9.38430227414885,99.1998150718675,17.2478,16.9850637975905,0,1,1,11.2039246750115,11.2039246750115,"ECA"
"UKR",2020,48,6,14,28,0.416666666666667,0.125,0.291666666666667,1.12836959729539,11.0877422634527,79.1564523761815,18.1068,21.8413289152456,0,0,0,12.2161118607481,12.2161118607481,"ECA"
"UKR",2023,464,43,257,181,0.646551724137931,0.0926724137931035,0.553879310344828,1.08400725933861,5.98222472007035,77.5096141935657,11.7976,22.6327453767898,0,0,0,7.06623197940896,7.06623197940896,"ECA"
"UKR",2026,15,3,11,4,0.933333333333333,0.2,0.733333333333333,NA,NA,NA,NA,NA,0,0,0,NA,NA,"ECA"
"URY",2002,412,21,96,295,0.283980582524272,0.0509708737864078,0.233009708737864,0.792127333951963,0.451206613411574,40.02906730756,NA,NA,0,0,0,1.24333394736354,1.24333394736354,"LAC"
"URY",2005,189,0,101,88,0.534391534391534,0,0.534391534391534,4.73090812106706,0.515169701998772,58.8776963255774,NA,NA,0,0,0,5.24607782306583,5.24607782306583,"LAC"
"YEM",2010,5,2,4,0,1.2,0.4,0.8,91.4220414145968,0.163699927451738,64.3856367797178,1.9093,91.3010827173345,0,0,0,91.5857413420485,91.5857413420485,"MENA"
"YEM",2014,29,5,20,5,0.862068965517241,0.172413793103448,0.689655172413793,69.6394754134209,0.66927520794855,48.2430405122774,4.0861,56.4213885288526,0,0,0,70.3087506213694,70.3087506213694,"MENA"
"ZMB",2004,238,18,176,62,0.815126050420168,0.0756302521008403,0.739495798319328,1.98338581633262,46.5515777026805,70.8130749317722,1.8132,4.46591430694416,0,0,0,48.5349635190131,48.5349635190131,"SSA"
"ZMB",2008,120,11,72,37,0.691666666666667,0.0916666666666667,0.6,0.421744083665289,79.7857145794274,59.4548891205874,22.0685,37.3035683405447,0,0,0,80.2074586630927,80.2074586630927,"SSA"
"ZMB",2022,357,43,286,53,0.92156862745098,0.120448179271709,0.801120448179272,2.81611636018103,75.6024881567735,69.2973154193203,9.5849,10.4405689268511,0,0,0,78.4186045169545,78.4186045169545,"SSA"
