"ISO3","Year","unsc","unsc_t1","unsc3","ArrangementID","avgcondtype_all","nrcondtype_all","rohstoff_cond","stabil_cond","rohstoff_cond_share","stabil_cond_share","XDebtGNI","DebtServGNI","ResXDebt","FuelExportPct","MineralExportPct","Rohstoffabhängigkeit","Rohstoffabhaengigkeit"
"AGO",2002,0,0,0,NA,NA,NA,0,0,0,0,NA,NA,NA,NA,NA,NA,NA
"AGO",2003,1,0,1,NA,NA,NA,0,0,0,0,NA,NA,NA,NA,NA,NA,NA
"AGO",2004,1,1,1,NA,NA,NA,0,0,0,0,NA,NA,NA,NA,NA,NA,NA
"AGO",2005,0,0,0,NA,NA,NA,0,0,0,0,NA,NA,NA,NA,NA,NA,NA
"AGO",2006,0,0,0,NA,NA,NA,0,0,0,0,NA,NA,NA,NA,NA,NA,NA
"AGO",2007,0,0,0,NA,NA,NA,0,0,0,0,97.2256307002466,19.008,93.7613880101388,97.2265175257191,2.6754262387962,99.9019437645153,99.9019437645153
"AGO",2008,0,0,0,NA,NA,NA,0,0,0,0,108.680408742706,15.3285,114.576685452338,97.6960413340041,1.91922873173295,99.615270065737,99.615270065737
"AGO",2009,0,0,0,623,10,90,0,52,0,52,102.263183257504,12.7855,67.3862436646591,97.9163484511435,2.00203147222072,99.9183799233642,99.9183799233642
"AGO",2009,0,0,0,623,8,80,0,52,0,52,102.263183257504,12.7855,67.3862436646591,97.9163484511435,2.00203147222072,99.9183799233642,99.9183799233642
"AGO",2010,0,0,0,NA,NA,NA,0,0,0,0,90.9940631357987,17.0463,73.4399741115108,97.9075489248038,2.03762931763898,99.9451782424428,99.9451782424428
"AGO",2011,0,0,0,NA,NA,NA,0,0,0,0,89.0369443426985,17.479,77.9703283174297,98.1409863974632,1.82030992184898,99.9612963193122,99.9612963193122
"AGO",2012,0,0,0,NA,NA,NA,0,0,0,0,81.939478548327,24.0455,86.1647996818561,98.3701689632146,1.56671577949772,99.9368847427123,99.9368847427123
"AGO",2013,0,0,0,NA,NA,NA,0,0,0,0,77.3498013719917,26.1625,72.666055277642,98.2172596289667,1.70731149604581,99.9245711250125,99.9245711250125
"AGO",2014,0,0,0,NA,NA,NA,0,0,0,0,69.5801424480502,16.6796,58.8627891798385,97.7227216005661,2.18366735941927,99.9063889599854,99.9063889599854
"AGO",2015,0,0,0,NA,NA,NA,0,0,0,0,54.9793808780995,12.4058,48.779569003636,94.0159079753161,3.24392135052176,97.2598293258379,97.2598293258379
"AGO",2016,0,0,0,NA,NA,NA,0,0,0,0,46.3256130571521,7.6677,41.2162687466478,92.7010547736293,3.5430584083964,96.2441131820257,96.2441131820257
"AGO",2017,0,0,0,NA,NA,NA,0,0,0,0,44.9963253203189,6.3121,29.7132790690209,94.6912550619684,3.2888111877969,97.9800662497653,97.9800662497653
"AGO",2018,0,0,0,774,20.5833333333333,247,5,62,5,62,58.2698953890633,4.5827,24.9393651478579,95.6723202169276,2.9599977992618,98.6323180161894,98.6323180161894
"AGO",2018,0,0,0,774,4.69230769230769,61,5,62,5,62,58.2698953890633,4.5827,24.9393651478579,95.6723202169276,2.9599977992618,98.6323180161894,98.6323180161894
"AGO",2019,0,0,0,NA,NA,NA,0,0,0,0,60.3713068739603,4.147,26.2229690528548,95.2492483273439,3.54452524881699,98.7937735761609,98.7937735761609
"AGO",2020,0,0,0,NA,NA,NA,0,0,0,0,54.6604030683749,8.1806,21.0716867255243,93.0512900749378,5.37285733742943,98.4241474123672,98.4241474123672
"AGO",2021,0,0,0,NA,NA,NA,0,0,0,0,62.5287705320674,7.0271,21.9148430807675,94.1637464395459,4.73446732916134,98.8982137687073,98.8982137687073
"AGO",2022,0,0,0,NA,NA,NA,0,0,0,0,56.5380722280743,6.9361,22.5900353584516,94.9233435630702,4.13015252901342,99.0534960920836,99.0534960920836
"AGO",2023,0,0,0,NA,NA,NA,0,0,0,0,53.6070126498686,8.6092,24.3432052453284,94.1710862801417,4.34074978568308,98.5118360658248,98.5118360658248
"AGO",2024,0,0,0,NA,NA,NA,0,0,0,0,49.8489506740963,9.8896,24.2502122332294,94.1347736309318,4.35688565012152,98.4916592810533,98.4916592810533
"AGO",2025,0,0,0,NA,NA,NA,0,0,0,0,NA,NA,NA,NA,NA,NA,NA
"CAF",2002,0,0,0,NA,NA,NA,0,0,0,0,36.1085647794782,4.9853,11.891594709964,0.0778653069442277,21.7486667328819,21.8265320398261,21.8265320398261
"CAF",2003,0,0,0,NA,NA,NA,0,0,0,0,36.2312260023474,9.6419,13.0640736002624,0,36.5638934976707,36.5638934976707,36.5638934976707
"CAF",2004,0,0,0,NA,NA,NA,0,0,0,0,33.2439549188203,10.1609,13.9069490660465,0.183133391819856,36.7893669865716,36.9725003783915,36.9725003783915
"CAF",2005,0,0,0,NA,NA,NA,0,0,0,0,35.0709368656226,11.7864,13.885792066983,0.399435923020329,17.7717761821553,18.1712121051756,18.1712121051756
"CAF",2006,0,0,0,575,6.08333333333333,73,33,32,33,32,36.3958702287378,12.2,12.6420101867723,0.0134845615699792,15.7146700640248,15.7281546255948,15.7281546255948
"CAF",2006,0,0,0,575,5.64285714285714,79,33,32,33,32,36.3958702287378,12.2,12.6420101867723,0.0134845615699792,15.7146700640248,15.7281546255948,15.7281546255948
"CAF",2006,0,0,0,575,2.8125,45,33,32,33,32,36.3958702287378,12.2,12.6420101867723,0.0134845615699792,15.7146700640248,15.7281546255948,15.7281546255948
"CAF",2007,0,0,0,NA,NA,NA,0,0,0,0,NA,NA,NA,NA,NA,NA,NA
"CAF",2008,0,0,0,NA,NA,NA,0,0,0,0,34.4375218095517,10.2541,13.1889635627955,0.0243624066926479,35.656003903309,35.6803663100016,35.6803663100016
"CAF",2009,0,0,0,NA,NA,NA,0,0,0,0,NA,NA,NA,NA,NA,NA,NA
"CAF",2010,0,0,0,NA,NA,NA,0,0,0,0,NA,NA,NA,NA,NA,NA,NA
"CAF",2011,0,0,0,NA,NA,NA,0,0,0,0,34.4756183327299,21.6758,24.9008193588016,0.544915903295515,60.6801604344611,61.2250763377566,61.2250763377566
"CAF",2012,0,0,0,686,2,16,3,5,3,5,33.0594485943314,17.3583,25.1925333983863,0.046403868360573,57.8085217674326,57.8549256357932,57.8549256357932
"CAF",2013,0,0,0,NA,NA,NA,0,0,0,0,38.3992875721315,17.6055,29.7593462953722,0.0930612129794418,45.7112889245984,45.8043501375778,45.8043501375778
"CAF",2014,0,0,0,NA,NA,NA,0,0,0,0,NA,NA,NA,NA,NA,NA,NA
"CAF",2015,0,0,0,NA,NA,NA,0,0,0,0,53.1451477769621,15.3536,28.8806540410498,0.0112891940575805,0.0123609137787959,0.0236501078363764,0.0236501078363764
"CAF",2016,0,0,0,746,12,144,11,82,11,82,50.53064402191,15.0567,32.2353111184096,0.0462492040248339,2.19732333466574,2.24357253869057,2.24357253869057
"CAF",2016,0,0,0,746,3.53846153846154,46,11,82,11,82,50.53064402191,15.0567,32.2353111184096,0.0462492040248339,2.19732333466574,2.24357253869057,2.24357253869057
"CAF",2017,0,0,0,NA,NA,NA,0,0,0,0,57.1435457117119,14.4923,46.9404234809343,0.00690133272476388,3.71771062746912,3.72461196019388,3.72461196019388
"CAF",2018,0,0,0,NA,NA,NA,0,0,0,0,49.6602000024318,13.3622,43.3160280578681,0.0234095847313264,13.9117395814817,13.935149166213,13.935149166213
"CAF",2019,0,0,0,790,1.6,16,0,6,0,6,50.0658000014868,14.3762,40.3703328528045,0.0113438958450479,4.84862130405419,4.85996519989924,4.85996519989924
"CAF",2019,0,0,0,790,0.666666666666667,8,0,6,0,6,50.0658000014868,14.3762,40.3703328528045,0.0113438958450479,4.84862130405419,4.85996519989924,4.85996519989924
"CAF",2020,0,0,0,NA,NA,NA,0,0,0,0,49.5210200011921,13.6393,47.6481324976744,0.0394378095226582,16.7055945931343,16.745032402657,16.745032402657
"CAF",2021,0,0,0,NA,NA,NA,0,0,0,0,NA,NA,NA,NA,NA,NA,NA
"CAF",2022,0,0,0,NA,NA,NA,0,0,0,0,NA,NA,NA,NA,NA,NA,NA
"CAF",2023,0,0,0,859,6.76923076923077,88,24,12,24,12,43.480570208358,11.3823,44.2634270780256,0.00634066374558888,12.6689665953919,12.6753072591375,12.6753072591375
"CAF",2024,0,0,0,NA,NA,NA,0,0,0,0,46.4318999802251,12.0915,46.7811591431958,0.0317291209436773,6.31887204148749,6.35060116243117,6.35060116243117
"CAF",2025,0,0,0,NA,NA,NA,0,0,0,0,NA,NA,NA,NA,NA,NA,NA
"CMR",2002,0,0,0,NA,NA,NA,0,0,0,0,48.4817227279603,7.1519,6.22143057840454,49.1868871430921,4.32423576866907,53.5111229117612,53.5111229117612
"CMR",2003,0,0,0,NA,NA,NA,0,0,0,0,40.2431925894529,3.1607,5.71639891918845,48.803399799567,4.15754299713749,52.9609427967045,52.9609427967045
"CMR",2004,0,0,0,NA,NA,NA,0,0,0,0,41.8377424272557,5.0473,7.76019760785096,46.6846802011435,5.06553789677676,51.7502180979203,51.7502180979203
"CMR",2005,0,0,0,563,17.0833333333333,205,44,95,44,95,44.9976813478478,4.3352,12.5290160988282,56.8647779866486,4.78205402791316,61.6468320145618,61.6468320145618
"CMR",2005,0,0,0,563,10.9230769230769,142,44,95,44,95,44.9976813478478,4.3352,12.5290160988282,56.8647779866486,4.78205402791316,61.6468320145618,61.6468320145618
"CMR",2006,0,0,0,NA,NA,NA,0,0,0,0,47.1044341803567,14.4225,50.7600827145247,61.6106111571056,4.90759445036331,66.5182056074689,66.5182056074689
"CMR",2007,0,0,0,NA,NA,NA,0,0,0,0,53.2156908605178,7.6969,95.0152645333972,58.6794429285353,6.16185982086304,64.8413027493983,64.8413027493983
"CMR",2008,0,0,0,NA,NA,NA,0,0,0,0,56.9244171562734,1.4227,109.779667994316,1.24518390839419,12.7081290276679,13.9533129360621,13.9533129360621
"CMR",2009,0,0,0,NA,NA,NA,0,0,0,0,42.1761073594765,0.0784,113.535907056318,0.945267159471339,7.39040789002304,8.33567504949438,8.33567504949438
"CMR",2010,0,0,0,NA,NA,NA,0,0,0,0,47.2385853965951,0.272,114.183043856849,49.5472804943068,3.60510444872873,53.1523849430355,53.1523849430355
"CMR",2011,0,0,0,NA,NA,NA,0,0,0,0,51.521987603918,2.1975,103.367125077433,0.551609714806202,6.44601946508511,6.99762917989131,6.99762917989131
"CMR",2012,0,0,0,NA,NA,NA,0,0,0,0,50.0360127271229,4.043,86.9544830110998,55.5396293908856,2.13266836486717,57.6722977557528,57.6722977557528
"CMR",2013,0,0,0,NA,NA,NA,0,0,0,0,49.6745363462134,8.5462,67.0530403516837,55.9326563524093,2.07848274318292,58.0111390955922,58.0111390955922
"CMR",2014,0,0,0,NA,NA,NA,0,0,0,0,50.8323893087648,3.0687,54.9509016284584,56.3232193165714,3.963613992554,60.2868333091254,60.2868333091254
"CMR",2015,0,0,0,NA,NA,NA,0,0,0,0,45.5401468279393,4.0911,48.409325339474,45.3849961218768,4.57387519048093,49.9588713123577,49.9588713123577
"CMR",2016,0,0,0,NA,NA,NA,0,0,0,0,40.6386315268268,3.3265,28.2084014112616,7.69262542590537,7.2820530562766,14.974678482182,14.974678482182
"CMR",2017,0,0,0,760,27.4166666666667,329,47,166,47,166,39.1990216052629,5.2499,31.8093315326756,43.4494115764582,5.59093811728154,49.0403496937397,49.0403496937397
"CMR",2017,0,0,0,760,10.3076923076923,134,47,166,47,166,39.1990216052629,5.2499,31.8093315326756,43.4494115764582,5.59093811728154,49.0403496937397,49.0403496937397
"CMR",2018,0,0,0,NA,NA,NA,0,0,0,0,40.587602877028,3.9373,31.4343692468823,50.2692747814106,3.6994540520828,53.9687288334934,53.9687288334934
"CMR",2019,0,0,0,NA,NA,NA,0,0,0,0,43.3785132480415,2.918,28.7746550176534,54.0894133743251,2.87678049882067,56.9661938731458,56.9661938731458
"CMR",2020,0,0,0,NA,NA,NA,0,0,0,0,33.7388313623871,2.5008,26.9077020955959,45.6083100375046,3.30322583764507,48.9115358751497,48.9115358751497
"CMR",2021,0,0,0,NA,NA,NA,0,0,0,0,36.7308347188558,4.2269,27.9608443681917,51.8663592754246,2.0203363785866,53.8866956540112,53.8866956540112
"CMR",2022,0,0,0,NA,NA,NA,0,0,0,0,41.2866025594679,5.8098,33.9456107572576,62.1174175971395,1.70198514355599,63.8194027406955,63.8194027406955
"CMR",2023,0,0,0,NA,NA,NA,0,0,0,0,37.8903321242578,5.5705,31.6974350057547,54.0712041809673,2.21406928262342,56.2852734635907,56.2852734635907
"CMR",2024,0,0,0,NA,NA,NA,0,0,0,0,NA,NA,NA,NA,NA,NA,NA
"CMR",2025,0,0,0,NA,NA,NA,0,0,0,0,NA,NA,NA,NA,NA,NA,NA
"COM",2002,0,0,0,NA,NA,NA,0,0,0,0,NA,NA,NA,NA,NA,NA,NA
"COM",2003,0,0,0,NA,NA,NA,0,0,0,0,NA,NA,NA,NA,NA,NA,NA
"COM",2004,0,0,0,NA,NA,NA,0,0,0,0,NA,NA,NA,NA,NA,NA,NA
"COM",2005,0,0,0,NA,NA,NA,0,0,0,0,NA,NA,NA,NA,NA,NA,NA
"COM",2006,0,0,0,NA,NA,NA,0,0,0,0,NA,NA,NA,NA,NA,NA,NA
"COM",2007,0,0,0,NA,NA,NA,0,0,0,0,NA,NA,NA,NA,NA,NA,NA
"COM",2008,0,0,0,NA,NA,NA,0,0,0,0,NA,NA,NA,NA,NA,NA,NA
"COM",2009,0,0,0,621,5.25,63,30,22,30,22,37.8969223253542,1.6544,52.6209862986815,0.0236698103289717,0.0372923820621511,0.0609621923911228,0.0609621923911228
"COM",2009,0,0,0,621,11.2352941176471,191,30,22,30,22,37.8969223253542,1.6544,52.6209862986815,0.0236698103289717,0.0372923820621511,0.0609621923911228,0.0609621923911228
"COM",2010,0,0,0,NA,NA,NA,0,0,0,0,39.5501057977388,1.5889,52.4746999105647,0.054577510381983,0.813905646134158,0.868483156516141,0.868483156516141
"COM",2011,0,0,0,NA,NA,NA,0,0,0,0,40.0009485841888,1.6951,56.6013217544776,0.0700598923083429,0.847733671298026,0.917793563606369,0.917793563606369
"COM",2012,0,0,0,NA,NA,NA,0,0,0,0,40.8104424055408,1.635,77.2903306337581,0.017388494580408,0.110774025742152,0.12816252032256,0.12816252032256
"COM",2013,0,0,0,NA,NA,NA,0,0,0,0,39.2433304243612,1.1261,122.094321825014,3.01260153144996e-05,0.0203651863526018,0.0203953123679163,0.0203953123679163
"COM",2014,0,0,0,NA,NA,NA,0,0,0,0,39.2358265722767,1.1693,125.122443178617,1.60903288612314,0.0618031951656029,1.67083608128874,1.67083608128874
"COM",2015,0,0,0,NA,NA,NA,0,0,0,0,37.8049520714563,1.1727,159.68006461965,5.64070725443839e-05,0.0444425057124696,0.044498912785014,0.044498912785014
"COM",2016,0,0,0,NA,NA,NA,0,0,0,0,NA,NA,NA,NA,NA,NA,NA
"COM",2017,0,0,0,NA,NA,NA,0,0,0,0,40.164358921352,0.6066,114.442183950465,0.00887808919349842,0.126857513563295,0.135735602756793,0.135735602756793
"COM",2018,0,0,0,NA,NA,NA,0,0,0,0,42.996153341343,0.4622,74.5404372268097,4.1336953696259e-05,0.0877257182600293,0.0877670552137256,0.0877670552137256
"COM",2019,0,0,0,NA,NA,NA,0,0,0,0,42.2680785350184,0.7004,74.6245257633542,0.0252436299290411,0.318173040040997,0.343416669970038,0.343416669970038
"COM",2020,0,0,0,NA,NA,NA,0,0,0,0,33.7299346157491,0.4974,96.5614296607085,5.36366319081788e-05,0.75010829723588,0.750161933867788,0.750161933867788
"COM",2021,0,0,0,NA,NA,NA,0,0,0,0,42.0677236496077,0.4191,93.7915551733444,0.0512060681375277,6.54854738738506,6.59975345552259,6.59975345552259
"COM",2022,0,0,0,NA,NA,NA,0,0,0,0,50.3887704882382,0.432,78.3609845229889,0.0130202623394348,0.517962654358925,0.53098291669836,0.53098291669836
"COM",2023,0,0,0,863,12,192,9,43,9,43,44.4398634497089,0.1187,85.0235095063537,0.00485457345334166,1.23197156881377,1.23682614226711,1.23682614226711
"COM",2024,0,0,0,NA,NA,NA,0,0,0,0,NA,NA,NA,NA,NA,NA,NA
"COM",2025,0,0,0,NA,NA,NA,0,0,0,0,NA,NA,NA,NA,NA,NA,NA
"CPV",2002,0,0,0,515,4.27272727272727,47,13,50,13,50,NA,NA,NA,NA,NA,NA,NA
"CPV",2002,0,0,0,515,2.33333333333333,28,13,50,13,50,NA,NA,NA,NA,NA,NA,NA
"CPV",2002,0,0,0,515,4.61538461538461,60,13,50,13,50,NA,NA,NA,NA,NA,NA,NA
"CPV",2003,0,0,0,NA,NA,NA,0,0,0,0,NA,NA,NA,NA,NA,NA,NA
"CPV",2004,0,0,0,NA,NA,NA,0,0,0,0,NA,NA,NA,NA,NA,NA,NA
"CPV",2005,0,0,0,NA,NA,NA,0,0,0,0,104.343839857053,0.1968,36.5232961207803,0,0.0246615055571856,0.0246615055571856,0.0246615055571856
"CPV",2006,0,0,0,NA,NA,NA,0,0,0,0,117.816697232822,0.1375,48.5575617849621,0,0.252610584713906,0.252610584713906,0.252610584713906
"CPV",2007,0,0,0,NA,NA,NA,0,0,0,0,94.2062075432498,0.2216,62.7754131414544,0,0,0,0
"CPV",2008,0,0,0,NA,NA,NA,0,0,0,0,NA,NA,NA,NA,NA,NA,NA
"CPV",2009,0,0,0,NA,NA,NA,0,0,0,0,80.4609561322904,0.2013,54.9109287999501,0,0.665352818458037,0.665352818458037,0.665352818458037
"CPV",2010,0,0,0,NA,NA,NA,0,0,0,0,85.5484498816191,0,43.1904364200831,0,0.886651706391125,0.886651706391125,0.886651706391125
"CPV",2011,0,0,0,NA,NA,NA,0,0,0,0,90.5564501122747,0,32.5118356177342,0.000586435277576983,0.942327818292646,0.942914253570223,0.942914253570223
"CPV",2012,0,0,0,NA,NA,NA,0,0,0,0,90.649916554117,22.3191,23.3776106102284,0,8.96488802989324e-05,8.96488802989324e-05,8.96488802989324e-05
"CPV",2013,0,0,0,NA,NA,NA,0,0,0,0,NA,NA,NA,NA,NA,NA,NA
"CPV",2014,0,0,0,NA,NA,NA,0,0,0,0,NA,NA,NA,NA,NA,NA,NA
"CPV",2015,0,0,0,NA,NA,NA,0,0,0,0,NA,NA,NA,NA,NA,NA,NA
"CPV",2016,0,0,0,NA,NA,NA,0,0,0,0,NA,NA,NA,NA,NA,NA,NA
"CPV",2017,0,0,0,NA,NA,NA,0,0,0,0,NA,NA,NA,NA,NA,NA,NA
"CPV",2018,0,0,0,NA,NA,NA,0,0,0,0,NA,NA,NA,NA,NA,NA,NA
"CPV",2019,0,0,0,NA,NA,NA,0,0,0,0,103.602656463726,15.1147,34.2729983351114,0,0.162556583851755,0.162556583851755,0.162556583851755
"CPV",2020,0,0,0,NA,NA,NA,0,0,0,0,NA,NA,NA,NA,NA,NA,NA
"CPV",2021,0,0,0,NA,NA,NA,0,0,0,0,77.4550586265341,15.6804,31.3293377968434,0,0.173682604274348,0.173682604274348,0.173682604274348
"CPV",2022,0,0,0,832,9.66666666666667,116,0,83,0,83,96.9941368513357,16.4615,30.3660227232231,0,0.00576283024949212,0.00576283024949212,0.00576283024949212
"CPV",2022,0,0,0,832,4,72,0,83,0,83,96.9941368513357,16.4615,30.3660227232231,0,0.00576283024949212,0.00576283024949212,0.00576283024949212
"CPV",2023,0,0,0,NA,NA,NA,0,0,0,0,95.0324943346692,16.7177,34.0235392545612,0,5.83139625688506e-05,5.83139625688506e-05,5.83139625688506e-05
"CPV",2024,0,0,0,NA,NA,NA,0,0,0,0,NA,NA,NA,NA,NA,NA,NA
"CPV",2025,0,0,0,NA,NA,NA,0,0,0,0,NA,NA,NA,NA,NA,NA,NA
"GAB",2002,0,0,0,NA,NA,NA,0,0,0,0,84.7590815376223,6.5382,4.09584238222851,83.8178488029703,1.77445857699742,85.5923073799677,85.5923073799677
"GAB",2003,0,0,0,NA,NA,NA,0,0,0,0,80.3026082056312,8.5006,5.30438595496239,88.3710263827654,1.05563054621456,89.42665692898,89.42665692898
"GAB",2004,0,0,0,540,30,150,0,25,0,25,81.7675371418698,4.4504,10.9219293951205,76.1833932062393,5.50841106598959,81.6918042722289,81.6918042722289
"GAB",2005,0,0,0,NA,NA,NA,0,0,0,0,83.9495998399241,6.1547,16.953304656094,84.0432355614467,3.59283990122888,87.6360754626756,87.6360754626756
"GAB",2006,0,0,0,NA,NA,NA,0,0,0,0,88.6494092562519,9.7823,25.6790696913332,85.6108217616136,3.15100423734133,88.7618259989549,88.7618259989549
"GAB",2007,0,0,0,579,7.83333333333333,94,28,25,28,25,85.1324791636578,8.6978,24.1251490739474,83.4131671985386,3.60059532421835,87.0137625227569,87.0137625227569
"GAB",2008,0,0,0,NA,NA,NA,0,0,0,0,88.9988725945748,4.6305,77.7895270346854,89.172106484587,2.21111070998674,91.3832171945737,91.3832171945737
"GAB",2009,0,0,0,NA,NA,NA,0,0,0,0,83.5045774235636,3.823,73.5126027402267,83.1348290725266,3.03112583114056,86.1659549036672,86.1659549036672
"GAB",2010,1,0,1,NA,NA,NA,0,0,0,0,89.1576627248353,5.8434,59.5527825312156,90.0238109825846,2.48688091630774,92.5106918988923,92.5106918988923
"GAB",2011,1,1,1,NA,NA,NA,0,0,0,0,90.4983773331323,5.8132,67.7770827112681,85.8523172012879,3.8579113367887,89.7102285380766,89.7102285380766
"GAB",2012,0,0,0,NA,NA,NA,0,0,0,0,92.3428089420545,3.4281,72.5556039077438,71.2999874587435,1.21683062244485,72.5168180811883,72.5168180811883
"GAB",2013,0,0,0,NA,NA,NA,0,0,0,0,90.6350361478645,5.6605,62.2779522850069,65.7772359485275,1.3868214654464,67.1640574139739,67.1640574139739
"GAB",2014,0,0,0,NA,NA,NA,0,0,0,0,73.5203290162438,1.571,53.3394315418242,57.3466183308981,1.09231849999857,58.4389368308967,58.4389368308967
"GAB",2015,0,0,0,NA,NA,NA,0,0,0,0,73.9497814588281,4.1015,36.3070036950427,41.9546334620749,1.57938272358853,43.5340161856634,43.5340161856634
"GAB",2016,0,0,0,NA,NA,NA,0,0,0,0,70.1333810645308,4.4693,14.6534093625024,30.8820467592108,1.82553919658524,32.707585955796,32.707585955796
"GAB",2017,0,0,0,759,14.5833333333333,175,6,55,6,55,75.0687404456638,3.151,14.6694853489707,62.2945642697917,3.31591796865075,65.6104822384424,65.6104822384424
"GAB",2018,0,0,0,NA,NA,NA,0,0,0,0,77.0365976973024,2.7171,19.1565890079185,53.4577795641384,3.11836475453618,56.5761443186746,56.5761443186746
"GAB",2019,0,0,0,NA,NA,NA,0,0,0,0,73.4280894486644,4.9331,18.8164911893315,54.8656896318362,4.31465619463794,59.1803458264741,59.1803458264741
"GAB",2020,0,0,0,NA,NA,NA,0,0,0,0,70.1140546463796,0.9768,17.9367466818875,52.9194386591688,6.19989793138207,59.1193365905509,59.1193365905509
"GAB",2021,0,0,0,815,5.66666666666667,68,8,11,8,11,85.3483122054787,0.2149,16.6511067504691,52.3128650846528,6.75461904672039,59.0674841313732,59.0674841313732
"GAB",2022,0,0,0,NA,NA,NA,0,0,0,0,92.0630888496921,4.0583,17.7145145244664,67.2482428452105,6.4339342258012,73.6821770710117,73.6821770710117
"GAB",2023,0,0,0,NA,NA,NA,0,0,0,0,91.4786533179144,1.6365,19.1051573724264,53.9865618745688,23.3145469906779,77.3011088652467,77.3011088652467
"GAB",2024,0,0,0,NA,NA,NA,0,0,0,0,NA,NA,NA,NA,NA,NA,NA
"GAB",2025,0,0,0,NA,NA,NA,0,0,0,0,NA,NA,NA,NA,NA,NA,NA
"GHA",2002,0,0,0,NA,NA,NA,0,0,0,0,NA,NA,NA,NA,NA,NA,NA
"GHA",2003,0,0,0,521,6.58333333333333,79,37,69,37,69,97.2871457139532,9.1218,17.7094465886763,0.0481803318787904,2.46857072038619,2.51675105226498,2.51675105226498
"GHA",2003,0,0,0,521,10.5714285714286,148,37,69,37,69,97.2871457139532,9.1218,17.7094465886763,0.0481803318787904,2.46857072038619,2.51675105226498,2.51675105226498
"GHA",2004,0,0,0,NA,NA,NA,0,0,0,0,99.6703343472122,7.6007,24.1550830330168,2.25891488923827,1.49737393398241,3.75628882322068,3.75628882322068
"GHA",2005,0,0,0,NA,NA,NA,0,0,0,0,98.1715141146279,9.5381,23.4436293829066,2.42026667222042,3.60406853600616,6.02433520822658,6.02433520822658
"GHA",2006,1,0,1,NA,NA,NA,0,0,0,0,64.5190542439152,19.501,37.4426444714508,0.449413904187484,2.16102136221263,2.61043526640011,2.61043526640011
"GHA",2007,1,1,1,NA,NA,NA,0,0,0,0,65.3543222852532,14.6711,26.6903335506933,0.758742699996961,2.87234023304386,3.63108293304082,3.63108293304082
"GHA",2008,0,0,0,NA,NA,NA,0,0,0,0,69.5142256111434,11.1993,20.0242024793272,1.32905143391096,3.51368318139587,4.84273461530683,4.84273461530683
"GHA",2009,0,0,0,619,14.6666666666667,176,20,49,20,49,71.5947385281523,11.6577,28.4806289961588,1.75329081764514,1.74904889698946,3.5023397146346,3.5023397146346
"GHA",2010,0,0,0,NA,NA,NA,0,0,0,0,75.3778157916824,11.6317,28.6808407522775,0.114294159518324,4.01489450472122,4.12918866423954,4.12918866423954
"GHA",2011,0,0,0,NA,NA,NA,0,0,0,0,86.2954538549695,12.6413,27.7400934400547,40.4219396496718,1.36513638736008,41.7870760370319,41.7870760370319
"GHA",2012,0,0,0,NA,NA,NA,0,0,0,0,93.1680351286831,11.2644,25.203835852371,28.9638835969169,1.47263285139011,30.436516448307,30.436516448307
"GHA",2013,0,0,0,NA,NA,NA,0,0,0,0,60.7593219028775,12.8057,19.6002334524153,24.7444175029272,2.06865588093151,26.8130733838587,26.8130733838587
"GHA",2014,0,0,0,NA,NA,NA,0,0,0,0,63.8365624430783,10.7377,19.5099774614687,29.7421554112913,1.73605428922296,31.4782097005143,31.4782097005143
"GHA",2015,0,0,0,725,11.0833333333333,133,19,97,19,97,76.5212709243242,10.5541,18.3432463946771,21.7019621780148,1.53114850582018,23.233110683835,23.233110683835
"GHA",2015,0,0,0,725,15.0625,241,19,97,19,97,76.5212709243242,10.5541,18.3432463946771,21.7019621780148,1.53114850582018,23.233110683835,23.233110683835
"GHA",2016,0,0,0,NA,NA,NA,0,0,0,0,67.8769994445865,8.007,16.8290270210254,12.9823297234949,1.90382388267575,14.8861536061706,14.8861536061706
"GHA",2017,0,0,0,NA,NA,NA,0,0,0,0,70.5483652904116,9.8819,20.8005425603772,25.3456087168229,1.94503330731125,27.2906420241341,27.2906420241341
"GHA",2018,0,0,0,NA,NA,NA,0,0,0,0,67.9585174644902,10.4056,17.9337863626706,30.6056138754779,2.79589844396489,33.4015123194428,33.4015123194428
"GHA",2019,0,0,0,NA,NA,NA,0,0,0,0,76.824802732152,14.1981,23.139465185671,31.7022617995334,3.04129705781624,34.7435588573496,34.7435588573496
"GHA",2020,0,0,0,NA,NA,NA,0,0,0,0,NA,NA,NA,NA,NA,NA,NA
"GHA",2021,0,0,0,NA,NA,NA,0,0,0,0,62.7078309128346,11.0377,21.288101163547,26.6641837008799,2.90277951595568,29.5669632168356,29.5669632168356
"GHA",2022,0,0,0,NA,NA,NA,0,0,0,0,70.1154557937915,10.6705,11.9372038402218,31.0014653616144,1.8752282216153,32.8766935832297,32.8766935832297
"GHA",2023,0,0,0,856,15.1666666666667,182,24,57,24,57,64.3878615301086,9.0197,8.69027246258012,24.5298166225955,3.79789972324939,28.3277163458449,28.3277163458449
"GHA",2024,0,0,0,NA,NA,NA,0,0,0,0,NA,NA,NA,NA,NA,NA,NA
"GHA",2025,0,0,0,NA,NA,NA,0,0,0,0,NA,NA,NA,NA,NA,NA,NA
"GIN",2002,0,0,0,NA,NA,NA,0,0,0,0,38.0284032674396,8.6437,8.32644581707585,0.0557014661652494,53.9134297315455,53.9691311977107,53.9691311977107
"GIN",2003,0,0,0,NA,NA,NA,0,0,0,0,NA,NA,NA,NA,NA,NA,NA
"GIN",2004,0,0,0,NA,NA,NA,0,0,0,0,34.5950959210535,2.0243,3.47807388641386,0.267168896482423,77.2956770112997,77.5628459077821,77.5628459077821
"GIN",2005,0,0,0,NA,NA,NA,0,0,0,0,47.9377003917167,5.0385,3.12730039628194,3.40567100019241e-05,65.0433136630908,65.0433477198008,65.0433477198008
"GIN",2006,0,0,0,NA,NA,NA,0,0,0,0,69.3862937148949,3.8805,1.25722564477921,0.307662074415899,55.8518318570931,56.159493931509,56.159493931509
"GIN",2007,0,0,0,589,4.91666666666667,59,5,10,5,10,71.1210322265015,4.0248,1.41713322716656,0.864102683278354,73.4419716903088,74.3060743735872,74.3060743735872
"GIN",2008,0,0,0,NA,NA,NA,0,0,0,0,64.1842433909581,3.9021,1.74174886120997,1.02831082278776,51.5371217304826,52.5654325532704,52.5654325532704
"GIN",2009,0,0,0,NA,NA,NA,0,0,0,0,NA,NA,NA,NA,NA,NA,NA
"GIN",2010,0,0,0,NA,NA,NA,0,0,0,0,NA,NA,NA,NA,NA,NA,NA
"GIN",2011,0,0,0,NA,NA,NA,0,0,0,0,NA,NA,NA,NA,NA,NA,NA
"GIN",2012,0,0,0,679,19.4166666666667,233,56,85,56,85,NA,NA,NA,NA,NA,NA,NA
"GIN",2012,0,0,0,679,5.0625,81,56,85,56,85,NA,NA,NA,NA,NA,NA,NA
"GIN",2012,0,0,0,679,9.42105263157895,179,56,85,56,85,NA,NA,NA,NA,NA,NA,NA
"GIN",2013,0,0,0,NA,NA,NA,0,0,0,0,80.4264477180461,5.8877,50.8711415489504,0.289553832489308,30.74770496475,31.0372587972393,31.0372587972393
"GIN",2014,0,0,0,NA,NA,NA,0,0,0,0,76.7719658952305,3.4125,53.4414584979819,0.289042432328907,34.4442960467048,34.7333384790337,34.7333384790337
"GIN",2015,0,0,0,NA,NA,NA,0,0,0,0,72.4427307469345,4.9572,32.0952810082157,0.213868655725313,36.6907365805971,36.9046052363224,36.9046052363224
"GIN",2016,0,0,0,NA,NA,NA,0,0,0,0,111.839467415368,3.1823,37.9074981302271,0.466113470861431,25.8241585170912,26.2902719879526,26.2902719879526
"GIN",2017,0,0,0,765,19.8333333333333,238,11,41,11,41,NA,NA,NA,NA,NA,NA,NA
"GIN",2018,0,0,0,NA,NA,NA,0,0,0,0,NA,NA,NA,NA,NA,NA,NA
"GIN",2019,0,0,0,NA,NA,NA,0,0,0,0,NA,NA,NA,NA,NA,NA,NA
"GIN",2020,0,0,0,NA,NA,NA,0,0,0,0,NA,NA,NA,NA,NA,NA,NA
"GIN",2021,0,0,0,NA,NA,NA,0,0,0,0,NA,NA,NA,NA,NA,NA,NA
"GIN",2022,0,0,0,NA,NA,NA,0,0,0,0,NA,NA,NA,NA,NA,NA,NA
"GIN",2023,0,0,0,NA,NA,NA,0,0,0,0,NA,NA,NA,NA,NA,NA,NA
"GIN",2024,0,0,0,NA,NA,NA,0,0,0,0,NA,NA,NA,NA,NA,NA,NA
"GIN",2025,0,0,0,NA,NA,NA,0,0,0,0,NA,NA,NA,NA,NA,NA,NA
"KEN",2002,0,0,0,NA,NA,NA,0,0,0,0,55.1726722640053,10.8002,17.5223654715719,16.6165342326688,2.17858807244344,18.7951223051122,18.7951223051122
"KEN",2003,0,0,0,524,3.83333333333333,46,0,29,0,29,54.132265895729,10.3024,22.0714590468592,19.1551044918056,2.9543556082054,22.109460100011,22.109460100011
"KEN",2003,0,0,0,524,6.375,102,0,29,0,29,54.132265895729,10.3024,22.0714590468592,19.1551044918056,2.9543556082054,22.109460100011,22.109460100011
"KEN",2004,0,0,0,NA,NA,NA,0,0,0,0,59.4770033484289,9.5738,21.9694668567627,0.901139664414074,5.50820095089847,6.40934061531254,6.40934061531254
"KEN",2005,0,0,0,NA,NA,NA,0,0,0,0,64.4788661639796,7.5401,27.6739618120626,18.3199226649607,1.93568467588894,20.2556073408496,20.2556073408496
"KEN",2006,0,0,0,NA,NA,NA,0,0,0,0,55.2364851257303,8.7786,35.9553028638688,7.27291530118403,2.45940713366363,9.73232243484766,9.73232243484766
"KEN",2007,0,0,0,NA,NA,NA,0,0,0,0,53.8947888046059,12.7657,44.2860507707484,4.26371122113361,2.8267779266884,7.09048914782201,7.09048914782201
"KEN",2008,0,0,0,NA,NA,NA,0,0,0,0,57.5785986473131,12.3566,37.428952039636,2.09821677072516,3.22160944495378,5.31982621567894,5.31982621567894
"KEN",2009,0,0,0,NA,NA,NA,0,0,0,0,45.9451918127805,11.1878,44.8360795474852,4.20130504014462,1.96524408325836,6.16654912340298,6.16654912340298
"KEN",2010,0,0,0,NA,NA,NA,0,0,0,0,50.3942873502834,11.7201,48.6296450219419,4.19535073962597,1.9852461441657,6.18059688379167,6.18059688379167
"KEN",2011,0,0,0,661,3.08333333333333,37,0,0,0,0,NA,NA,NA,NA,NA,NA,NA
"KEN",2012,0,0,0,NA,NA,NA,0,0,0,0,NA,NA,NA,NA,NA,NA,NA
"KEN",2013,0,0,0,NA,NA,NA,0,0,0,0,47.4646425127304,17.5649,47.9030272226377,0.93827196300241,2.20574818456868,3.14402014757109,3.14402014757109
"KEN",2014,0,0,0,NA,NA,NA,0,0,0,0,NA,NA,NA,NA,NA,NA,NA
"KEN",2015,0,0,0,NA,NA,NA,0,0,0,0,40.3273846919019,13.6387,37.9850175926342,10.4002054705089,4.08741066311494,14.4876161336238,14.4876161336238
"KEN",2016,0,0,0,NA,NA,NA,0,0,0,0,34.8650195731824,10.1351,35.8723664031553,7.46355756592411,4.26489839463264,11.7284559605568,11.7284559605568
"KEN",2017,0,0,0,NA,NA,NA,0,0,0,0,35.9950578754074,9.8572,27.1801605463288,1.00602573407941,5.36354394694724,6.36956968102665,6.36956968102665
"KEN",2018,0,0,0,NA,NA,NA,0,0,0,0,34.4147531767425,8.1006,25.973252621977,0.834754874486309,5.99535617568078,6.83011105016709,6.83011105016709
"KEN",2019,0,0,0,NA,NA,NA,0,0,0,0,31.759461841481,7.4892,26.0674293528311,7.73708033046599,4.98578217433066,12.7228625047966,12.7228625047966
"KEN",2020,0,0,0,NA,NA,NA,0,0,0,0,30.3991387830411,6.0288,21.8128323436254,6.74832493327525,5.13265627350615,11.8809812067814,11.8809812067814
"KEN",2021,1,0,1,NA,NA,NA,0,0,0,0,35.0020477795269,5.9073,23.0254823086428,0.924149796237318,6.38746779763161,7.31161759386893,7.31161759386893
"KEN",2022,1,1,1,NA,NA,NA,0,0,0,0,40.2753238373561,6.1631,19.1775689415999,1.37369379382007,6.78261238103048,8.15630617485055,8.15630617485055
"KEN",2023,0,0,0,NA,NA,NA,0,0,0,0,40.9337677377556,6.5611,17.1096987463284,1.8648287478394,5.32428005533122,7.18910880317062,7.18910880317062
"KEN",2024,0,0,0,NA,NA,NA,0,0,0,0,40.0062529666939,4.6816,23.4728753335776,1.63087288958127,5.12139249435883,6.7522653839401,6.7522653839401
"KEN",2025,0,0,0,NA,NA,NA,0,0,0,0,NA,NA,NA,NA,NA,NA,NA
"LSO",2002,0,0,0,NA,NA,NA,0,0,0,0,NA,7.9991,57.0281785579949,0.00340130170595996,0.0657612002029595,0.0691625019089195,0.0691625019089195
"LSO",2003,0,0,0,NA,NA,NA,0,0,0,0,NA,0.1416,65.2251160278052,0.0624084448535018,0.0974033934785549,0.159811838332057,0.159811838332057
"LSO",2004,0,0,0,NA,NA,NA,0,0,0,0,NA,1.0343,64.8410361785327,0.0175765760189479,0.0475347806597082,0.0651113566786561,0.0651113566786561
"LSO",2005,0,0,0,NA,NA,NA,0,0,0,0,NA,NA,NA,NA,NA,NA,NA
"LSO",2006,0,0,0,NA,NA,NA,0,0,0,0,NA,NA,NA,NA,NA,NA,NA
"LSO",2007,0,0,0,NA,NA,NA,0,0,0,0,165.048948833372,0.2917,146.28490944054,0.122346649228984,0.483044966560215,0.605391615789199,0.605391615789199
"LSO",2008,0,0,0,NA,NA,NA,0,0,0,0,161.126590593391,0.2856,138.780657968107,0.0417391701900564,0.255444865389448,0.297184035579504,0.297184035579504
"LSO",2009,0,0,0,NA,NA,NA,0,0,0,0,158.894737585637,0.3915,195.980534397518,0.0168129994467445,0.104317436196333,0.121130435643078,0.121130435643078
"LSO",2010,0,0,0,641,5.5,66,0,0,0,0,150.102435487333,0,188.561318067165,0.0769376796124365,0.442932312242704,0.51986999185514,0.51986999185514
"LSO",2010,0,0,0,641,4,56,0,0,0,0,150.102435487333,0,188.561318067165,0.0769376796124365,0.442932312242704,0.51986999185514,0.51986999185514
"LSO",2011,0,0,0,NA,NA,NA,0,0,0,0,149.796606699153,0.4916,111.095076133596,0.14791613707775,0.192080755656678,0.339996892734428,0.339996892734428
"LSO",2012,0,0,0,NA,NA,NA,0,0,0,0,150.208575358438,0,110.536017685705,0.12209171884117,0.176395233303756,0.298486952144926,0.298486952144926
"LSO",2013,0,0,0,NA,NA,NA,0,0,0,0,133.36548975517,8e-04,114.611240913035,0.0815062744684557,4.11336141524726,4.19486768971572,4.19486768971572
"LSO",2014,0,0,0,NA,NA,NA,0,0,0,0,126.292475360578,0.0237,118.549182314897,0.0376734422723571,46.9397510539114,46.9774244961838,46.9774244961838
"LSO",2015,0,0,0,NA,NA,NA,0,0,0,0,129.722773082867,3.4715,104.707485463184,0.0530542243747911,31.4254236706505,31.4784778950253,31.4784778950253
"LSO",2016,0,0,0,NA,NA,NA,0,0,0,0,136.31524774176,2.8257,68.1261134806299,0.080583696996223,0.257535354573301,0.338119051569524,0.338119051569524
"LSO",2017,0,0,0,NA,NA,NA,0,0,0,0,146.366771329494,0.0257,43.7229136234102,0.07923485972243,0.329155539469625,0.408390399192055,0.408390399192055
"LSO",2018,0,0,0,NA,NA,NA,0,0,0,0,144.434955465602,0.0347,49.7829198251556,0.0379892296059272,1.23558386743794,1.27357309704387,1.27357309704387
"LSO",2019,0,0,0,NA,NA,NA,0,0,0,0,140.51663349168,0.0229,48.8856740378065,0.0343344578962748,0.223234842534879,0.257569300431154,0.257569300431154
"LSO",2020,0,0,0,NA,NA,NA,0,0,0,0,141.096605062998,0.118,42.027661763103,0.014452161241193,0.179631190163663,0.194083351404856,0.194083351404856
"LSO",2021,0,0,0,NA,NA,NA,0,0,0,0,139.186479465407,0.1411,43.5440399322074,0.033559777615051,0.192321778563757,0.225881556178808,0.225881556178808
"LSO",2022,0,0,0,NA,NA,NA,0,0,0,0,142.373981074229,0.7984,42.6258608862953,0.0246048491285881,0.19064142421531,0.215246273343898,0.215246273343898
"LSO",2023,0,0,0,NA,NA,NA,0,0,0,0,140.722487877528,0.1895,48.1010462114031,0.0242983712046877,0.178601333491684,0.202899704696372,0.202899704696372
"LSO",2024,0,0,0,NA,NA,NA,0,0,0,0,152.474389103105,0.1825,56.8402880531113,0.0200440072118683,1.45669819893022,1.47674220614209,1.47674220614209
"LSO",2025,0,0,0,NA,NA,NA,0,0,0,0,NA,NA,NA,NA,NA,NA,NA
"MDG",2002,0,0,0,NA,NA,NA,0,0,0,0,50.1816919379298,5.0934,7.99474632940757,1.95967332286693,1.37329736562457,3.3329706884915,3.3329706884915
"MDG",2003,0,0,0,NA,NA,NA,0,0,0,0,34.030602917475,3.1405,8.31942526816063,4.28006818205514,1.41185429792336,5.6919224799785,5.6919224799785
"MDG",2004,0,0,0,NA,NA,NA,0,0,0,0,48.7753818852156,1.9812,13.1649585735225,1.78555239202322,2.49119521107705,4.27674760310027,4.27674760310027
"MDG",2005,0,0,0,NA,NA,NA,0,0,0,0,59.1300849357677,2.8036,13.6518178836977,1.05388767197136,3.93978695499798,4.99367462696934,4.99367462696934
"MDG",2006,0,0,0,571,11.9166666666667,143,2,47,2,47,62.1028389370244,14.4483,38.1916091358978,5.51020605465603,3.60694833869441,9.11715439335044,9.11715439335044
"MDG",2007,0,0,0,NA,NA,NA,0,0,0,0,66.7027353570049,34.2661,36.3027137951431,7.22250240687378,3.31374246344962,10.5362448703234,10.5362448703234
"MDG",2008,0,0,0,NA,NA,NA,0,0,0,0,74.357353960806,24.1949,38.7795962824066,5.84769983081265,2.99429861711979,8.84199844793244,8.84199844793244
"MDG",2009,0,0,0,NA,NA,NA,0,0,0,0,62.4116975958196,22.7852,34.4966645421389,4.51286687984066,2.82139609258415,7.33426297242481,7.33426297242481
"MDG",2010,0,0,0,NA,NA,NA,0,0,0,0,57.8748945101807,15.4032,37.118325144629,5.90511790300301,8.407930499621,14.313048402624,14.313048402624
"MDG",2011,0,0,0,NA,NA,NA,0,0,0,0,56.4830925951893,15.0095,39.5676987497473,6.39082701978839,9.62871472992812,16.0195417497165,16.0195417497165
"MDG",2012,0,0,0,NA,NA,NA,0,0,0,0,52.6517140811255,15.6446,35.1702533621386,6.85539091439205,19.1029482349438,25.9583391493358,25.9583391493358
"MDG",2013,0,0,0,NA,NA,NA,0,0,0,0,56.3675817900932,11.7338,26.3943251001083,4.4367725808305,29.9469137490599,34.3836863298904,34.3836863298904
"MDG",2014,0,0,0,NA,NA,NA,0,0,0,0,61.9694322111234,9.6406,26.111352617511,3.75711607521926,35.8201508250248,39.5772669002441,39.5772669002441
"MDG",2015,0,0,0,NA,NA,NA,0,0,0,0,61.2203788365078,6.7809,27.6611796721879,2.97134413180539,33.9889516567676,36.960295788573,36.960295788573
"MDG",2016,0,0,0,742,14.2142857142857,199,37,61,37,61,60.8346984831423,6.8678,39.7637876951396,2.55520071174556,24.9275155512368,27.4827162629824,27.4827162629824
"MDG",2016,0,0,0,742,2.8,42,37,61,37,61,60.8346984831423,6.8678,39.7637876951396,2.55520071174556,24.9275155512368,27.4827162629824,27.4827162629824
"MDG",2017,0,0,0,NA,NA,NA,0,0,0,0,65.3434015072915,5.2318,47.3017813033826,1.83435774159362,23.3050125115698,25.1393702531634,25.1393702531634
"MDG",2018,0,0,0,NA,NA,NA,0,0,0,0,67.8415046683582,7.2756,46.7616236484279,2.32534103909142,25.0397521272223,27.3650931663137,27.3650931663137
"MDG",2019,0,0,0,NA,NA,NA,0,0,0,0,62.6013230457128,6.9544,41.8599371205685,2.9314013074363,27.0785964227918,30.0099977302281,30.0099977302281
"MDG",2020,0,0,0,NA,NA,NA,0,0,0,0,49.0107073650291,5.6392,40.9127962327259,1.7001839819329,17.5126752610862,19.2128592430191,19.2128592430191
"MDG",2021,0,0,0,806,4.46153846153846,58,40,59,40,59,55.2158585927485,4.3029,43.6790686321069,1.17584586276708,31.3612347027315,32.5370805654986,32.5370805654986
"MDG",2021,0,0,0,806,8.71428571428571,122,40,59,40,59,55.2158585927485,4.3029,43.6790686321069,1.17584586276708,31.3612347027315,32.5370805654986,32.5370805654986
"MDG",2022,0,0,0,NA,NA,NA,0,0,0,0,70.4708546790091,3.0262,36.3904955127937,2.24692128137179,38.6910739823686,40.9379952637404,40.9379952637404
"MDG",2023,0,0,0,NA,NA,NA,0,0,0,0,62.7622147594312,1.9979,40.9361875163185,2.33410330754239,39.3062064198727,41.6403097274151,41.6403097274151
"MDG",2024,0,0,0,887,6.75,81,21,47,21,47,57.5370213293734,1.5271,41.85063947352,2.55012561538512,32.8646357716195,35.4147613870046,35.4147613870046
"MDG",2025,0,0,0,NA,NA,NA,0,0,0,0,NA,NA,NA,NA,NA,NA,NA
"MOZ",2002,0,0,0,NA,NA,NA,0,0,0,0,73.309162757423,8.4913,16.190952764269,13.3385853092917,45.0710523770754,58.4096376863671,58.4096376863671
"MOZ",2003,0,0,0,NA,NA,NA,0,0,0,0,70.1683599479183,7.8717,17.5365301195872,13.0197593239368,54.8763997123292,67.896159036266,67.896159036266
"MOZ",2004,0,0,0,544,19,228,4,42,4,42,72.0520001612374,13.0988,19.3590661440903,12.4214437884527,61.5258863677345,73.9473301561872,73.9473301561872
"MOZ",2005,0,0,0,NA,NA,NA,0,0,0,0,72.0092609780982,11.6705,18.0229920753126,14.9128661991674,59.4119247777805,74.3247909769479,74.3247909769479
"MOZ",2006,0,0,0,NA,NA,NA,0,0,0,0,67.3498976872689,11.7377,24.7199686932108,14.6620455439789,59.89562468604,74.5576702300189,74.5576702300189
"MOZ",2007,0,0,0,NA,NA,NA,0,0,0,0,66.1203821840516,9.0782,26.8270251264371,15.4818802550736,63.9600174907897,79.4418977458633,79.4418977458633
"MOZ",2008,0,0,0,NA,NA,NA,0,0,0,0,64.981416499828,9.1148,26.0797841137184,10.8435592127921,57.1767016900715,68.0202609028636,68.0202609028636
"MOZ",2009,0,0,0,NA,NA,NA,0,0,0,0,67.898572768141,8.0381,27.5710997852061,17.4275034733367,3.89577007455685,21.3232735478935,21.3232735478935
"MOZ",2010,0,0,0,NA,NA,NA,0,0,0,0,73.8373532681892,5.4328,20.1684538808784,19.6535941900502,54.4350322992141,74.0886264892643,74.0886264892643
"MOZ",2011,0,0,0,NA,NA,NA,0,0,0,0,84.4062119333019,2.2489,19.2434110128692,16.2781018823468,50.6164892492421,66.8945911315889,66.8945911315889
"MOZ",2012,0,0,0,NA,NA,NA,0,0,0,0,105.934588060511,1.8988,14.9669235857298,27.8069556417501,38.9540091086089,66.760964750359,66.760964750359
"MOZ",2013,0,0,0,NA,NA,NA,0,0,0,0,109.38537659913,2.5889,11.5721008393731,33.4629142605243,31.0274419767266,64.4903562372509,64.4903562372509
"MOZ",2014,0,0,0,NA,NA,NA,0,0,0,0,116.356855242217,1.6105,9.31635080828559,30.0376104079026,34.424834860925,64.4624452688276,64.4624452688276
"MOZ",2015,0,0,0,NA,NA,NA,0,0,0,0,98.7612036510901,2.6217,6.715252281864,31.0071856421793,38.1666974909423,69.1738831331216,69.1738831331216
"MOZ",2016,0,0,0,NA,NA,NA,0,0,0,0,110.394358201481,2.0167,4.71570646184642,27.8780163383368,32.537015600755,60.4150319390918,60.4150319390918
"MOZ",2017,0,0,0,NA,NA,NA,0,0,0,0,105.745640702087,3.1808,7.18728867176433,51.1579324800007,30.2596151140669,81.4175475940676,81.4175475940676
"MOZ",2018,0,0,0,NA,NA,NA,0,0,0,0,124.607457525372,3.4122,6.10974752335492,39.4919610313499,27.2619529507557,66.7539139821056,66.7539139821056
"MOZ",2019,0,0,0,NA,NA,NA,0,0,0,0,105.591171401921,3.8448,7.00398240753184,41.7750444782821,30.5783345210747,72.3533789993568,72.3533789993568
"MOZ",2020,0,0,0,NA,NA,NA,0,0,0,0,99.906146051979,4.006,6.75971794054006,36.8617331036982,34.9241235099286,71.7858566136268,71.7858566136268
"MOZ",2021,0,0,0,NA,NA,NA,0,0,0,0,112.078964458333,3.9977,5.86850349468397,41.1381955498654,34.7879108669746,75.92610641684,75.92610641684
"MOZ",2022,0,0,0,828,9.16666666666667,110,3,28,3,28,135.274535098995,2.3487,4.43318049163302,50.7186898345651,30.4675661590987,81.1862559936638,81.1862559936638
"MOZ",2023,0,0,0,NA,NA,NA,0,0,0,0,106.026083626657,2.0913,5.35358010362426,57.6135156555006,23.2868932752681,80.9004089307687,80.9004089307687
"MOZ",2024,0,0,0,NA,NA,NA,0,0,0,0,95.6303976635291,1.7369,5.50818681520143,58.9003236000415,23.2777710502032,82.1780946502447,82.1780946502447
"MOZ",2025,0,0,0,NA,NA,NA,0,0,0,0,NA,NA,NA,NA,NA,NA,NA
"MRT",2002,0,0,0,NA,NA,NA,0,0,0,0,NA,NA,NA,NA,NA,NA,NA
"MRT",2003,0,0,0,525,2.6,13,0,3,0,3,NA,NA,NA,NA,NA,NA,NA
"MRT",2004,0,0,0,NA,NA,NA,0,0,0,0,NA,NA,NA,NA,NA,NA,NA
"MRT",2005,0,0,0,NA,NA,NA,0,0,0,0,NA,NA,NA,NA,NA,NA,NA
"MRT",2006,0,0,0,574,3.91666666666667,47,4,10,4,10,NA,NA,NA,NA,NA,NA,NA
"MRT",2007,0,0,0,NA,NA,NA,0,0,0,0,86.0640556779132,42.9232,8.07507589707441,25.0244060870066,53.8583464092032,78.8827524962098,78.8827524962098
"MRT",2008,0,0,0,NA,NA,NA,0,0,0,0,94.1202110004251,40.3153,6.96726413345285,20.0629304074443,55.4904530517892,75.5533834592335,75.5533834592335
"MRT",2009,0,0,0,NA,NA,NA,0,0,0,0,82.0086176018151,33.1049,7.57039415358967,15.7158937808407,11.3512173171589,27.0671110979996,27.0671110979996
"MRT",2010,0,0,0,634,8.91666666666667,107,5,18,5,18,93.4207451334608,30.5273,8.09372148959162,14.4296063553899,35.3547808620966,49.7843872174865,49.7843872174865
"MRT",2010,0,0,0,634,6.23076923076923,81,5,18,5,18,93.4207451334608,30.5273,8.09372148959162,14.4296063553899,35.3547808620966,49.7843872174865,49.7843872174865
"MRT",2011,0,0,0,NA,NA,NA,0,0,0,0,98.485329604158,26.6945,13.4204849202352,4.38706517156351,7.61434261921362,12.0014077907771,12.0014077907771
"MRT",2012,0,0,0,NA,NA,NA,0,0,0,0,110.788122743421,24.4202,22.6454432152982,13.153296159352,51.2249230139277,64.3782191732797,64.3782191732797
"MRT",2013,0,0,0,NA,NA,NA,0,0,0,0,102.398824183169,23.2118,22.0654365717909,2.54249598571643,64.2633912019786,66.805887187695,66.805887187695
"MRT",2014,0,0,0,NA,NA,NA,0,0,0,0,91.610371363604,22.6291,14.0213256637451,2.78774056131248,50.5502707437565,53.338011305069,53.338011305069
"MRT",2015,0,0,0,NA,NA,NA,0,0,0,0,77.3467864944966,21.7451,16.466813550226,4.36087402426154,40.9750242282128,45.3358982524743,45.3358982524743
"MRT",2016,0,0,0,NA,NA,NA,0,0,0,0,NA,NA,NA,NA,NA,NA,NA
"MRT",2017,0,0,0,764,15.75,189,0,46,0,46,NA,NA,NA,NA,NA,NA,NA
"MRT",2017,0,0,0,764,9.23076923076923,120,0,46,0,46,NA,NA,NA,NA,NA,NA,NA
"MRT",2018,0,0,0,NA,NA,NA,0,0,0,0,NA,NA,NA,NA,NA,NA,NA
"MRT",2019,0,0,0,NA,NA,NA,0,0,0,0,NA,NA,NA,NA,NA,NA,NA
"MRT",2020,0,0,0,NA,NA,NA,0,0,0,0,86.7761681322741,18.9128,26.2651150319926,0.336546338455087,42.4009407093743,42.7374870478294,42.7374870478294
"MRT",2021,0,0,0,NA,NA,NA,0,0,0,0,88.3068737571235,3.7678,42.5960674302831,0.314621738979646,62.9785687040529,63.2931904430325,63.2931904430325
"MRT",2022,0,0,0,NA,NA,NA,0,0,0,0,102.025899125696,4.5272,NA,0.623249770541956,39.470645411406,40.0938951819479,40.0938951819479
"MRT",2023,0,0,0,NA,NA,NA,0,0,0,0,92.1654445146742,5.6284,NA,0.479637265150761,38.0527188819004,38.5323561470512,38.5323561470512
"MRT",2024,0,0,0,NA,NA,NA,0,0,0,0,93.5988355881472,4.7834,NA,0.520317315307166,33.7483319050619,34.2686492203691,34.2686492203691
"MRT",2025,0,0,0,NA,NA,NA,0,0,0,0,NA,NA,NA,NA,NA,NA,NA
"MWI",2002,0,0,0,NA,NA,NA,0,0,0,0,NA,4.1673,5.71799987396084,0.0177546819487274,0.269744707847486,0.287499389796213,0.287499389796213
"MWI",2003,0,0,0,NA,NA,NA,0,0,0,0,NA,1.8535,4.0946585892019,0.113642390702768,0.103044705457276,0.216687096160044,0.216687096160044
"MWI",2004,0,0,0,NA,NA,NA,0,0,0,0,NA,1.1124,3.88178487672658,0.299259342979992,0.321710246678735,0.620969589658727,0.620969589658727
"MWI",2005,0,0,0,559,9.25,111,0,25,0,25,NA,1.3504,5.16994161628928,0.0204440152807278,0.195519483895518,0.215963499176246,0.215963499176246
"MWI",2006,0,0,0,NA,NA,NA,0,0,0,0,NA,8.0404,16.3029193416539,0.147388673915268,0.103519814903851,0.250908488819119,0.250908488819119
"MWI",2007,0,0,0,NA,NA,NA,0,0,0,0,NA,7.0199,26.1597608648988,0.0380878763509734,0.0158415905432311,0.0539294668942045,0.0539294668942045
"MWI",2008,0,0,0,NA,NA,NA,0,0,0,0,NA,8.4441,25.5243434483876,0.0272527561129214,0.0211694043715299,0.0484221604844513,0.0484221604844513
"MWI",2009,0,0,0,NA,NA,NA,0,0,0,0,NA,5.8543,14.2668194014776,0.113743766090584,0.787664435165699,0.901408201256283,0.901408201256283
"MWI",2010,0,0,0,632,1.8,18,0,8,0,8,NA,4.2124,31.8727218660653,0.194092632314477,9.78759288872105,9.98168552103553,9.98168552103553
"MWI",2010,0,0,0,632,0.666666666666667,8,0,8,0,8,NA,4.2124,31.8727218660653,0.194092632314477,9.78759288872105,9.98168552103553,9.98168552103553
"MWI",2011,0,0,0,NA,NA,NA,0,0,0,0,NA,3.1313,17.8835794565902,0.0985652602278643,8.81717154535936,8.91573680558722,8.91573680558722
"MWI",2012,0,0,0,689,3.66666666666667,44,0,49,0,49,NA,1.6135,18.3682388432475,0.0920461716617677,10.9638195846174,11.0558657562792,11.0558657562792
"MWI",2012,0,0,0,689,2.78571428571429,39,0,49,0,49,NA,1.6135,18.3682388432475,0.0920461716617677,10.9638195846174,11.0558657562792,11.0558657562792
"MWI",2012,0,0,0,689,3.9375,63,0,49,0,49,NA,1.6135,18.3682388432475,0.0920461716617677,10.9638195846174,11.0558657562792,11.0558657562792
"MWI",2012,0,0,0,689,7.65,153,0,49,0,49,NA,1.6135,18.3682388432475,0.0920461716617677,10.9638195846174,11.0558657562792,11.0558657562792
"MWI",2013,0,0,0,NA,NA,NA,0,0,0,0,NA,1.3437,27.4207310045394,0.0365527439299261,11.3740204477911,11.410573191721,11.410573191721
"MWI",2014,0,0,0,NA,NA,NA,0,0,0,0,NA,1.2954,37.0956260203114,0.042371121340196,3.01877107061923,3.06114219195943,3.06114219195943
"MWI",2015,0,0,0,NA,NA,NA,0,0,0,0,NA,0.7356,39.5689224395441,0.104381619365554,0.177886221046924,0.282267840412478,0.282267840412478
"MWI",2016,0,0,0,NA,NA,NA,0,0,0,0,NA,2.3821,33.0491029747068,0.0979420401476056,1.03700262392103,1.13494466406864,1.13494466406864
"MWI",2017,0,0,0,NA,NA,NA,0,0,0,0,45.3003137160008,2.4829,35.5346706983706,0.186801735338877,0.229142663268431,0.415944398607308,0.415944398607308
"MWI",2018,0,0,0,768,6.9,69,0,35,0,35,43.578773489,1.1211,33.8151640446414,0.0658028178635877,0.520621161876729,0.586423979740317,0.586423979740317
"MWI",2018,0,0,0,768,6.83333333333333,82,0,35,0,35,43.578773489,1.1211,33.8151640446414,0.0658028178635877,0.520621161876729,0.586423979740317,0.586423979740317
"MWI",2019,0,0,0,NA,NA,NA,0,0,0,0,44.1954524635798,2.8133,34.8864598143722,0.151161717691401,0.352027471896745,0.503189189588146,0.503189189588146
"MWI",2020,0,0,0,NA,NA,NA,0,0,0,0,41.0323429397328,6.0251,20.0728170102111,0.155298013539324,0.553708230618883,0.709006244158207,0.709006244158207
"MWI",2021,0,0,0,NA,NA,NA,0,0,0,0,44.5957618170542,4.5344,NA,0.0231170831782384,1.01525000176507,1.03836708494331,1.03836708494331
"MWI",2022,0,0,0,NA,NA,NA,0,0,0,0,43.616624856781,2.7166,NA,0.00474239695206218,1.27210127418756,1.27684367113962,1.27684367113962
"MWI",2023,0,0,0,877,4.5,27,0,6,0,6,42.4376683990967,0.3818,NA,0.000145544242795096,1.20089218272746,1.20103772697026,1.20103772697026
"MWI",2024,0,0,0,NA,NA,NA,0,0,0,0,41.9038196485235,2.0144,NA,0.00487544410740339,0.849897159593092,0.854772603700495,0.854772603700495
"MWI",2025,0,0,0,NA,NA,NA,0,0,0,0,NA,NA,NA,NA,NA,NA,NA
"RWA",2002,0,0,0,529,7,84,0,72,0,72,31.3172752974708,3.0151,16.7853483670789,0,35.088175963992,35.088175963992,35.088175963992
"RWA",2002,0,0,0,529,7.21428571428571,101,0,72,0,72,31.3172752974708,3.0151,16.7853483670789,0,35.088175963992,35.088175963992,35.088175963992
"RWA",2002,0,0,0,529,3.375,54,0,72,0,72,31.3172752974708,3.0151,16.7853483670789,0,35.088175963992,35.088175963992,35.088175963992
"RWA",2003,0,0,0,NA,NA,NA,0,0,0,0,32.8189983492155,1.74,13.806516965337,0,26.6428584667642,26.6428584667642,26.6428584667642
"RWA",2004,0,0,0,NA,NA,NA,0,0,0,0,37.0316755294291,0.917,18.8326436671246,0.0207021893929761,34.1911048887464,34.2118070781394,34.2118070781394
"RWA",2005,0,0,0,NA,NA,NA,0,0,0,0,38.0262688816851,1.0065,16.8285512616186,0.0126880307428849,35.1376159794075,35.1503040101504,35.1503040101504
"RWA",2006,0,0,0,569,9.91666666666667,119,0,46,0,46,33.6578390444203,4.4204,88.0507090626504,0.00416015534860654,31.4407560198606,31.4449161752092,31.4449161752092
"RWA",2006,0,0,0,569,1.92307692307692,25,0,46,0,46,33.6578390444203,4.4204,88.0507090626504,0.00416015534860654,31.4407560198606,31.4449161752092,31.4449161752092
"RWA",2007,0,0,0,NA,NA,NA,0,0,0,0,36.4479761431748,3.805,126.59960589429,0.0107732293468366,46.3016117072326,46.3123849365794,46.3123849365794
"RWA",2008,0,0,0,NA,NA,NA,0,0,0,0,37.9969638376772,0.7233,82.8189965337812,0.239934257663276,27.933112466431,28.1730467240943,28.1730467240943
"RWA",2009,0,0,0,NA,NA,NA,0,0,0,0,37.2137499920385,0.9214,91.693878487992,0.0536388840609877,25.0637471463376,25.1173860303986,25.1173860303986
"RWA",2010,0,0,0,NA,NA,NA,0,0,0,0,37.7415245466166,1.1454,65.3844606154367,0.0684734450545245,35.8800089645487,35.9484824096032,35.9484824096032
"RWA",2011,0,0,0,NA,NA,NA,0,0,0,0,40.1597511764349,7.6707,49.1248511140552,0.0358053478768208,45.1668198317922,45.202625179669,45.202625179669
"RWA",2012,0,0,0,NA,NA,NA,0,0,0,0,41.081185425557,4.7422,26.1516254006042,0.0183622895975197,39.8735818164701,39.8919441060676,39.8919441060676
"RWA",2013,1,0,1,NA,NA,NA,0,0,0,0,43.260980041775,0.4791,28.2738613218304,0.106275401403098,47.728426891862,47.8347022932651,47.8347022932651
"RWA",2014,1,1,1,NA,NA,NA,0,0,0,0,44.4828257252622,0.8586,32.4805009618856,0.200175871031657,45.3122231010092,45.5123989720409,45.5123989720409
"RWA",2015,0,0,0,NA,NA,NA,0,0,0,0,45.7348675761767,0.3264,26.5930545228427,0.134400288536825,29.177973798398,29.3123740869348,29.3123740869348
"RWA",2016,0,0,0,NA,NA,NA,0,0,0,0,50.08973657056,5.2473,23.4745205794815,0.0716792615878137,22.4094104292018,22.4810896907896,22.4810896907896
"RWA",2017,0,0,0,NA,NA,NA,0,0,0,0,54.2079656602139,6.0397,23.2270191273317,0.0762331071262711,29.4136298769588,29.4898629840851,29.4898629840851
"RWA",2018,0,0,0,NA,NA,NA,0,0,0,0,47.9830578657248,6.236,23.8454566844657,0.315761583690096,30.314438220422,30.6301998041121,30.6301998041121
"RWA",2019,1,1,1,NA,NA,NA,0,0,0,0,48.892715033759,5.2709,22.4796314887124,1.91424345145403,14.8783110729202,16.7925545243742,16.7925545243742
"RWA",2020,1,1,1,NA,NA,NA,0,0,0,0,44.3511840604967,4.6156,20.987784946524,0.0438835362111073,8.24267617414299,8.2865597103541,8.2865597103541
"RWA",2021,0,0,0,NA,NA,NA,0,0,0,0,59.8007993935018,4.4379,20.0398240385867,0.0491650847321846,14.4742019090766,14.5233669938088,14.5233669938088
"RWA",2022,0,0,0,NA,NA,NA,0,0,0,0,60.9591709408266,3.8842,17.8077969358787,0.06254493579927,20.9179316429293,20.9804765787286,20.9804765787286
"RWA",2023,0,0,0,NA,NA,NA,0,0,0,0,NA,NA,NA,NA,NA,NA,NA
"RWA",2024,0,0,0,NA,NA,NA,0,0,0,0,NA,NA,NA,NA,NA,NA,NA
"RWA",2025,0,0,0,NA,NA,NA,0,0,0,0,NA,NA,NA,NA,NA,NA,NA
"SLE",2002,0,0,0,NA,NA,NA,0,0,0,0,NA,NA,NA,NA,NA,NA,NA
"SLE",2003,0,0,0,NA,NA,NA,0,0,0,0,NA,NA,NA,NA,NA,NA,NA
"SLE",2004,0,0,0,NA,NA,NA,0,0,0,0,NA,NA,NA,NA,NA,NA,NA
"SLE",2005,0,0,0,NA,NA,NA,0,0,0,0,NA,NA,NA,NA,NA,NA,NA
"SLE",2006,0,0,0,573,3.16666666666667,38,6,57,6,57,NA,NA,NA,NA,NA,NA,NA
"SLE",2006,0,0,0,573,11.5,184,6,57,6,57,NA,NA,NA,NA,NA,NA,NA
"SLE",2006,0,0,0,573,3.23529411764706,55,6,57,6,57,NA,NA,NA,NA,NA,NA,NA
"SLE",2007,0,0,0,NA,NA,NA,0,0,0,0,NA,NA,NA,NA,NA,NA,NA
"SLE",2008,0,0,0,NA,NA,NA,0,0,0,0,NA,NA,NA,NA,NA,NA,NA
"SLE",2009,0,0,0,NA,NA,NA,0,0,0,0,NA,NA,NA,NA,NA,NA,NA
"SLE",2010,0,0,0,643,5.91666666666667,71,4,15,4,15,NA,NA,NA,NA,NA,NA,NA
"SLE",2011,0,0,0,NA,NA,NA,0,0,0,0,NA,NA,NA,NA,NA,NA,NA
"SLE",2012,0,0,0,NA,NA,NA,0,0,0,0,NA,NA,NA,NA,NA,NA,NA
"SLE",2013,0,0,0,705,10.5,126,9,84,9,84,NA,NA,NA,NA,NA,NA,NA
"SLE",2013,0,0,0,705,9.76923076923077,127,9,84,9,84,NA,NA,NA,NA,NA,NA,NA
"SLE",2014,0,0,0,NA,NA,NA,0,0,0,0,51.1187772788807,14.907,41.9182090026415,0.0128489031725622,86.4196189147314,86.432467817904,86.432467817904
"SLE",2015,0,0,0,NA,NA,NA,0,0,0,0,36.4823958242319,13.7305,37.1624174752316,0,0.988737482926271,0.988737482926271,0.988737482926271
"SLE",2016,0,0,0,NA,NA,NA,0,0,0,0,NA,NA,NA,NA,NA,NA,NA
"SLE",2017,0,0,0,758,2.5,15,2,2,2,2,41.5213782343591,10.8705,30.6035747879682,0.0564669332343084,9.23607569467904,9.29254262791335,9.29254262791335
"SLE",2018,0,0,0,773,2.53333333333333,38,14,57,14,57,37.3774603119412,10.282,27.3394520213469,0.143317650742994,19.708507181177,19.85182483192,19.85182483192
"SLE",2018,0,0,0,773,3.73684210526316,71,14,57,14,57,37.3774603119412,10.282,27.3394520213469,0.143317650742994,19.708507181177,19.85182483192,19.85182483192
"SLE",2018,0,0,0,773,6.85,137,14,57,14,57,37.3774603119412,10.282,27.3394520213469,0.143317650742994,19.708507181177,19.85182483192,19.85182483192
"SLE",2019,0,0,0,NA,NA,NA,0,0,0,0,NA,NA,NA,NA,NA,NA,NA
"SLE",2020,0,0,0,NA,NA,NA,0,0,0,0,NA,NA,NA,NA,NA,NA,NA
"SLE",2021,0,0,0,NA,NA,NA,0,0,0,0,NA,NA,NA,NA,NA,NA,NA
"SLE",2022,0,0,0,NA,NA,NA,0,0,0,0,NA,NA,NA,NA,NA,NA,NA
"SLE",2023,0,0,0,NA,NA,NA,0,0,0,0,NA,NA,NA,NA,NA,NA,NA
"SLE",2024,0,0,0,893,5.33333333333333,64,9,16,9,16,NA,NA,NA,NA,NA,NA,NA
"SLE",2025,0,0,0,NA,NA,NA,0,0,0,0,NA,NA,NA,NA,NA,NA,NA
"SLV",2002,0,0,0,NA,NA,NA,0,0,0,0,65.9190907767708,19.0382,26.7194835477763,2.15866523854517,1.15584362357537,3.31450886212054,3.31450886212054
"SLV",2003,0,0,0,NA,NA,NA,0,0,0,0,68.23698247861,18.8011,23.0540371751175,2.00487312073414,1.31534426733791,3.32021738807205,3.32021738807205
"SLV",2004,0,0,0,NA,NA,NA,0,0,0,0,69.7822641767691,19.456,21.1633093142947,1.85819761530743,1.34659452951972,3.20479214482715,3.20479214482715
"SLV",2005,0,0,0,NA,NA,NA,0,0,0,0,69.7158116750578,19.2932,19.2459114429845,1.86278033146763,1.44832477015354,3.31110510162117,3.31110510162117
"SLV",2006,0,0,0,NA,NA,NA,0,0,0,0,73.4555675070266,12.8857,19.7007225925321,2.2630253508994,1.85692050804381,4.11994585894321,4.11994585894321
"SLV",2007,0,0,0,NA,NA,NA,0,0,0,0,77.6210560347995,13.0973,23.3440924611734,2.84937473805287,2.00278861682249,4.85216335487536,4.85216335487536
"SLV",2008,0,0,0,NA,NA,NA,0,0,0,0,80.6659739399085,14.43,24.7406295078484,3.44085217496394,1.74053641550667,5.18138859047061,5.18138859047061
"SLV",2009,0,0,0,609,0.6,3,0,0,0,0,66.0711911744487,8.2957,29.9918129933645,2.75552281120897,1.29712979888706,4.05265261009603,4.05265261009603
"SLV",2010,0,0,0,635,7.83333333333333,94,14,10,14,10,73.5372876725398,7.2709,25.0682655910882,2.92291722483646,1.69920510445875,4.62212232929521,4.62212232929521
"SLV",2011,0,0,0,NA,NA,NA,0,0,0,0,79.2766437025052,9.6051,19.5851246125203,3.17562525140071,2.00585034068723,5.18147559208794,5.18147559208794
"SLV",2012,0,0,0,NA,NA,NA,0,0,0,0,77.6485716222883,11.2658,23.4434116446167,3.18128162520571,1.77742535831435,4.95870698352006,4.95870698352006
"SLV",2013,0,0,0,NA,NA,NA,0,0,0,0,80.4511944908271,13.1121,19.4233749622711,2.310418912892,1.36818616220759,3.67860507509959,3.67860507509959
"SLV",2014,0,0,0,NA,NA,NA,0,0,0,0,78.1044257477935,13.2991,17.7495800309366,2.57051935028685,1.53576875268343,4.10628810297028,4.10628810297028
"SLV",2015,0,0,0,NA,NA,NA,0,0,0,0,76.5602707370519,12.9298,17.8579847402795,1.9602368517525,1.23613153909728,3.19636839084978,3.19636839084978
"SLV",2016,0,0,0,NA,NA,NA,0,0,0,0,72.8190933731491,15.2743,19.5281899219681,2.85703125629467,1.12619341923859,3.98322467553326,3.98322467553326
"SLV",2017,0,0,0,NA,NA,NA,0,0,0,0,74.3046511916519,11.8852,20.7492439420718,3.1700621689001,1.15638828382003,4.32645045272013,4.32645045272013
"SLV",2018,0,0,0,NA,NA,NA,0,0,0,0,75.6336168879956,12.408,21.387276085268,3.53674673172561,1.26795177041228,4.80469850213789,4.80469850213789
"SLV",2019,0,0,0,NA,NA,NA,0,0,0,0,76.0420130991468,12.853,25.5968915246922,3.37096131973082,1.06688895694381,4.43785027667463,4.43785027667463
"SLV",2020,0,0,0,NA,NA,NA,0,0,0,0,66.4595069497083,10.1226,16.6773333744401,3.20991367903261,0.90218527850289,4.1120989575355,4.1120989575355
"SLV",2021,0,0,0,NA,NA,NA,0,0,0,0,81.8450759800765,11.1,16.8422672427423,3.88664003808006,1.06667410327226,4.95331414135232,4.95331414135232
"SLV",2022,0,0,0,NA,NA,NA,0,0,0,0,88.7011372097555,11.1788,12.7185831218883,4.79090726433674,1.12672812630008,5.91763539063682,5.91763539063682
"SLV",2023,0,0,0,NA,NA,NA,0,0,0,0,79.8122651787866,12.7373,13.4686533899243,5.29654060272418,1.12538630226481,6.42192690498899,6.42192690498899
"SLV",2024,0,0,0,NA,NA,NA,0,0,0,0,85.6825726575292,10.6126,14.8416167448619,5.00115993975647,1.27838950619101,6.27954944594748,6.27954944594748
"SLV",2025,0,0,0,892,4.75,57,0,16,0,16,NA,NA,NA,NA,NA,NA,NA
"TZA",2002,0,0,0,NA,NA,NA,0,0,0,0,27.4992172734904,9.9449,21.7087584987869,0.0812585603414405,8.74938757282012,8.83064613316156,8.83064613316156
"TZA",2003,0,0,0,534,10.5,126,0,4,0,4,30.4488358249326,11.2623,27.8299260045952,0.0582492548746596,6.17005787028101,6.22830712515567,6.22830712515567
"TZA",2003,0,0,0,534,3.3125,53,0,4,0,4,30.4488358249326,11.2623,27.8299260045952,0.0582492548746596,6.17005787028101,6.22830712515567,6.22830712515567
"TZA",2003,0,0,0,534,0.290322580645161,9,0,4,0,4,30.4488358249326,11.2623,27.8299260045952,0.0582492548746596,6.17005787028101,6.22830712515567,6.22830712515567
"TZA",2004,0,0,0,NA,NA,NA,0,0,0,0,33.609786736665,13.0828,26.5896754698464,0.12217167726015,8.33073598329359,8.45290766055374,8.45290766055374
"TZA",2005,1,0,1,NA,NA,NA,0,0,0,0,36.9592732894013,11.9028,24.3086988515947,0.129026854555102,7.65185121660297,7.78087807115807,7.78087807115807
"TZA",2006,1,1,1,NA,NA,NA,0,0,0,0,42.7681664691467,24.3555,54.9922000710872,0.145882226834011,11.1375397749838,11.2834220018178,11.2834220018178
"TZA",2007,0,0,0,NA,NA,NA,0,0,0,0,48.0583947796554,20.5594,57.2468510771602,0.644600677919283,12.6269052492145,13.2715059271338,13.2715059271338
"TZA",2008,0,0,0,NA,NA,NA,0,0,0,0,49.0265445510865,22.2735,47.4419338334306,2.21753896919901,12.7364924429117,14.9540314121107,14.9540314121107
"TZA",2009,0,0,0,NA,NA,NA,0,0,0,0,43.5326006456317,18.0612,44.7215566059687,0.710369569143214,17.8323997537099,18.5427693228531,18.5427693228531
"TZA",2010,0,0,0,NA,NA,NA,0,0,0,0,47.6404394295683,15.5367,43.6750348214826,1.90135698578723,25.4274314948111,27.3287884805983,27.3287884805983
"TZA",2011,0,0,0,NA,NA,NA,0,0,0,0,56.1661241821809,16.2561,36.7844529619566,0.757162545025763,22.5778719904617,23.3350345354875,23.3350345354875
"TZA",2012,0,0,0,NA,NA,NA,0,0,0,0,54.3689490815138,17.2574,33.6235105791728,1.25025665065363,16.2993206590418,17.5495773096954,17.5495773096954
"TZA",2013,0,0,0,NA,NA,NA,0,0,0,0,48.6316275295495,11.2296,33.4539175706276,2.25065372364093,10.0805702581627,12.3312239818036,12.3312239818036
"TZA",2014,0,0,0,NA,NA,NA,0,0,0,0,45.3560223433065,11.593,26.7848466467843,1.67367486325445,13.3403283009553,15.0140031642097,15.0140031642097
"TZA",2015,0,0,0,NA,NA,NA,0,0,0,0,40.7576808778314,12.1677,22.2483682552389,2.19577000835359,9.71497005387568,11.9107400622293,11.9107400622293
"TZA",2016,0,0,0,NA,NA,NA,0,0,0,0,35.4204704002636,13.2222,22.276090326466,0.872530009193527,7.39038816130408,8.26291817049761,8.26291817049761
"TZA",2017,0,0,0,NA,NA,NA,0,0,0,0,33.1125919853124,12.8783,27.2376304885537,1.13284838395326,2.37246365533661,3.50531203928987,3.50531203928987
"TZA",2018,0,0,0,NA,NA,NA,0,0,0,0,32.6426099043737,12.5099,22.3144990122985,0.886836468069654,1.33472814164304,2.22156460971269,2.22156460971269
"TZA",2019,0,0,0,NA,NA,NA,0,0,0,0,33.0185892502311,12.4604,NA,0.824331183688424,1.19349009849919,2.01782128218761,2.01782128218761
"TZA",2020,0,0,0,NA,NA,NA,0,0,0,0,27.9630151969884,13.3569,NA,0.824710521238149,7.16842722557704,7.99313774681519,7.99313774681519
"TZA",2021,0,0,0,NA,NA,NA,0,0,0,0,29.9151840074048,13.4357,NA,0.912020513109267,3.952845900026,4.86486641313527,4.86486641313527
"TZA",2022,0,0,0,834,3.23076923076923,42,0,24,0,24,35.0034517101994,14.6731,NA,3.08582937747335,5.47998490709586,8.56581428456921,8.56581428456921
"TZA",2022,0,0,0,834,5.5625,89,0,24,0,24,35.0034517101994,14.6731,NA,3.08582937747335,5.47998490709586,8.56581428456921,8.56581428456921
"TZA",2023,0,0,0,NA,NA,NA,0,0,0,0,38.212034806339,13.1664,NA,3.5711825305577,4.97181072389695,8.54299325445465,8.54299325445465
"TZA",2024,0,0,0,NA,NA,NA,0,0,0,0,41.3081068648568,9.3084,NA,2.24873032924646,5.64619619149418,7.89492652074064,7.89492652074064
"TZA",2025,0,0,0,NA,NA,NA,0,0,0,0,NA,NA,NA,NA,NA,NA,NA
"UGA",2002,0,0,0,501,11.5,138,0,41,0,41,36.2777941561831,3.9426,23.2351513193553,3.63329549166036,1.81303780824033,5.44633329990069,5.44633329990069
"UGA",2002,0,0,0,501,4.15384615384615,54,0,41,0,41,36.2777941561831,3.9426,23.2351513193553,3.63329549166036,1.81303780824033,5.44633329990069,5.44633329990069
"UGA",2002,0,0,0,501,3.92857142857143,55,0,41,0,41,36.2777941561831,3.9426,23.2351513193553,3.63329549166036,1.81303780824033,5.44633329990069,5.44633329990069
"UGA",2003,0,0,0,NA,NA,NA,0,0,0,0,36.5857264641268,3.2294,23.5981743892541,2.9815736307981,0.34518152165646,3.32675515245456,3.32675515245456
"UGA",2004,0,0,0,NA,NA,NA,0,0,0,0,35.4600862456436,2.8128,27.3122128379488,2.15744861584744,0.371713098517081,2.52916171436452,2.52916171436452
"UGA",2005,0,0,0,NA,NA,NA,0,0,0,0,38.9942854839061,1.7642,30.1356662379808,1.66663556012777,2.41799274891198,4.08462830903975,4.08462830903975
"UGA",2006,0,0,0,NA,NA,NA,0,0,0,0,43.6332857896204,11.3837,139.223757346745,4.38781819523582,2.11282581613079,6.50064401136661,6.50064401136661
"UGA",2007,0,0,0,NA,NA,NA,0,0,0,0,46.7774166522822,1.6004,154.850976180176,1.29891752827692,2.17189206117311,3.47080958945003,3.47080958945003
"UGA",2008,0,0,0,NA,NA,NA,0,0,0,0,56.2582682050634,19.9851,100.33486567302,1.2724566456655,2.23975133840974,3.51220798407524,3.51220798407524
"UGA",2009,0,0,0,NA,NA,NA,0,0,0,0,47.0638780748379,8.5127,108.370183190604,1.37508672939007,2.46285043236365,3.83793716175372,3.83793716175372
"UGA",2010,0,0,0,NA,NA,NA,0,0,0,0,38.2692490371291,0.8815,90.970314265413,1.20826334740248,1.90384686894177,3.11211021634425,3.11211021634425
"UGA",2011,0,0,0,NA,NA,NA,0,0,0,0,39.7552255606122,0.8037,80.2263479594075,5.74523774419087,1.12817381744177,6.87341156163264,6.87341156163264
"UGA",2012,0,0,0,NA,NA,NA,0,0,0,0,43.5021371397314,0.6944,83.8730895359693,6.61880937018064,1.10642751669081,7.72523688687145,7.72523688687145
"UGA",2013,0,0,0,NA,NA,NA,0,0,0,0,43.1091548734687,5.4841,38.9903234021534,1.07267010214049,0.886734970078216,1.95940507221871,1.95940507221871
"UGA",2014,0,0,0,NA,NA,NA,0,0,0,0,36.0144010819085,6.16,38.3332006206083,2.11407660369841,0.604683661904989,2.7187602656034,2.7187602656034
"UGA",2015,0,0,0,NA,NA,NA,0,0,0,0,37.6892983324358,5.792,30.3935449340986,1.05985415174367,0.48170424939709,1.54155840114076,1.54155840114076
"UGA",2016,0,0,0,NA,NA,NA,0,0,0,0,31.2093620232119,4.9752,30.7077183687882,1.14300324387532,0.459348713405027,1.60235195728035,1.60235195728035
"UGA",2017,0,0,0,NA,NA,NA,0,0,0,0,36.8370529334101,4.0504,31.8562056100853,2.45925296695196,0.374878241048121,2.83413120800008,2.83413120800008
"UGA",2018,0,0,0,NA,NA,NA,0,0,0,0,36.6384055999567,4.1272,26.2243710321097,5.40337893135784,0.350411758566397,5.75379068992424,5.75379068992424
"UGA",2019,0,0,0,NA,NA,NA,0,0,0,0,39.3610539647435,6.7997,23.2022296078196,4.97635328996552,0.266865230610442,5.24321852057596,5.24321852057596
"UGA",2020,0,0,0,NA,NA,NA,0,0,0,0,37.0006923916369,6.7293,22.1033563422171,2.37578872053309,0.252231889793945,2.62802061032703,2.62802061032703
"UGA",2021,0,0,0,810,16.6666666666667,200,4,42,4,42,41.7136307424781,8.572,23.6012010395494,3.44411222230529,0.744614230461867,4.18872645276716,4.18872645276716
"UGA",2022,0,0,0,NA,NA,NA,0,0,0,0,34.5053019270937,8.1911,19.3925808858776,4.24312411159032,1.37573978710851,5.61886389869883,5.61886389869883
"UGA",2023,0,0,0,NA,NA,NA,0,0,0,0,33.3416963302219,2.393,19.4190099538259,2.96068890680383,1.45187874568621,4.41256765249004,4.41256765249004
"UGA",2024,0,0,0,NA,NA,NA,0,0,0,0,42.6527889088562,2.5276,16.96135260843,2.32497095855221,0.711051042553324,3.03602200110553,3.03602200110553
"UGA",2025,0,0,0,NA,NA,NA,0,0,0,0,NA,NA,NA,NA,NA,NA,NA
"ZMB",2002,0,0,0,NA,NA,NA,0,0,0,0,64.9164969990648,1.3728,8.00962727486297,1.79506605084816,59.3239690503369,61.1190351011851,61.1190351011851
"ZMB",2003,0,0,0,NA,NA,NA,0,0,0,0,62.3128446757629,1.2953,3.59953974676757,2.52218765663852,60.0262278586003,62.5484155152388,62.5484155152388
"ZMB",2004,0,0,0,547,14.5,174,0,88,0,88,70.8130749317722,1.8132,4.46591430694416,1.98338581633262,46.5515777026805,48.5349635190131,48.5349635190131
"ZMB",2004,0,0,0,547,4.92307692307692,64,0,88,0,88,70.8130749317722,1.8132,4.46591430694416,1.98338581633262,46.5515777026805,48.5349635190131,48.5349635190131
"ZMB",2005,0,0,0,NA,NA,NA,0,0,0,0,62.200282191364,4.364,10.4243305129052,0.844028120274815,67.4376806672762,68.281708787551,68.281708787551
"ZMB",2006,0,0,0,NA,NA,NA,0,0,0,0,57.8568188739027,18.8145,31.9785926444574,0.838501559249603,80.8375615687607,81.6760631280103,81.6760631280103
"ZMB",2007,0,0,0,NA,NA,NA,0,0,0,0,65.7714586909068,20.1526,39.7786520071578,0.475593312463412,78.115678057786,78.5912713702494,78.5912713702494
"ZMB",2008,0,0,0,594,10,120,0,15,0,15,59.4548891205874,22.0685,37.3035683405447,0.421744083665289,79.7857145794274,80.2074586630927,80.2074586630927
"ZMB",2009,0,0,0,NA,NA,NA,0,0,0,0,56.1213809555165,12.2543,51.9674899389065,0.486768260911491,78.5949410783729,79.0817093392844,79.0817093392844
"ZMB",2010,0,0,0,NA,NA,NA,0,0,0,0,67.9009190299719,26.6185,48.4586286539631,0.473192561204892,82.3283419185778,82.8015344797827,82.8015344797827
"ZMB",2011,0,0,0,NA,NA,NA,0,0,0,0,72.7954324384283,10.1419,44.6960083441316,0.562369702840533,78.5928539303859,79.1552236332264,79.1552236332264
"ZMB",2012,0,0,0,NA,NA,NA,0,0,0,0,75.367709855907,13.2862,49.2118641035973,1.31390015743446,69.6772640831742,70.9911642406087,70.9911642406087
"ZMB",2013,0,0,0,NA,NA,NA,0,0,0,0,80.4562410213373,11.2304,40.2456079103037,2.05442423414307,70.5950312224802,72.6494554566233,72.6494554566233
"ZMB",2014,0,0,0,NA,NA,NA,0,0,0,0,76.1934997276313,8.48,31.8981483317815,1.19101690281408,73.0113024824784,74.2023193852925,74.2023193852925
"ZMB",2015,0,0,0,NA,NA,NA,0,0,0,0,79.8652687573958,6.0028,24.1059303154785,1.55535306091139,74.7917338140349,76.3470868749463,76.3470868749463
"ZMB",2016,0,0,0,NA,NA,NA,0,0,0,0,73.958561254616,4.8332,14.932427982912,0.87637995732854,73.2307379852017,74.1071179425302,74.1071179425302
"ZMB",2017,0,0,0,NA,NA,NA,0,0,0,0,71.5856946542566,3.7924,8.77064357310276,0.918961664308822,79.5303550713286,80.4493167356374,80.4493167356374
"ZMB",2018,0,0,0,NA,NA,NA,0,0,0,0,74.8883695274665,2.5258,6.3748426196843,1.01571316093364,77.4606084696989,78.4763216306325,78.4763216306325
"ZMB",2019,0,0,0,NA,NA,NA,0,0,0,0,68.791204936096,2.855,4.92786160325023,1.36783558895875,74.58257510545,75.9504106944088,75.9504106944088
"ZMB",2020,0,0,0,NA,NA,NA,0,0,0,0,79.2068494095955,2.4711,4.07514672518242,1.73850401929445,78.8010057390337,80.5395097583282,80.5395097583282
"ZMB",2021,0,0,0,NA,NA,NA,0,0,0,0,86.2085111934645,5.2557,10.2209380297614,1.67696240024655,79.2520502689073,80.9290126691538,80.9290126691538
"ZMB",2022,0,0,0,838,20.2307692307692,263,24,99,24,99,69.2973154193203,9.5849,10.4405689268511,2.81611636018103,75.6024881567735,78.4186045169545,78.4186045169545
"ZMB",2022,0,0,0,838,6.71428571428571,94,24,99,24,99,69.2973154193203,9.5849,10.4405689268511,2.81611636018103,75.6024881567735,78.4186045169545,78.4186045169545
"ZMB",2023,0,0,0,NA,NA,NA,0,0,0,0,78.2418870451485,11.725,10.9131995443089,4.09782634161287,71.3565858556083,75.4544121972212,75.4544121972212
"ZMB",2024,0,0,0,NA,NA,NA,0,0,0,0,62.5348874064443,9.9308,14.5453908868032,2.72110717813148,72.9899534292382,75.7110606073697,75.7110606073697
"ZMB",2025,0,0,0,NA,NA,NA,0,0,0,0,NA,NA,NA,NA,NA,NA,NA
