"Year","GRA_Purchases","PRGT","RST","Totals"
2026,93429554597,23874679781,6964882150,124269116528
2025,90358082301,23700848615,5452992900,119511923816
2024,87129569802,22165719566,3184514900,112479804268
2023,92095397337,18255091532,608381480,110958870349
2022,96930343222,15871251001,0,112801594223
2021,89474552025,14554823681,0,104029375706
2020,93408630285,12481816684,0,105890446969
2019,66945509865,6590835450,0,73536345315
2018,55395611392,6426181029,0,61821792421
2017,39585385873,6522280669,0,46107666542
2016,49267630851,6482647937,0,55750278788
2015,50757840741,6575911158,0,57333751899
2014,69041563463,6292755583,0,75334319046
2013,83899249061,6174392682,0,90073641743
2012,90042348252,5766292503,0,95808640755
2011,87276915790,5308609594,0,92585525384
2010,55620104510,4819344134,0,60439448644
2009,37221142436,5079705286,0,42300847722
2008,17514964723,3972372030,0,21487336753
2007,6036146757,3796945581,0,9833092338
2006,9822640239,3844020520,0,13666660759
2005,28432143237,6282121668,0,34714264905
2004,55373766674,6766029353,0,62139796027
2003,65032062712,6880893268,0,71912955980
2002,63601058794,6868671012,0,70469729806
2001,53477225409,6424578684,0,59901804093
2000,42990531049,6331595468,0,49322126517
1999,51061861875,6434274362,0,57496136237
1998,60451017051,6288825925,0,66739842976
1997,46559033783,6009867422,0,52568901205
1996,36127472805,5881609752,0,42009082557
1995,35929173412,5657438528,0,41586611940
1994,25611676952,4599768498,0,30211445450
1993,25196745031,3942792899,0,29139537930
1992,23967172718,3804463796,0,27771636514
1991,23378573926,3285717796,0,26664291722
1990,20731851093,2571911617,0,23303762710
1989,22315104224,2334886562,0,24649990786
1988,24750004884,1773964293,0,26523969177
1987,28751979125,1866342930,0,30618322055
1986,33334905644,2013169931,0,35348075575
1985,35194787249,2470247948,0,37665035197
1984,34936772393,2769874900,0,37706647293
