"ISO3","Year","n_missing_description_conditions"
"AFG",2006,4
"ALB",2002,5
"ALB",2006,21
"BEN",2005,3
"BFA",2003,4
"BFA",2007,1
"BGD",2003,2
"BGR",2004,15
"BOL",2003,2
"CAF",2006,1
"CMR",2005,24
"COG",2004,6
"COL",2003,2
"CPV",2002,5
"CPV",2006,5
"DMA",2003,7
"DOM",2003,1
"DOM",2005,9
"ECU",2003,4
"GAB",2004,5
"GAB",2007,2
"GEO",2004,4
"GHA",2003,8
"GMB",2007,5
"HND",2004,9
"HRV",2004,2
"HTI",2006,5
"IRQ",2005,7
"KEN",2003,5
"KGZ",2005,1
"MDA",2006,7
"MDG",2006,10
"MKD",2005,12
"MLI",2004,4
"MOZ",2004,7
"NER",2005,15
"NGA",2005,4
"NIC",2002,9
"NPL",2003,18
"PER",2004,4
"PER",2007,7
"PRY",2003,5
"PRY",2006,2
"ROU",2004,5
"RWA",2006,1
"SEN",2003,1
"SLE",2001,29
"SRB",2002,18
"STP",2005,7
"TJK",2002,15
"TZA",2003,14
"TZA",2007,6
"UGA",2002,5
"UGA",2007,1
"URY",2005,13
"ZMB",2004,24
