programnr,Arrangement Number,Country Name,MONA Code,ISO3,Approval Year,arrtype_group,nrquarters,approvaldate,nrcondtype_pc,nrcondtype_pa,nrcondtype_sb,nrcondtype_all,avgcondtype_all,avgcondtype_pc,avgcondtype_pa,avgcondtype_sb
1,501,UGANDA,746,UGA,2002,PRGF,12,2002-09-13,32,8,98,138,11.5,2.6666666666666665,0.6666666666666666,8.166666666666666
1,501,UGANDA,746,UGA,2002,PRGF,13,2002-09-13,10,8,36,54,4.153846153846154,0.7692307692307693,0.6153846153846154,2.769230769230769
1,501,UGANDA,746,UGA,2002,PRGF,14,2002-09-13,10,8,37,55,3.9285714285714284,0.7142857142857143,0.5714285714285714,2.642857142857143
2,502,TAJIKISTAN,923,TJK,2002,PRGF,12,2002-12-11,54,36,63,153,12.75,4.5,3,5.25
2,502,TAJIKISTAN,923,TJK,2002,PRGF,13,2002-12-11,43,18,46,107,8.23076923076923,3.3076923076923075,1.3846153846153846,3.5384615384615383
3,503,COLOMBIA,233,COL,2003,EFF_SBA,8,2003-01-15,7,0,71,78,9.75,0.875,0,8.875
3,503,COLOMBIA,233,COL,2003,EFF_SBA,9,2003-01-15,3,0,25,28,3.111111111111111,0.3333333333333333,0,2.7777777777777777
4,505,JORDAN,439,JOR,2002,EFF_SBA,8,2002-07-03,8,12,23,43,5.375,1,1.5,2.875
5,506,BOSNIA AND HERZEGOVINA,963,BIH,2002,EFF_SBA,5,2002-08-02,4,19,52,75,15,0.8,3.8,10.4
5,506,BOSNIA AND HERZEGOVINA,963,BIH,2002,EFF_SBA,6,2002-08-02,2,15,19,36,6,0.3333333333333333,2.5,3.1666666666666665
6,507,ALBANIA,914,ALB,2002,PRGF,12,2002-06-21,17,38,167,222,18.5,1.4166666666666667,3.1666666666666665,13.916666666666666
6,507,ALBANIA,914,ALB,2002,PRGF,14,2002-06-21,24,25,132,181,12.928571428571429,1.7142857142857142,1.7857142857142858,9.428571428571429
7,508,ARGENTINA,213,ARG,2003,EFF_SBA,9,2003-09-20,25,0,13,38,4.222222222222222,2.7777777777777777,0,1.4444444444444444
7,508,ARGENTINA,213,ARG,2003,EFF_SBA,12,2003-09-20,26,0,17,43,3.5833333333333335,2.1666666666666665,0,1.4166666666666667
8,509,ECUADOR,248,ECU,2003,EFF_SBA,4,2003-03-21,29,25,13,67,16.75,7.25,6.25,3.25
9,510,ARGENTINA,213,ARG,2003,EFF_SBA,2,2003-01-24,56,0,39,95,47.5,28,0,19.5
10,511,BANGLADESH,513,BGD,2003,PRGF,12,2003-06-20,16,36,21,73,6.083333333333333,1.3333333333333333,3,1.75
10,511,BANGLADESH,513,BGD,2003,PRGF,14,2003-06-20,18,47,20,85,6.071428571428571,1.2857142857142858,3.357142857142857,1.4285714285714286
10,511,BANGLADESH,513,BGD,2003,PRGF,16,2003-06-20,12,25,15,52,3.25,0.75,1.5625,0.9375
11,512,BOLIVIA,218,BOL,2003,EFF_SBA,4,2003-04-02,17,10,9,36,9,4.25,2.5,2.25
11,512,BOLIVIA,218,BOL,2003,EFF_SBA,7,2003-04-02,19,12,22,53,7.571428571428571,2.7142857142857144,1.7142857142857142,3.142857142857143
11,512,BOLIVIA,218,BOL,2003,EFF_SBA,12,2003-04-02,28,25,49,102,8.5,2.3333333333333335,2.0833333333333335,4.083333333333333
12,513,BRAZIL,223,BRA,2002,EFF_SBA,5,2002-09-06,5,0,77,82,16.4,1,0,15.4
12,513,BRAZIL,223,BRA,2002,EFF_SBA,10,2002-09-06,6,0,159,165,16.5,0.6,0,15.9
13,514,BURKINA FASO,748,BFA,2003,PRGF,12,2003-06-11,8,6,11,25,2.0833333333333335,0.6666666666666666,0.5,0.9166666666666666
13,514,BURKINA FASO,748,BFA,2003,PRGF,13,2003-06-11,45,22,66,133,10.23076923076923,3.4615384615384617,1.6923076923076923,5.076923076923077
14,515,CAPE VERDE,624,CPV,2002,PRGF,11,2002-04-10,15,4,28,47,4.2727272727272725,1.3636363636363635,0.36363636363636365,2.5454545454545454
14,515,CAPE VERDE,624,CPV,2002,PRGF,12,2002-04-10,9,6,13,28,2.3333333333333335,0.75,0.5,1.0833333333333333
14,515,CAPE VERDE,624,CPV,2002,PRGF,13,2002-04-10,18,4,38,60,4.615384615384615,1.3846153846153846,0.3076923076923077,2.923076923076923
15,516,COTE D'IVOIRE,662,CIV,2002,PRGF,12,2002-03-27,5,5,4,14,1.1666666666666667,0.4166666666666667,0.4166666666666667,0.3333333333333333
16,517,CROATIA,960,HRV,2003,EFF_SBA,4,2003-02-03,1,6,5,12,3,0.25,1.5,1.25
16,517,CROATIA,960,HRV,2003,EFF_SBA,5,2003-02-03,2,24,19,45,9,0.4,4.8,3.8
17,518,DOMINICA,321,DMA,2002,EFF_SBA,4,2002-08-28,1,1,13,15,3.75,0.25,0.25,3.25
17,518,DOMINICA,321,DMA,2002,EFF_SBA,5,2002-08-28,1,3,18,22,4.4,0.2,0.6,3.6
17,518,DOMINICA,321,DMA,2002,EFF_SBA,6,2002-08-28,1,3,18,22,3.6666666666666665,0.16666666666666666,0.5,3
18,519,DOMINICA,321,DMA,2003,PRGF,12,2003-12-29,10,18,94,122,10.166666666666666,0.8333333333333334,1.5,7.833333333333333
19,520,"GAMBIA, THE",648,GMB,2002,PRGF,12,2002-07-23,0,3,5,8,0.6666666666666666,0,0.25,0.4166666666666667
20,521,GHANA,652,GHA,2003,PRGF,12,2003-05-09,17,26,36,79,6.583333333333333,1.4166666666666667,2.1666666666666665,3
20,521,GHANA,652,GHA,2003,PRGF,14,2003-05-09,41,42,65,148,10.571428571428571,2.9285714285714284,3,4.642857142857143
21,522,GUATEMALA,258,GTM,2002,EFF_SBA,4,2002-04-01,0,8,6,14,3.5,0,2,1.5
22,523,GUATEMALA,258,GTM,2003,EFF_SBA,3,2003-06-18,2,1,7,10,3.3333333333333335,0.6666666666666666,0.3333333333333333,2.3333333333333335
23,524,KENYA,664,KEN,2003,PRGF,12,2003-11-21,16,10,20,46,3.8333333333333335,1.3333333333333333,0.8333333333333334,1.6666666666666667
23,524,KENYA,664,KEN,2003,PRGF,16,2003-11-21,36,18,48,102,6.375,2.25,1.125,3
24,525,MAURITANIA,682,MRT,2003,PRGF,5,2003-07-18,3,3,7,13,2.6,0.6,0.6,1.4
25,526,NEPAL,558,NPL,2003,PRGF,12,2003-11-19,23,9,33,65,5.416666666666667,1.9166666666666667,0.75,2.75
25,526,NEPAL,558,NPL,2003,PRGF,16,2003-11-19,101,15,107,223,13.9375,6.3125,0.9375,6.6875
26,527,NICARAGUA,278,NIC,2002,PRGF,12,2002-12-04,32,36,142,210,17.5,2.6666666666666665,3,11.833333333333334
26,527,NICARAGUA,278,NIC,2002,PRGF,16,2002-12-04,25,44,109,178,11.125,1.5625,2.75,6.8125
26,527,NICARAGUA,278,NIC,2002,PRGF,32,2002-12-04,12,22,55,89,2.78125,0.375,0.6875,1.71875
27,528,PARAGUAY,288,PRY,2003,EFF_SBA,5,2003-12-15,27,22,27,76,15.2,5.4,4.4,5.4
27,528,PARAGUAY,288,PRY,2003,EFF_SBA,7,2003-12-15,41,42,40,123,17.571428571428573,5.857142857142857,6,5.714285714285714
27,528,PARAGUAY,288,PRY,2003,EFF_SBA,8,2003-12-15,14,14,14,42,5.25,1.75,1.75,1.75
28,529,RWANDA,714,RWA,2002,PRGF,12,2002-08-12,22,20,42,84,7,1.8333333333333333,1.6666666666666667,3.5
28,529,RWANDA,714,RWA,2002,PRGF,14,2002-08-12,22,25,54,101,7.214285714285714,1.5714285714285714,1.7857142857142858,3.857142857142857
28,529,RWANDA,714,RWA,2002,PRGF,16,2002-08-12,11,15,28,54,3.375,0.6875,0.9375,1.75
29,530,SENEGAL,722,SEN,2003,PRGF,12,2003-04-28,16,22,25,63,5.25,1.3333333333333333,1.8333333333333333,2.0833333333333335
30,531,ROMANIA,968,ROU,2004,EFF_SBA,8,2004-07-07,27,46,22,95,11.875,3.375,5.75,2.75
31,532,SIERRA LEONE,724,SLE,2001,PRGF,12,2001-09-20,18,34,82,134,11.166666666666666,1.5,2.8333333333333335,6.833333333333333
31,532,SIERRA LEONE,724,SLE,2001,PRGF,14,2001-09-20,11,17,49,77,5.5,0.7857142857142857,1.2142857142857142,3.5
31,532,SIERRA LEONE,724,SLE,2001,PRGF,15,2001-09-20,25,40,123,188,12.533333333333333,1.6666666666666667,2.6666666666666665,8.2
32,533,TANZANIA,738,TZA,2000,PRGF,12,2000-03-31,31,0,143,174,14.5,2.5833333333333335,0,11.916666666666666
32,533,TANZANIA,738,TZA,2000,PRGF,13,2000-03-31,13,0,45,58,4.461538461538462,1,0,3.4615384615384617
32,533,TANZANIA,738,TZA,2000,PRGF,14,2000-03-31,13,0,45,58,4.142857142857143,0.9285714285714286,0,3.2142857142857144
33,534,TANZANIA,738,TZA,2003,PRGF,12,2003-08-16,37,8,81,126,10.5,3.0833333333333335,0.6666666666666666,6.75
33,534,TANZANIA,738,TZA,2003,PRGF,16,2003-08-16,14,2,37,53,3.3125,0.875,0.125,2.3125
33,534,TANZANIA,738,TZA,2003,PRGF,31,2003-08-16,3,1,5,9,0.2903225806451613,0.0967741935483871,0.03225806451612903,0.16129032258064516
34,535,URUGUAY,298,URY,2002,EFF_SBA,8,2002-04-01,3,2,27,32,4,0.375,0.25,3.375
34,535,URUGUAY,298,URY,2002,EFF_SBA,12,2002-04-01,110,66,204,380,31.666666666666668,9.166666666666666,5.5,17
35,537,SERBIA AND MONTENEGRO,965,XS,2002,EFF_SBA,12,2002-05-13,21,21,162,204,17,1.75,1.75,13.5
35,537,SERBIA AND MONTENEGRO,965,XS,2002,EFF_SBA,15,2002-05-13,34,32,138,204,13.6,2.2666666666666666,2.1333333333333333,9.2
36,538,BURUNDI,618,BDI,2004,PRGF,12,2004-01-23,9,19,19,47,3.9166666666666665,0.75,1.5833333333333333,1.5833333333333333
36,538,BURUNDI,618,BDI,2004,PRGF,15,2004-01-23,11,53,36,100,6.666666666666667,0.7333333333333333,3.533333333333333,2.4
36,538,BURUNDI,618,BDI,2004,PRGF,16,2004-01-23,6,41,19,66,4.125,0.375,2.5625,1.1875
37,539,DOMINICAN REPUBLIC,243,DOM,2003,EFF_SBA,6,2003-08-29,9,18,16,43,7.166666666666667,1.5,3,2.6666666666666665
37,539,DOMINICAN REPUBLIC,243,DOM,2003,EFF_SBA,8,2003-08-29,4,8,8,20,2.5,0.5,1,1
38,540,GABON,646,GAB,2004,EFF_SBA,5,2004-05-28,10,30,110,150,30,2,6,22
39,541,GEORGIA,915,GEO,2004,PRGF,12,2004-06-04,52,20,90,162,13.5,4.333333333333333,1.6666666666666667,7.5
39,541,GEORGIA,915,GEO,2004,PRGF,13,2004-06-04,32,8,57,97,7.461538461538462,2.4615384615384617,0.6153846153846154,4.384615384615385
40,542,HONDURAS,268,HND,2004,PRGF,12,2004-02-18,40,19,56,115,9.583333333333334,3.3333333333333335,1.5833333333333333,4.666666666666667
41,543,MALI,678,MLI,2004,PRGF,12,2004-06-23,27,20,43,90,7.5,2.25,1.6666666666666667,3.5833333333333335
41,543,MALI,678,MLI,2004,PRGF,14,2004-06-23,20,16,50,86,6.142857142857143,1.4285714285714286,1.1428571428571428,3.5714285714285716
42,544,MOZAMBIQUE,688,MOZ,2004,PRGF,12,2004-07-06,64,24,140,228,19,5.333333333333333,2,11.666666666666666
43,545,PERU,293,PER,2004,EFF_SBA,9,2004-06-09,13,0,30,43,4.777777777777778,1.4444444444444444,0,3.3333333333333335
44,546,UKRAINE,926,UKR,2004,EFF_SBA,4,2004-03-29,3,5,3,11,2.75,0.75,1.25,0.75
45,547,ZAMBIA,754,ZMB,2004,PRGF,12,2004-06-16,56,17,101,174,14.5,4.666666666666667,1.4166666666666667,8.416666666666666
45,547,ZAMBIA,754,ZMB,2004,PRGF,13,2004-06-16,22,4,38,64,4.923076923076923,1.6923076923076923,0.3076923076923077,2.923076923076923
46,548,CROATIA,960,HRV,2004,EFF_SBA,7,2004-08-04,2,10,23,35,5,0.2857142857142857,1.4285714285714286,3.2857142857142856
46,548,CROATIA,960,HRV,2004,EFF_SBA,9,2004-08-04,1,10,19,30,3.3333333333333335,0.1111111111111111,1.1111111111111112,2.111111111111111
47,549,BULGARIA,918,BGR,2004,EFF_SBA,8,2004-08-06,26,15,51,92,11.5,3.25,1.875,6.375
47,549,BULGARIA,918,BGR,2004,EFF_SBA,9,2004-08-06,6,2,10,18,2,0.6666666666666666,0.2222222222222222,1.1111111111111112
47,549,BULGARIA,918,BGR,2004,EFF_SBA,11,2004-08-06,47,20,79,146,13.272727272727273,4.2727272727272725,1.8181818181818181,7.181818181818182
48,550,"CONGO, REPUBLIC OF",634,COG,2004,PRGF,12,2004-12-07,12,11,24,47,3.9166666666666665,1,0.9166666666666666,2
48,550,"CONGO, REPUBLIC OF",634,COG,2004,PRGF,14,2004-12-07,8,15,22,45,3.2142857142857144,0.5714285714285714,1.0714285714285714,1.5714285714285714
49,551,NIGER,692,NER,2005,PRGF,12,2005-01-31,61,9,60,130,10.833333333333334,5.083333333333333,0.75,5
49,551,NIGER,692,NER,2005,PRGF,14,2005-01-31,46,4,50,100,7.142857142857143,3.2857142857142856,0.2857142857142857,3.5714285714285716
50,552,DOMINICAN REPUBLIC,243,DOM,2005,EFF_SBA,9,2005-01-31,50,70,55,175,19.444444444444443,5.555555555555555,7.777777777777778,6.111111111111111
50,552,DOMINICAN REPUBLIC,243,DOM,2005,EFF_SBA,12,2005-01-31,107,126,92,325,27.083333333333332,8.916666666666666,10.5,7.666666666666667
51,553,CHAD,628,TCD,2005,PRGF,13,2005-02-16,3,5,3,11,0.8461538461538461,0.23076923076923078,0.38461538461538464,0.23076923076923078
52,554,KYRGYZ REPUBLIC,917,KGZ,2005,PRGF,12,2005-02-23,3,0,95,98,8.166666666666666,0.25,0,7.916666666666667
52,554,KYRGYZ REPUBLIC,917,KGZ,2005,PRGF,13,2005-02-23,2,0,60,62,4.769230769230769,0.15384615384615385,0,4.615384615384615
53,555,COLOMBIA,233,COL,2005,EFF_SBA,6,2005-05-02,10,4,44,58,9.666666666666666,1.6666666666666667,0.6666666666666666,7.333333333333333
54,556,TURKEY,186,TUR,2005,EFF_SBA,12,2005-05-11,67,66,198,331,27.583333333333332,5.583333333333333,5.5,16.5
55,557,ARMENIA,911,ARM,2005,PRGF,12,2005-05-25,62,14,122,198,16.5,5.166666666666667,1.1666666666666667,10.166666666666666
56,558,URUGUAY,298,URY,2005,EFF_SBA,6,2005-06-08,25,6,14,45,7.5,4.166666666666667,1,2.3333333333333335
56,558,URUGUAY,298,URY,2005,EFF_SBA,12,2005-06-08,76,22,46,144,12,6.333333333333333,1.8333333333333333,3.8333333333333335
57,559,MALAWI,676,MWI,2005,PRGF,12,2005-08-05,27,16,68,111,9.25,2.25,1.3333333333333333,5.666666666666667
58,560,BENIN,638,BEN,2005,PRGF,12,2005-08-05,7,20,36,63,5.25,0.5833333333333334,1.6666666666666667,3
58,560,BENIN,638,BEN,2005,PRGF,16,2005-08-05,12,36,89,137,8.5625,0.75,2.25,5.5625
59,561,SAO TOME AND PRINCIPE,716,STP,2005,PRGF,12,2005-08-01,44,29,147,220,18.333333333333332,3.6666666666666665,2.4166666666666665,12.25
60,562,"NORTH MACEDONIA, REPUBLIC OF",962,MKD,2005,EFF_SBA,12,2005-08-31,48,18,164,230,19.166666666666668,4,1.5,13.666666666666666
61,563,CAMEROON,622,CMR,2005,PRGF,12,2005-10-24,37,0,168,205,17.083333333333332,3.0833333333333335,0,14
61,563,CAMEROON,622,CMR,2005,PRGF,13,2005-10-24,22,0,120,142,10.923076923076923,1.6923076923076923,0,9.23076923076923
62,564,IRAQ,433,IRQ,2005,EFF_SBA,5,2005-12-23,8,5,16,29,5.8,1.6,1,3.2
62,564,IRAQ,433,IRQ,2005,EFF_SBA,7,2005-12-23,9,6,14,29,4.142857142857143,1.2857142857142858,0.8571428571428571,2
62,564,IRAQ,433,IRQ,2005,EFF_SBA,8,2005-12-23,11,6,14,31,3.875,1.375,0.75,1.75
63,566,GRENADA,328,GRD,2006,PRGF,12,2006-04-17,0,0,7,7,0.5833333333333334,0,0,0.5833333333333334
63,566,GRENADA,328,GRD,2006,PRGF,16,2006-04-17,5,19,113,137,8.5625,0.3125,1.1875,7.0625
64,567,MOLDOVA,921,MDA,2006,PRGF,12,2006-05-05,60,51,142,253,21.083333333333332,5,4.25,11.833333333333334
65,568,PARAGUAY,288,PRY,2006,EFF_SBA,9,2006-05-31,12,0,120,132,14.666666666666666,1.3333333333333333,0,13.333333333333334
66,569,RWANDA,714,RWA,2006,PRGF,12,2006-06-05,27,15,77,119,9.916666666666666,2.25,1.25,6.416666666666667
66,569,RWANDA,714,RWA,2006,PRGF,13,2006-06-05,6,3,16,25,1.9230769230769231,0.46153846153846156,0.23076923076923078,1.2307692307692308
67,570,"AFGHANISTAN,ISLAMIC REPUBLIC OF",512,AFG,2006,PRGF,12,2006-06-26,12,9,130,151,12.583333333333334,1,0.75,10.833333333333334
67,570,"AFGHANISTAN,ISLAMIC REPUBLIC OF",512,AFG,2006,PRGF,15,2006-06-26,5,9,52,66,4.4,0.3333333333333333,0.6,3.466666666666667
67,570,"AFGHANISTAN,ISLAMIC REPUBLIC OF",512,AFG,2006,PRGF,16,2006-06-26,5,9,57,71,4.4375,0.3125,0.5625,3.5625
68,571,MADAGASCAR,674,MDG,2006,PRGF,12,2006-07-21,55,28,60,143,11.916666666666666,4.583333333333333,2.3333333333333335,5
69,572,HAITI,263,HTI,2006,PRGF,12,2006-11-20,111,45,77,233,19.416666666666668,9.25,3.75,6.416666666666667
69,572,HAITI,263,HTI,2006,PRGF,13,2006-11-20,32,10,31,73,5.615384615384615,2.4615384615384617,0.7692307692307693,2.3846153846153846
69,572,HAITI,263,HTI,2006,PRGF,14,2006-11-20,32,10,31,73,5.214285714285714,2.2857142857142856,0.7142857142857143,2.2142857142857144
70,573,SIERRA LEONE,724,SLE,2006,PRGF,12,2006-05-10,7,21,10,38,3.1666666666666665,0.5833333333333334,1.75,0.8333333333333334
70,573,SIERRA LEONE,724,SLE,2006,PRGF,16,2006-05-10,46,68,70,184,11.5,2.875,4.25,4.375
70,573,SIERRA LEONE,724,SLE,2006,PRGF,17,2006-05-10,13,18,24,55,3.235294117647059,0.7647058823529411,1.0588235294117647,1.411764705882353
71,574,MAURITANIA,682,MRT,2006,PRGF,12,2006-12-18,14,4,29,47,3.9166666666666665,1.1666666666666667,0.3333333333333333,2.4166666666666665
72,575,CENTRAL AFRICAN REPUBLIC,626,CAF,2006,PRGF,12,2006-12-22,37,9,27,73,6.083333333333333,3.0833333333333335,0.75,2.25
72,575,CENTRAL AFRICAN REPUBLIC,626,CAF,2006,PRGF,14,2006-12-22,24,9,46,79,5.642857142857143,1.7142857142857142,0.6428571428571429,3.2857142857142856
72,575,CENTRAL AFRICAN REPUBLIC,626,CAF,2006,PRGF,16,2006-12-22,12,6,27,45,2.8125,0.75,0.375,1.6875
73,576,PERU,293,PER,2007,EFF_SBA,8,2007-01-26,3,0,90,93,11.625,0.375,0,11.25
74,577,"GAMBIA, THE",648,GMB,2007,PRGF,12,2007-02-21,117,27,93,237,19.75,9.75,2.25,7.75
74,577,"GAMBIA, THE",648,GMB,2007,PRGF,16,2007-02-21,25,6,30,61,3.8125,1.5625,0.375,1.875
74,577,"GAMBIA, THE",648,GMB,2007,PRGF,17,2007-02-21,25,6,32,63,3.7058823529411766,1.4705882352941178,0.35294117647058826,1.8823529411764706
75,578,BURKINA FASO,748,BFA,2007,PRGF,12,2007-04-23,35,0,129,164,13.666666666666666,2.9166666666666665,0,10.75
76,579,GABON,646,GAB,2007,EFF_SBA,12,2007-05-07,24,18,52,94,7.833333333333333,2,1.5,4.333333333333333
77,586,NICARAGUA,278,NIC,2007,PRGF,12,2007-10-05,18,11,36,65,5.416666666666667,1.5,0.9166666666666666,3
77,586,NICARAGUA,278,NIC,2007,PRGF,17,2007-10-05,24,32,58,114,6.705882352941177,1.411764705882353,1.8823529411764706,3.411764705882353
78,588,IRAQ,433,IRQ,2007,EFF_SBA,5,2007-12-19,15,14,39,68,13.6,3,2.8,7.8
79,589,GUINEA,656,GIN,2007,PRGF,12,2007-12-21,22,18,19,59,4.916666666666667,1.8333333333333333,1.5,1.5833333333333333
80,591,HONDURAS,268,HND,2008,EFF_SBA,4,2008-04-07,3,3,0,6,1.5,0.75,0.75,0
81,592,TOGO,742,TGO,2008,PRGF,12,2008-04-21,14,10,72,96,8,1.1666666666666667,0.8333333333333334,6
81,592,TOGO,742,TGO,2008,PRGF,14,2008-04-21,6,5,54,65,4.642857142857143,0.42857142857142855,0.35714285714285715,3.857142857142857
82,593,MALI,678,MLI,2008,PRGF,12,2008-05-28,33,15,61,109,9.083333333333334,2.75,1.25,5.083333333333333
82,593,MALI,678,MLI,2008,PRGF,14,2008-05-28,8,4,28,40,2.857142857142857,0.5714285714285714,0.2857142857142857,2
82,593,MALI,678,MLI,2008,PRGF,15,2008-05-28,16,8,54,78,5.2,1.0666666666666667,0.5333333333333333,3.6
83,594,ZAMBIA,754,ZMB,2008,PRGF,12,2008-06-04,12,0,108,120,10,1,0,9
84,595,NIGER,692,NER,2008,PRGF,12,2008-06-02,14,0,45,59,4.916666666666667,1.1666666666666667,0,3.75
85,596,BURUNDI,618,BDI,2008,PRGF,12,2008-07-07,27,33,47,107,8.916666666666666,2.25,2.75,3.9166666666666665
85,596,BURUNDI,618,BDI,2008,PRGF,13,2008-07-07,6,7,20,33,2.5384615384615383,0.46153846153846156,0.5384615384615384,1.5384615384615385
85,596,BURUNDI,618,BDI,2008,PRGF,14,2008-07-07,12,14,44,70,5,0.8571428571428571,1,3.142857142857143
86,597,GEORGIA,915,GEO,2008,EFF_SBA,6,2008-09-15,7,0,13,20,3.3333333333333335,1.1666666666666667,0,2.1666666666666665
86,597,GEORGIA,915,GEO,2008,EFF_SBA,11,2008-09-15,18,0,58,76,6.909090909090909,1.6363636363636365,0,5.2727272727272725
87,598,DJIBOUTI,611,DJI,2008,PRGF,12,2008-09-17,4,0,30,34,2.8333333333333335,0.3333333333333333,0,2.5
87,598,DJIBOUTI,611,DJI,2008,PRGF,15,2008-09-17,8,12,173,193,12.866666666666667,0.5333333333333333,0.8,11.533333333333333
88,599,UKRAINE,926,UKR,2008,EFF_SBA,7,2008-11-05,11,16,15,42,6,1.5714285714285714,2.2857142857142856,2.142857142857143
88,599,UKRAINE,926,UKR,2008,EFF_SBA,8,2008-11-05,18,15,14,47,5.875,2.25,1.875,1.75
89,600,HUNGARY,944,HUN,2008,EFF_SBA,6,2008-11-06,9,0,14,23,3.8333333333333335,1.5,0,2.3333333333333335
89,600,HUNGARY,944,HUN,2008,EFF_SBA,8,2008-11-06,12,4,37,53,6.625,1.5,0.5,4.625
90,601,SEYCHELLES,718,SYC,2008,EFF_SBA,4,2008-11-14,1,0,13,14,3.5,0.25,0,3.25
90,601,SEYCHELLES,718,SYC,2008,EFF_SBA,8,2008-11-14,3,0,25,28,3.5,0.375,0,3.125
91,602,ARMENIA,911,ARM,2008,PRGF,1,2008-11-17,6,0,6,12,12,6,0,6
92,603,ICELAND,176,ISL,2008,EFF_SBA,8,2008-11-19,2,2,5,9,1.125,0.25,0.25,0.625
92,603,ICELAND,176,ISL,2008,EFF_SBA,10,2008-11-19,2,6,9,17,1.7,0.2,0.6,0.9
92,603,ICELAND,176,ISL,2008,EFF_SBA,11,2008-11-19,10,45,92,147,13.363636363636363,0.9090909090909091,4.090909090909091,8.363636363636363
93,604,PAKISTAN,564,PAK,2008,EFF_SBA,8,2008-11-24,4,6,14,24,3,0.5,0.75,1.75
93,604,PAKISTAN,564,PAK,2008,EFF_SBA,9,2008-11-24,4,8,26,38,4.222222222222222,0.4444444444444444,0.8888888888888888,2.888888888888889
93,604,PAKISTAN,564,PAK,2008,EFF_SBA,12,2008-11-24,2,6,15,23,1.9166666666666667,0.16666666666666666,0.5,1.25
94,605,LATVIA,941,LVA,2008,EFF_SBA,9,2008-12-23,2,6,25,33,3.6666666666666665,0.2222222222222222,0.6666666666666666,2.7777777777777777
94,605,LATVIA,941,LVA,2008,EFF_SBA,12,2008-12-23,4,12,161,177,14.75,0.3333333333333333,1,13.416666666666666
95,606,"SERBIA,REPUBLIC OF",942,SRB,2009,EFF_SBA,5,2009-01-16,0,3,2,5,1,0,0.6,0.4
95,606,"SERBIA,REPUBLIC OF",942,SRB,2009,EFF_SBA,9,2009-01-16,0,63,109,172,19.11111111111111,0,7,12.11111111111111
96,607,"CONGO, REPUBLIC OF",634,COG,2008,PRGF,11,2008-12-08,9,1,40,50,4.545454545454546,0.8181818181818182,0.09090909090909091,3.6363636363636362
96,607,"CONGO, REPUBLIC OF",634,COG,2008,PRGF,12,2008-12-08,43,5,92,140,11.666666666666666,3.5833333333333335,0.4166666666666667,7.666666666666667
97,608,BELARUS,913,BLR,2009,EFF_SBA,5,2009-01-12,0,44,38,82,16.4,0,8.8,7.6
98,609,EL SALVADOR,253,SLV,2009,EFF_SBA,5,2009-01-16,0,1,2,3,0.6,0,0.2,0.4
99,610,SAO TOME AND PRINCIPE,716,STP,2009,PRGF,12,2009-03-02,2,5,40,47,3.9166666666666665,0.16666666666666666,0.4166666666666667,3.3333333333333335
100,611,ARMENIA,911,ARM,2009,EFF_SBA,5,2009-03-06,1,0,18,19,3.8,0.2,0,3.6
100,611,ARMENIA,911,ARM,2009,EFF_SBA,9,2009-03-06,3,0,22,25,2.7777777777777777,0.3333333333333333,0,2.4444444444444446
101,612,COTE D'IVOIRE,662,CIV,2009,PRGF,9,2009-03-27,0,15,31,46,5.111111111111111,0,1.6666666666666667,3.4444444444444446
101,612,COTE D'IVOIRE,662,CIV,2009,PRGF,12,2009-03-27,0,16,30,46,3.8333333333333335,0,1.3333333333333333,2.5
102,613,MONGOLIA,948,MNG,2009,EFF_SBA,6,2009-04-01,0,18,58,76,12.666666666666666,0,3,9.666666666666666
103,614,COSTA RICA,238,CRI,2009,EFF_SBA,5,2009-04-11,0,0,23,23,4.6,0,0,4.6
104,615,TAJIKISTAN,923,TJK,2009,PRGF,12,2009-04-21,0,59,159,218,18.166666666666668,0,4.916666666666667,13.25
105,616,GUATEMALA,258,GTM,2009,EFF_SBA,6,2009-04-22,0,0,15,15,2.5,0,0,2.5
106,617,ROMANIA,968,ROU,2009,EFF_SBA,8,2009-05-04,0,20,128,148,18.5,0,2.5,16
107,618,BOSNIA AND HERZEGOVINA,963,BIH,2009,EFF_SBA,12,2009-07-08,0,24,44,68,5.666666666666667,0,2,3.6666666666666665
108,619,GHANA,652,GHA,2009,PRGF,12,2009-07-15,0,29,147,176,14.666666666666666,0,2.4166666666666665,12.25
109,620,SRI LANKA,524,LKA,2009,EFF_SBA,7,2009-07-24,0,12,19,31,4.428571428571429,0,1.7142857142857142,2.7142857142857144
109,620,SRI LANKA,524,LKA,2009,EFF_SBA,11,2009-07-24,0,24,75,99,9,0,2.1818181818181817,6.818181818181818
109,620,SRI LANKA,524,LKA,2009,EFF_SBA,12,2009-07-24,0,12,44,56,4.666666666666667,0,1,3.6666666666666665
110,621,COMOROS,632,COM,2009,PRGF,12,2009-09-21,0,16,47,63,5.25,0,1.3333333333333333,3.9166666666666665
110,621,COMOROS,632,COM,2009,PRGF,17,2009-09-21,0,36,155,191,11.235294117647058,0,2.1176470588235294,9.117647058823529
111,622,DOMINICAN REPUBLIC,243,DOM,2009,EFF_SBA,9,2009-11-09,0,0,80,80,8.88888888888889,0,0,8.88888888888889
112,623,ANGOLA,614,AGO,2009,EFF_SBA,9,2009-11-23,0,15,75,90,10,0,1.6666666666666667,8.333333333333334
112,623,ANGOLA,614,AGO,2009,EFF_SBA,10,2009-11-23,0,12,68,80,8,0,1.2,6.8
113,625,"CONGO,DEMOCRATIC REPUBLIC OF",636,COD,2009,PRGF,12,2009-12-11,0,28,98,126,10.5,0,2.3333333333333335,8.166666666666666
114,626,SEYCHELLES,718,SYC,2009,EFF_SBA,12,2009-12-23,0,0,123,123,10.25,0,0,10.25
114,626,SEYCHELLES,718,SYC,2009,EFF_SBA,16,2009-12-23,0,0,105,105,6.5625,0,0,6.5625
115,631,JAMAICA,343,JAM,2010,EFF_SBA,9,2010-02-04,0,13,52,65,7.222222222222222,0,1.4444444444444444,5.777777777777778
116,632,MALAWI,676,MWI,2010,PRGF,10,2010-02-19,0,4,14,18,1.8,0,0.4,1.4
116,632,MALAWI,676,MWI,2010,PRGF,12,2010-02-19,0,4,4,8,0.6666666666666666,0,0.3333333333333333,0.3333333333333333
117,633,IRAQ,433,IRQ,2010,EFF_SBA,8,2010-02-24,0,6,42,48,6,0,0.75,5.25
117,633,IRAQ,433,IRQ,2010,EFF_SBA,12,2010-02-24,0,3,36,39,3.25,0,0.25,3
118,634,MAURITANIA,682,MRT,2010,PRGF,12,2010-03-15,0,0,107,107,8.916666666666666,0,0,8.916666666666666
118,634,MAURITANIA,682,MRT,2010,PRGF,13,2010-03-15,0,1,80,81,6.230769230769231,0,0.07692307692307693,6.153846153846154
119,635,EL SALVADOR,253,SLV,2010,EFF_SBA,12,2010-03-17,0,10,84,94,7.833333333333333,0,0.8333333333333334,7
120,636,GRENADA,328,GRD,2010,PRGF,12,2010-04-18,0,4,29,33,2.75,0,0.3333333333333333,2.4166666666666665
121,637,GUINEA-BISSAU,654,GNB,2010,PRGF,12,2010-05-07,0,0,84,84,7,0,0,7
122,638,GREECE,174,GRC,2010,EFF_SBA,8,2010-05-09,0,16,35,51,6.375,0,2,4.375
122,638,GREECE,174,GRC,2010,EFF_SBA,12,2010-05-09,0,27,94,121,10.083333333333334,0,2.25,7.833333333333333
123,641,LESOTHO,666,LSO,2010,PRGF,12,2010-06-02,0,0,66,66,5.5,0,0,5.5
123,641,LESOTHO,666,LSO,2010,PRGF,14,2010-06-02,0,0,56,56,4,0,0,4
124,643,SIERRA LEONE,724,SLE,2010,PRGF,12,2010-07-01,0,5,66,71,5.916666666666667,0,0.4166666666666667,5.5
125,644,ANTIGUA AND BARBUDA,311,,2010,EFF_SBA,12,2010-06-07,0,15,308,323,26.916666666666668,0,1.25,25.666666666666668
126,645,BURKINA FASO,748,BFA,2010,PRGF,12,2010-06-14,0,0,119,119,9.916666666666666,0,0,9.916666666666666
126,645,BURKINA FASO,748,BFA,2010,PRGF,13,2010-06-14,0,0,39,39,3,0,0,3
126,645,BURKINA FASO,748,BFA,2010,PRGF,14,2010-06-14,0,0,86,86,6.142857142857143,0,0,6.142857142857143
127,647,BENIN,638,BEN,2010,PRGF,12,2010-06-14,0,2,10,12,1,0,0.16666666666666666,0.8333333333333334
127,647,BENIN,638,BEN,2010,PRGF,13,2010-06-14,0,8,113,121,9.307692307692308,0,0.6153846153846154,8.692307692307692
127,647,BENIN,638,BEN,2010,PRGF,16,2010-06-14,0,8,88,96,6,0,0.5,5.5
128,650,"KOSOVO, REPUBLIC OF",967,XK,2010,EFF_SBA,6,2010-07-21,0,4,2,6,1,0,0.6666666666666666,0.3333333333333333
129,651,HAITI,263,HTI,2010,PRGF,12,2010-07-21,0,15,174,189,15.75,0,1.25,14.5
129,651,HAITI,263,HTI,2010,PRGF,13,2010-07-21,0,4,59,63,4.846153846153846,0,0.3076923076923077,4.538461538461538
129,651,HAITI,263,HTI,2010,PRGF,17,2010-07-21,0,7,64,71,4.176470588235294,0,0.4117647058823529,3.764705882352941
129,651,HAITI,263,HTI,2010,PRGF,18,2010-07-21,0,20,132,152,8.444444444444445,0,1.1111111111111112,7.333333333333333
130,652,UKRAINE,926,UKR,2010,EFF_SBA,10,2010-07-28,0,14,25,39,3.9,0,1.4,2.5
131,653,"YEMEN,REPUBLIC OF",474,YEM,2010,PRGF,7,2010-07-30,0,2,3,5,0.7142857142857143,0,0.2857142857142857,0.42857142857142855
132,657,IRELAND,178,IRL,2010,EFF_SBA,12,2010-12-16,0,39,338,377,31.416666666666668,0,3.25,28.166666666666668
133,661,KENYA,664,KEN,2011,PRGF,12,2011-01-31,0,0,37,37,3.0833333333333335,0,0,3.0833333333333335
134,662,ROMANIA,968,ROU,2011,EFF_SBA,8,2011-03-31,0,38,88,126,15.75,0,4.75,11
134,662,ROMANIA,968,ROU,2011,EFF_SBA,9,2011-03-31,0,35,52,87,9.666666666666666,0,3.888888888888889,5.777777777777778
135,670,PORTUGAL,182,PRT,2011,EFF_SBA,12,2011-05-20,0,102,358,460,38.333333333333336,0,8.5,29.833333333333332
135,670,PORTUGAL,182,PRT,2011,EFF_SBA,13,2011-05-20,0,18,49,67,5.153846153846154,0,1.3846153846153846,3.769230769230769
136,671,KYRGYZ REPUBLIC,917,KGZ,2011,PRGF,12,2011-06-20,0,15,101,116,9.666666666666666,0,1.25,8.416666666666666
136,671,KYRGYZ REPUBLIC,917,KGZ,2011,PRGF,13,2011-06-20,0,8,64,72,5.538461538461538,0,0.6153846153846154,4.923076923076923
137,672,ST. KITTS AND NEVIS,361,KANN,2011,EFF_SBA,12,2011-07-27,0,63,218,281,23.416666666666668,0,5.25,18.166666666666668
138,673,"SERBIA,REPUBLIC OF",942,SRB,2011,EFF_SBA,6,2011-09-29,0,2,7,9,1.5,0,0.3333333333333333,1.1666666666666667
139,674,COTE D'IVOIRE,662,CIV,2011,PRGF,12,2011-11-04,0,8,306,314,26.166666666666668,0,0.6666666666666666,25.5
139,674,COTE D'IVOIRE,662,CIV,2011,PRGF,13,2011-11-04,0,3,98,101,7.769230769230769,0,0.23076923076923078,7.538461538461538
139,674,COTE D'IVOIRE,662,CIV,2011,PRGF,17,2011-11-04,0,9,332,341,20.058823529411764,0,0.5294117647058824,19.529411764705884
140,675,"AFGHANISTAN,ISLAMIC REPUBLIC OF",512,AFG,2011,PRGF,12,2011-11-14,0,20,34,54,4.5,0,1.6666666666666667,2.8333333333333335
141,677,MALI,678,MLI,2011,PRGF,4,2011-12-27,0,0,8,8,2,0,0,2
142,678,BURUNDI,618,BDI,2012,PRGF,12,2012-01-27,0,0,78,78,6.5,0,0,6.5
142,678,BURUNDI,618,BDI,2012,PRGF,13,2012-01-27,0,0,29,29,2.230769230769231,0,0,2.230769230769231
142,678,BURUNDI,618,BDI,2012,PRGF,17,2012-01-27,0,0,38,38,2.235294117647059,0,0,2.235294117647059
143,679,GUINEA,656,GIN,2012,PRGF,12,2012-02-24,0,34,199,233,19.416666666666668,0,2.8333333333333335,16.583333333333332
143,679,GUINEA,656,GIN,2012,PRGF,16,2012-02-24,0,12,69,81,5.0625,0,0.75,4.3125
143,679,GUINEA,656,GIN,2012,PRGF,19,2012-02-24,0,35,144,179,9.421052631578947,0,1.8421052631578947,7.578947368421052
144,680,GREECE,174,GRC,2012,EFF_SBA,16,2012-03-15,0,158,178,336,21,0,9.875,11.125
145,681,NIGER,692,NER,2012,PRGF,12,2012-03-16,0,2,19,21,1.75,0,0.16666666666666666,1.5833333333333333
145,681,NIGER,692,NER,2012,PRGF,15,2012-03-16,0,6,69,75,5,0,0.4,4.6
145,681,NIGER,692,NER,2012,PRGF,19,2012-03-16,0,10,129,139,7.315789473684211,0,0.5263157894736842,6.7894736842105265
146,682,BANGLADESH,513,BGD,2012,PRGF,12,2012-04-11,0,37,92,129,10.75,0,3.0833333333333335,7.666666666666667
146,682,BANGLADESH,513,BGD,2012,PRGF,14,2012-04-11,0,31,70,101,7.214285714285714,0,2.2142857142857144,5
147,684,"KOSOVO, REPUBLIC OF",967,XK,2012,EFF_SBA,7,2012-04-27,0,27,103,130,18.571428571428573,0,3.857142857142857,14.714285714285714
148,685,"GAMBIA, THE",648,GMB,2012,PRGF,12,2012-05-25,0,1,43,44,3.6666666666666665,0,0.08333333333333333,3.5833333333333335
149,686,CENTRAL AFRICAN REPUBLIC,626,CAF,2012,PRGF,8,2012-06-25,0,2,14,16,2,0,0.25,1.75
150,688,SAO TOME AND PRINCIPE,716,STP,2012,PRGF,12,2012-07-20,0,0,43,43,3.5833333333333335,0,0,3.5833333333333335
151,689,MALAWI,676,MWI,2012,PRGF,12,2012-07-23,0,6,38,44,3.6666666666666665,0,0.5,3.1666666666666665
151,689,MALAWI,676,MWI,2012,PRGF,14,2012-07-23,0,8,31,39,2.7857142857142856,0,0.5714285714285714,2.2142857142857144
151,689,MALAWI,676,MWI,2012,PRGF,16,2012-07-23,0,13,50,63,3.9375,0,0.8125,3.125
151,689,MALAWI,676,MWI,2012,PRGF,20,2012-07-23,0,35,118,153,7.65,0,1.75,5.9
152,690,JORDAN,439,JOR,2012,EFF_SBA,12,2012-08-03,0,0,149,149,12.416666666666666,0,0,12.416666666666666
153,692,BOSNIA AND HERZEGOVINA,963,BIH,2012,EFF_SBA,8,2012-09-26,0,36,151,187,23.375,0,4.5,18.875
153,692,BOSNIA AND HERZEGOVINA,963,BIH,2012,EFF_SBA,11,2012-09-26,0,28,136,164,14.909090909090908,0,2.5454545454545454,12.363636363636363
154,693,LIBERIA,668,LBR,2012,PRGF,12,2012-11-19,0,5,74,79,6.583333333333333,0,0.4166666666666667,6.166666666666667
154,693,LIBERIA,668,LBR,2012,PRGF,13,2012-11-19,0,6,40,46,3.5384615384615383,0,0.46153846153846156,3.076923076923077
154,693,LIBERIA,668,LBR,2012,PRGF,17,2012-11-19,0,9,54,63,3.7058823529411766,0,0.5294117647058824,3.176470588235294
154,693,LIBERIA,668,LBR,2012,PRGF,20,2012-11-19,0,23,130,153,7.65,0,1.15,6.5
155,695,SOLOMON ISLANDS,813,SLB,2012,PRGF,12,2012-12-07,0,0,86,86,7.166666666666667,0,0,7.166666666666667
155,695,SOLOMON ISLANDS,813,SLB,2012,PRGF,13,2012-12-07,0,0,80,80,6.153846153846154,0,0,6.153846153846154
156,697,JAMAICA,343,JAM,2013,EFF_SBA,14,2013-05-01,0,4,98,102,7.285714285714286,0,0.2857142857142857,7
156,697,JAMAICA,343,JAM,2013,EFF_SBA,16,2013-05-01,0,48,673,721,45.0625,0,3,42.0625
157,698,CYPRUS,423,CYP,2013,EFF_SBA,11,2013-05-15,0,11,53,64,5.818181818181818,0,1,4.818181818181818
157,698,CYPRUS,423,CYP,2013,EFF_SBA,12,2013-05-15,0,51,217,268,22.333333333333332,0,4.25,18.083333333333332
158,699,TUNISIA,744,TUN,2013,EFF_SBA,8,2013-06-07,0,3,127,130,16.25,0,0.375,15.875
158,699,TUNISIA,744,TUN,2013,EFF_SBA,10,2013-06-07,0,6,135,141,14.1,0,0.6,13.5
159,703,PAKISTAN,564,PAK,2013,EFF_SBA,12,2013-09-04,0,187,508,695,57.916666666666664,0,15.583333333333334,42.333333333333336
160,704,ROMANIA,968,ROU,2013,EFF_SBA,8,2013-09-27,0,11,40,51,6.375,0,1.375,5
161,705,SIERRA LEONE,724,SLE,2013,PRGF,12,2013-10-21,0,9,117,126,10.5,0,0.75,9.75
161,705,SIERRA LEONE,724,SLE,2013,PRGF,13,2013-10-21,0,10,117,127,9.76923076923077,0,0.7692307692307693,9
162,707,MALI,678,MLI,2013,PRGF,12,2013-12-18,0,11,48,59,4.916666666666667,0,0.9166666666666666,4
162,707,MALI,678,MLI,2013,PRGF,16,2013-12-18,0,8,59,67,4.1875,0,0.5,3.6875
162,707,MALI,678,MLI,2013,PRGF,20,2013-12-18,0,12,134,146,7.3,0,0.6,6.7
163,708,BURKINA FASO,748,BFA,2013,PRGF,12,2013-12-27,0,0,118,118,9.833333333333334,0,0,9.833333333333334
163,708,BURKINA FASO,748,BFA,2013,PRGF,14,2013-12-27,0,0,54,54,3.857142857142857,0,0,3.857142857142857
163,708,BURKINA FASO,748,BFA,2013,PRGF,15,2013-12-27,0,0,54,54,3.6,0,0,3.6
164,709,ALBANIA,914,ALB,2014,EFF_SBA,12,2014-02-28,0,67,469,536,44.666666666666664,0,5.583333333333333,39.083333333333336
165,710,ARMENIA,911,ARM,2014,EFF_SBA,13,2014-03-07,0,13,140,153,11.76923076923077,0,1,10.76923076923077
165,710,ARMENIA,911,ARM,2014,EFF_SBA,14,2014-03-07,0,4,38,42,3,0,0.2857142857142857,2.7142857142857144
166,711,UKRAINE,926,UKR,2014,EFF_SBA,4,2014-04-30,0,16,16,32,8,0,4,4
166,711,UKRAINE,926,UKR,2014,EFF_SBA,8,2014-04-30,0,12,8,20,2.5,0,1.5,1
167,712,SEYCHELLES,718,SYC,2014,EFF_SBA,12,2014-06-04,0,2,128,130,10.833333333333334,0,0.16666666666666666,10.666666666666666
168,713,GRENADA,328,GRD,2014,PRGF,12,2014-06-26,0,78,134,212,17.666666666666668,0,6.5,11.166666666666666
169,716,GEORGIA,915,GEO,2014,EFF_SBA,11,2014-07-30,0,1,14,15,1.3636363636363635,0,0.09090909090909091,1.2727272727272727
169,716,GEORGIA,915,GEO,2014,EFF_SBA,12,2014-07-30,0,0,7,7,0.5833333333333334,0,0,0.5833333333333334
170,717,CHAD,628,TCD,2014,PRGF,12,2014-08-01,0,4,46,50,4.166666666666667,0,0.3333333333333333,3.8333333333333335
171,718,"YEMEN,REPUBLIC OF",474,YEM,2014,PRGF,6,2014-09-02,0,6,23,29,4.833333333333333,0,1,3.8333333333333335
172,723,"SERBIA,REPUBLIC OF",942,SRB,2015,EFF_SBA,12,2015-02-23,0,105,241,346,28.833333333333332,0,8.75,20.083333333333332
173,724,UKRAINE,926,UKR,2015,EFF_SBA,15,2015-03-11,0,20,51,71,4.733333333333333,0,1.3333333333333333,3.4
173,724,UKRAINE,926,UKR,2015,EFF_SBA,16,2015-03-11,0,32,71,103,6.4375,0,2,4.4375
174,725,GHANA,652,GHA,2015,PRGF,12,2015-04-03,0,35,98,133,11.083333333333334,0,2.9166666666666665,8.166666666666666
174,725,GHANA,652,GHA,2015,PRGF,16,2015-04-03,0,59,182,241,15.0625,0,3.6875,11.375
175,726,KYRGYZ REPUBLIC,917,KGZ,2015,PRGF,12,2015-04-08,0,23,148,171,14.25,0,1.9166666666666667,12.333333333333334
176,727,HAITI,263,HTI,2015,PRGF,6,2015-05-18,0,4,10,14,2.3333333333333335,0,0.6666666666666666,1.6666666666666667
177,730,GUINEA-BISSAU,654,GNB,2015,PRGF,12,2015-07-10,0,3,104,107,8.916666666666666,0,0.25,8.666666666666666
177,730,GUINEA-BISSAU,654,GNB,2015,PRGF,16,2015-07-10,0,1,38,39,2.4375,0,0.0625,2.375
178,731,SAO TOME AND PRINCIPE,716,STP,2015,PRGF,12,2015-07-13,0,4,36,40,3.3333333333333335,0,0.3333333333333333,3
178,731,SAO TOME AND PRINCIPE,716,STP,2015,PRGF,14,2015-07-13,0,9,49,58,4.142857142857143,0,0.6428571428571429,3.5
179,732,"KOSOVO, REPUBLIC OF",967,XK,2015,EFF_SBA,7,2015-07-29,0,4,25,29,4.142857142857143,0,0.5714285714285714,3.5714285714285716
179,732,"KOSOVO, REPUBLIC OF",967,XK,2015,EFF_SBA,8,2015-07-29,0,4,16,20,2.5,0,0.5,2
180,735,TUNISIA,744,TUN,2016,EFF_SBA,16,2016-05-20,0,72,252,324,20.25,0,4.5,15.75
181,737,SURINAME,366,SUR,2016,EFF_SBA,4,2016-05-27,0,5,22,27,6.75,0,1.25,5.5
182,738,SRI LANKA,524,LKA,2016,EFF_SBA,12,2016-06-03,0,29,157,186,15.5,0,2.4166666666666665,13.083333333333334
182,738,SRI LANKA,524,LKA,2016,EFF_SBA,16,2016-06-03,0,16,105,121,7.5625,0,1,6.5625
183,741,IRAQ,433,IRQ,2016,EFF_SBA,12,2016-07-07,0,20,59,79,6.583333333333333,0,1.6666666666666667,4.916666666666667
184,742,MADAGASCAR,674,MDG,2016,PRGF,14,2016-07-27,0,40,159,199,14.214285714285714,0,2.857142857142857,11.357142857142858
184,742,MADAGASCAR,674,MDG,2016,PRGF,15,2016-07-27,0,9,33,42,2.8,0,0.6,2.2
185,744,JORDAN,439,JOR,2016,EFF_SBA,12,2016-08-24,0,12,64,76,6.333333333333333,0,1,5.333333333333333
185,744,JORDAN,439,JOR,2016,EFF_SBA,15,2016-08-24,0,11,51,62,4.133333333333334,0,0.7333333333333333,3.4
186,745,"AFGHANISTAN,ISLAMIC REPUBLIC OF",512,AFG,2016,PRGF,12,2016-07-20,0,0,108,108,9,0,0,9
186,745,"AFGHANISTAN,ISLAMIC REPUBLIC OF",512,AFG,2016,PRGF,14,2016-07-20,0,0,169,169,12.071428571428571,0,0,12.071428571428571
187,746,CENTRAL AFRICAN REPUBLIC,626,CAF,2016,PRGF,12,2016-07-20,0,23,121,144,12,0,1.9166666666666667,10.083333333333334
187,746,CENTRAL AFRICAN REPUBLIC,626,CAF,2016,PRGF,13,2016-07-20,0,5,41,46,3.5384615384615383,0,0.38461538461538464,3.1538461538461537
188,747,BOSNIA AND HERZEGOVINA,963,BIH,2016,EFF_SBA,12,2016-09-07,0,5,25,30,2.5,0,0.4166666666666667,2.0833333333333335
188,747,BOSNIA AND HERZEGOVINA,963,BIH,2016,EFF_SBA,15,2016-09-07,0,9,43,52,3.466666666666667,0,0.6,2.8666666666666667
189,748,JAMAICA,343,JAM,2016,EFF_SBA,12,2016-11-11,0,0,162,162,13.5,0,0,13.5
190,751,NIGER,692,NER,2017,PRGF,12,2017-01-23,0,9,109,118,9.833333333333334,0,0.75,9.083333333333334
190,751,NIGER,692,NER,2017,PRGF,13,2017-01-23,0,6,41,47,3.6153846153846154,0,0.46153846153846156,3.1538461538461537
190,751,NIGER,692,NER,2017,PRGF,15,2017-01-23,0,17,172,189,12.6,0,1.1333333333333333,11.466666666666667
191,752,EGYPT,469,EGY,2016,EFF_SBA,11,2016-11-11,0,9,59,68,6.181818181818182,0,0.8181818181818182,5.363636363636363
191,752,EGYPT,469,EGY,2016,EFF_SBA,12,2016-11-11,0,21,170,191,15.916666666666666,0,1.75,14.166666666666666
192,754,BENIN,638,BEN,2017,PRGF,12,2017-04-07,0,31,105,136,11.333333333333334,0,2.5833333333333335,8.75
192,754,BENIN,638,BEN,2017,PRGF,13,2017-04-07,0,8,32,40,3.076923076923077,0,0.6153846153846154,2.4615384615384617
192,754,BENIN,638,BEN,2017,PRGF,14,2017-04-07,0,8,32,40,2.857142857142857,0,0.5714285714285714,2.2857142857142856
193,755,GEORGIA,915,GEO,2017,EFF_SBA,12,2017-04-12,0,5,149,154,12.833333333333334,0,0.4166666666666667,12.416666666666666
193,755,GEORGIA,915,GEO,2017,EFF_SBA,16,2017-04-12,0,4,214,218,13.625,0,0.25,13.375
194,756,TOGO,742,TGO,2017,PRGF,12,2017-05-05,0,33,197,230,19.166666666666668,0,2.75,16.416666666666668
195,757,MONGOLIA,948,MNG,2017,EFF_SBA,12,2017-05-24,0,24,175,199,16.583333333333332,0,2,14.583333333333334
196,758,SIERRA LEONE,724,SLE,2017,PRGF,6,2017-06-05,0,4,11,15,2.5,0,0.6666666666666666,1.8333333333333333
197,759,GABON,646,GAB,2017,EFF_SBA,12,2017-06-19,0,41,134,175,14.583333333333334,0,3.4166666666666665,11.166666666666666
198,760,CAMEROON,622,CMR,2017,PRGF,12,2017-06-26,0,39,290,329,27.416666666666668,0,3.25,24.166666666666668
198,760,CAMEROON,622,CMR,2017,PRGF,13,2017-06-26,0,15,119,134,10.307692307692308,0,1.1538461538461537,9.153846153846153
199,761,CHAD,628,TCD,2017,PRGF,12,2017-06-30,0,29,133,162,13.5,0,2.4166666666666665,11.083333333333334
200,764,MAURITANIA,682,MRT,2017,PRGF,12,2017-12-06,0,24,165,189,15.75,0,2,13.75
200,764,MAURITANIA,682,MRT,2017,PRGF,13,2017-12-06,0,12,108,120,9.23076923076923,0,0.9230769230769231,8.307692307692308
201,765,GUINEA,656,GIN,2017,PRGF,12,2017-12-11,0,64,174,238,19.833333333333332,0,5.333333333333333,14.5
202,767,BURKINA FASO,748,BFA,2018,PRGF,11,2018-03-14,0,12,37,49,4.454545454545454,0,1.0909090909090908,3.3636363636363638
202,767,BURKINA FASO,748,BFA,2018,PRGF,12,2018-03-14,0,26,104,130,10.833333333333334,0,2.1666666666666665,8.666666666666666
203,768,MALAWI,676,MWI,2018,PRGF,10,2018-04-30,0,9,60,69,6.9,0,0.9,6
203,768,MALAWI,676,MWI,2018,PRGF,12,2018-04-30,0,14,68,82,6.833333333333333,0,1.1666666666666667,5.666666666666667
204,770,ARGENTINA,213,ARG,2018,EFF_SBA,8,2018-06-20,0,3,15,18,2.25,0,0.375,1.875
204,770,ARGENTINA,213,ARG,2018,EFF_SBA,12,2018-06-20,0,8,48,56,4.666666666666667,0,0.6666666666666666,4
205,772,BARBADOS,316,BRB,2018,EFF_SBA,16,2018-10-01,0,12,322,334,20.875,0,0.75,20.125
206,773,SIERRA LEONE,724,SLE,2018,PRGF,15,2018-11-30,0,12,26,38,2.533333333333333,0,0.8,1.7333333333333334
206,773,SIERRA LEONE,724,SLE,2018,PRGF,19,2018-11-30,0,14,57,71,3.736842105263158,0,0.7368421052631579,3
206,773,SIERRA LEONE,724,SLE,2018,PRGF,20,2018-11-30,0,60,77,137,6.85,0,3,3.85
207,774,ANGOLA,614,AGO,2018,EFF_SBA,12,2018-12-07,0,23,224,247,20.583333333333332,0,1.9166666666666667,18.666666666666668
207,774,ANGOLA,614,AGO,2018,EFF_SBA,13,2018-12-07,0,4,57,61,4.6923076923076925,0,0.3076923076923077,4.384615384615385
208,776,UKRAINE,926,UKR,2018,EFF_SBA,6,2018-12-18,0,3,8,11,1.8333333333333333,0,0.5,1.3333333333333333
209,777,ECUADOR,248,ECU,2019,EFF_SBA,5,2019-03-11,0,5,40,45,9,0,1,8
209,777,ECUADOR,248,ECU,2019,EFF_SBA,12,2019-03-11,0,6,37,43,3.5833333333333335,0,0.5,3.0833333333333335
210,778,ARMENIA,911,ARM,2019,EFF_SBA,12,2019-05-17,0,0,182,182,15.166666666666666,0,0,15.166666666666666
211,781,PAKISTAN,564,PAK,2019,EFF_SBA,13,2019-07-03,0,36,110,146,11.23076923076923,0,2.769230769230769,8.461538461538462
211,781,PAKISTAN,564,PAK,2019,EFF_SBA,16,2019-07-03,0,20,57,77,4.8125,0,1.25,3.5625
212,784,"CONGO, REPUBLIC OF",634,COG,2019,PRGF,7,2019-07-11,0,4,8,12,1.7142857142857142,0,0.5714285714285714,1.1428571428571428
213,785,MALI,678,MLI,2019,PRGF,12,2019-08-28,0,11,50,61,5.083333333333333,0,0.9166666666666666,4.166666666666667
214,786,SAO TOME AND PRINCIPE,716,STP,2019,PRGF,14,2019-10-02,0,39,198,237,16.928571428571427,0,2.7857142857142856,14.142857142857142
215,788,EQUATORIAL GUINEA,642,GNQ,2019,EFF_SBA,12,2019-12-18,0,4,9,13,1.0833333333333333,0,0.3333333333333333,0.75
216,789,LIBERIA,668,LBR,2019,PRGF,16,2019-12-11,0,55,151,206,12.875,0,3.4375,9.4375
217,790,CENTRAL AFRICAN REPUBLIC,626,CAF,2019,PRGF,10,2019-12-20,0,5,11,16,1.6,0,0.5,1.1
217,790,CENTRAL AFRICAN REPUBLIC,626,CAF,2019,PRGF,12,2019-12-20,0,2,6,8,0.6666666666666666,0,0.16666666666666666,0.5
218,793,"GAMBIA, THE",648,GMB,2020,PRGF,13,2020-03-23,0,30,164,194,14.923076923076923,0,2.3076923076923075,12.615384615384615
219,795,JORDAN,439,JOR,2020,EFF_SBA,15,2020-03-25,0,11,68,79,5.266666666666667,0,0.7333333333333333,4.533333333333333
219,795,JORDAN,439,JOR,2020,EFF_SBA,16,2020-03-25,0,43,243,286,17.875,0,2.6875,15.1875
220,799,UKRAINE,926,UKR,2020,EFF_SBA,6,2020-06-09,0,6,9,15,2.5,0,1,1.5
220,799,UKRAINE,926,UKR,2020,EFF_SBA,7,2020-06-09,0,12,21,33,4.714285714285714,0,1.7142857142857142,3
221,800,EGYPT,469,EGY,2020,EFF_SBA,4,2020-06-26,0,3,24,27,6.75,0,0.75,6
222,801,ECUADOR,248,ECU,2020,EFF_SBA,9,2020-09-30,0,54,135,189,21,0,6,15
223,802,"AFGHANISTAN,ISLAMIC REPUBLIC OF",512,AFG,2020,PRGF,8,2020-11-06,0,1,10,11,1.375,0,0.125,1.25
223,802,"AFGHANISTAN,ISLAMIC REPUBLIC OF",512,AFG,2020,PRGF,14,2020-11-06,0,1,4,5,0.35714285714285715,0,0.07142857142857142,0.2857142857142857
224,805,COSTA RICA,238,CRI,2021,EFF_SBA,12,2021-03-01,0,0,8,8,0.6666666666666666,0,0,0.6666666666666666
224,805,COSTA RICA,238,CRI,2021,EFF_SBA,14,2021-03-01,0,3,69,72,5.142857142857143,0,0.21428571428571427,4.928571428571429
225,806,MADAGASCAR,674,MDG,2021,PRGF,13,2021-03-29,0,7,51,58,4.461538461538462,0,0.5384615384615384,3.923076923076923
225,806,MADAGASCAR,674,MDG,2021,PRGF,14,2021-03-29,0,13,109,122,8.714285714285714,0,0.9285714285714286,7.785714285714286
226,810,UGANDA,746,UGA,2021,PRGF,12,2021-06-28,0,55,145,200,16.666666666666668,0,4.583333333333333,12.083333333333334
227,811,SUDAN,732,SDN,2021,PRGF,6,2021-06-29,0,1,12,13,2.1666666666666665,0,0.16666666666666666,2
228,812,"CONGO,DEMOCRATIC REPUBLIC OF",636,COD,2021,PRGF,12,2021-07-15,0,18,197,215,17.916666666666668,0,1.5,16.416666666666668
229,815,GABON,646,GAB,2021,EFF_SBA,12,2021-07-28,0,9,59,68,5.666666666666667,0,0.75,4.916666666666667
230,816,SEYCHELLES,718,SYC,2021,EFF_SBA,7,2021-07-29,0,1,32,33,4.714285714285714,0,0.14285714285714285,4.571428571428571
230,816,SEYCHELLES,718,SYC,2021,EFF_SBA,11,2021-07-29,0,1,56,57,5.181818181818182,0,0.09090909090909091,5.090909090909091
231,818,NIGER,692,NER,2021,PRGF,12,2021-12-08,0,3,71,74,6.166666666666667,0,0.25,5.916666666666667
231,818,NIGER,692,NER,2021,PRGF,14,2021-12-08,0,4,86,90,6.428571428571429,0,0.2857142857142857,6.142857142857143
231,818,NIGER,692,NER,2021,PRGF,15,2021-12-08,0,6,57,63,4.2,0,0.4,3.8
231,818,NIGER,692,NER,2021,PRGF,20,2021-12-08,0,12,136,148,7.4,0,0.6,6.8
232,822,CHAD,628,TCD,2021,PRGF,12,2021-12-10,0,6,39,45,3.75,0,0.5,3.25
233,823,SURINAME,366,SUR,2021,EFF_SBA,12,2021-12-22,0,43,161,204,17,0,3.5833333333333335,13.416666666666666
233,823,SURINAME,366,SUR,2021,EFF_SBA,13,2021-12-22,0,90,474,564,43.38461538461539,0,6.923076923076923,36.46153846153846
234,824,NEPAL,558,NPL,2022,PRGF,13,2022-01-12,0,1,15,16,1.2307692307692308,0,0.07692307692307693,1.1538461538461537
234,824,NEPAL,558,NPL,2022,PRGF,16,2022-01-12,0,5,188,193,12.0625,0,0.3125,11.75
234,824,NEPAL,558,NPL,2022,PRGF,18,2022-01-12,0,3,62,65,3.611111111111111,0,0.16666666666666666,3.4444444444444446
235,825,"CONGO, REPUBLIC OF",634,COG,2022,PRGF,12,2022-01-21,0,58,151,209,17.416666666666668,0,4.833333333333333,12.583333333333334
236,826,ARGENTINA,213,ARG,2022,EFF_SBA,10,2022-03-25,0,36,205,241,24.1,0,3.6,20.5
236,826,ARGENTINA,213,ARG,2022,EFF_SBA,11,2022-03-25,0,31,118,149,13.545454545454545,0,2.8181818181818183,10.727272727272727
237,828,MOZAMBIQUE,688,MOZ,2022,PRGF,12,2022-05-09,0,20,90,110,9.166666666666666,0,1.6666666666666667,7.5
238,832,CAPE VERDE,624,CPV,2022,PRGF,12,2022-06-15,0,0,116,116,9.666666666666666,0,0,9.666666666666666
238,832,CAPE VERDE,624,CPV,2022,PRGF,18,2022-06-15,0,0,72,72,4,0,0,4
239,833,GEORGIA,915,GEO,2022,EFF_SBA,12,2022-06-15,0,5,46,51,4.25,0,0.4166666666666667,3.8333333333333335
240,834,TANZANIA,738,TZA,2022,PRGF,13,2022-07-18,0,5,37,42,3.230769230769231,0,0.38461538461538464,2.8461538461538463
240,834,TANZANIA,738,TZA,2022,PRGF,16,2022-07-18,0,6,83,89,5.5625,0,0.375,5.1875
241,838,ZAMBIA,754,ZMB,2022,PRGF,13,2022-08-31,0,49,214,263,20.23076923076923,0,3.769230769230769,16.46153846153846
241,838,ZAMBIA,754,ZMB,2022,PRGF,14,2022-08-31,0,12,82,94,6.714285714285714,0,0.8571428571428571,5.857142857142857
242,842,ARMENIA,911,ARM,2022,EFF_SBA,12,2022-12-12,0,20,198,218,18.166666666666668,0,1.6666666666666667,16.5
243,845,BARBADOS,316,BRB,2022,EFF_SBA,10,2022-12-07,0,0,27,27,2.7,0,0,2.7
243,845,BARBADOS,316,BRB,2022,EFF_SBA,12,2022-12-07,0,0,111,111,9.25,0,0,9.25
244,847,EGYPT,469,EGY,2022,EFF_SBA,15,2022-12-16,0,18,162,180,12,0,1.2,10.8
245,848,"SERBIA,REPUBLIC OF",942,SRB,2022,EFF_SBA,8,2022-12-19,0,20,82,102,12.75,0,2.5,10.25
246,849,GUINEA-BISSAU,654,GNB,2023,PRGF,12,2023-01-30,0,68,445,513,42.75,0,5.666666666666667,37.083333333333336
247,855,SRI LANKA,524,LKA,2023,EFF_SBA,16,2023-03-20,0,68,284,352,22,0,4.25,17.75
248,856,GHANA,652,GHA,2023,PRGF,12,2023-05-17,0,37,145,182,15.166666666666666,0,3.0833333333333335,12.083333333333334
249,858,UKRAINE,926,UKR,2023,EFF_SBA,16,2023-03-31,0,37,427,464,29,0,2.3125,26.6875
250,859,CENTRAL AFRICAN REPUBLIC,626,CAF,2023,PRGF,13,2023-04-27,0,22,66,88,6.769230769230769,0,1.6923076923076923,5.076923076923077
251,861,"KOSOVO, REPUBLIC OF",967,XK,2023,EFF_SBA,8,2023-05-25,0,7,42,49,6.125,0,0.875,5.25
252,862,SEYCHELLES,718,SYC,2023,EFF_SBA,12,2023-05-31,0,0,113,113,9.416666666666666,0,0,9.416666666666666
253,863,COMOROS,632,COM,2023,PRGF,16,2023-06-01,0,27,165,192,12,0,1.6875,10.3125
254,867,BURUNDI,618,BDI,2023,PRGF,6,2023-07-17,0,3,5,8,1.3333333333333333,0,0.5,0.8333333333333334
255,872,PAKISTAN,564,PAK,2023,EFF_SBA,3,2023-07-12,0,6,52,58,19.333333333333332,0,2,17.333333333333332
256,873,BURKINA FASO,748,BFA,2023,PRGF,16,2023-09-21,0,22,213,235,14.6875,0,1.375,13.3125
257,877,MALAWI,676,MWI,2023,PRGF,6,2023-11-15,0,6,21,27,4.5,0,1,3.5
258,878,SOMALIA,726,SOM,2023,PRGF,12,2023-12-13,0,0,66,66,5.5,0,0,5.5
259,880,"GAMBIA, THE",648,GMB,2024,PRGF,11,2024-01-12,0,14,178,192,17.454545454545453,0,1.2727272727272727,16.181818181818183
260,882,TOGO,742,TGO,2024,PRGF,14,2024-03-01,0,4,43,47,3.357142857142857,0,0.2857142857142857,3.0714285714285716
261,883,JORDAN,439,JOR,2024,EFF_SBA,16,2024-01-10,0,0,104,104,6.5,0,0,6.5
262,886,ECUADOR,248,ECU,2024,EFF_SBA,15,2024-05-31,0,20,136,156,10.4,0,1.3333333333333333,9.066666666666666
262,886,ECUADOR,248,ECU,2024,EFF_SBA,16,2024-05-31,0,2,39,41,2.5625,0,0.125,2.4375
263,887,MADAGASCAR,674,MDG,2024,PRGF,12,2024-06-21,0,15,66,81,6.75,0,1.25,5.5
264,889,ETHIOPIA,644,ETH,2024,PRGF,15,2024-07-29,0,30,47,77,5.133333333333334,0,2,3.1333333333333333
265,890,PAKISTAN,564,PAK,2024,EFF_SBA,12,2024-09-25,0,10,124,134,11.166666666666666,0,0.8333333333333334,10.333333333333334
266,891,LIBERIA,668,LBR,2024,PRGF,13,2024-09-25,0,31,81,112,8.615384615384615,0,2.3846153846153846,6.230769230769231
267,892,EL SALVADOR,253,SLV,2025,EFF_SBA,12,2025-02-26,0,13,44,57,4.75,0,1.0833333333333333,3.6666666666666665
268,893,SIERRA LEONE,724,SLE,2024,PRGF,12,2024-11-01,0,8,56,64,5.333333333333333,0,0.6666666666666666,4.666666666666667
269,895,SAO TOME AND PRINCIPE,716,STP,2024,PRGF,14,2024-12-19,0,36,116,152,10.857142857142858,0,2.5714285714285716,8.285714285714286
270,896,"CONGO,DEMOCRATIC REPUBLIC OF",636,COD,2025,PRGF,13,2025-01-15,0,5,61,66,5.076923076923077,0,0.38461538461538464,4.6923076923076925
271,898,ARGENTINA,213,ARG,2025,EFF_SBA,16,2025-04-11,0,10,43,53,3.3125,0,0.625,2.6875
272,900,CHAD,628,TCD,2025,PRGF,16,2025-07-25,0,7,14,21,1.3125,0,0.4375,0.875
273,902,ARMENIA,911,ARM,2025,EFF_SBA,12,2025-12-03,0,0,13,13,1.0833333333333333,0,0,1.0833333333333333
274,904,UKRAINE,926,UKR,2026,EFF_SBA,16,2026-02-26,0,3,12,15,0.9375,0,0.1875,0.75
