"iso3","n_res","n_yes","n_no","n_abstain","n_non_voting","share_yes"
"CHN",2165,1987,0,124,54,0.94126006631928
"FRA",2165,2100,0,10,55,0.995260663507109
"GBR",2165,2106,0,5,54,0.997631454287068
"RUS",2165,1963,1,147,54,0.929891046897205
"USA",2165,2092,0,19,54,0.990999526290857
"JPN",793,767,0,0,26,1
"BRA",667,637,1,10,19,0.983024691358025
"ARG",526,510,0,1,15,0.998043052837573
"DEU",477,465,0,3,9,0.993589743589744
"PAK",440,409,1,16,14,0.960093896713615
"ESP",437,422,0,0,15,1
"NGA",395,382,0,3,10,0.992207792207792
"GAB",367,354,0,7,6,0.980609418282548
"CHL",364,360,0,0,4,1
"IDN",353,346,0,2,5,0.994252873563218
"MEX",353,346,0,2,5,0.994252873563218
"ZAF",349,340,0,6,3,0.982658959537572
"BEL",346,331,0,0,15,1
"IND",346,312,0,13,21,0.96
"KOR",311,308,0,0,3,1
"NZL",311,295,0,2,14,0.993265993265993
"VEN",308,274,1,11,22,0.958041958041958
"ITA",305,300,0,0,5,1
"MYS",293,284,0,3,6,0.989547038327526
"COL",276,269,0,0,7,1
"AGO",267,259,0,5,3,0.981060606060606
"MAR",267,244,0,2,21,0.991869918699187
"RWA",253,239,1,1,12,0.991701244813278
"EGY",249,236,0,8,5,0.967213114754098
"PER",249,245,0,0,4,1
"GHA",247,238,0,5,4,0.979423868312757
"PRT",246,242,0,0,4,1
"SWE",242,240,0,0,2,1
"CRI",240,239,0,0,1,1
"UKR",240,235,0,0,5,1
"KEN",238,227,0,7,4,0.97008547008547
"IRL",231,223,0,1,7,0.995535714285714
"NOR",231,223,0,1,7,0.995535714285714
"SVN",228,224,0,1,3,0.995555555555556
"VNM",227,225,0,0,2,1
"AUT",223,208,0,0,15,1
"DZA",220,206,0,11,3,0.949308755760369
"POL",217,213,0,0,4,1
"TUN",216,210,0,1,5,0.995260663507109
"ECU",212,195,0,2,15,0.989847715736041
"ROU",209,206,0,0,3,1
"DNK",202,198,0,1,3,0.994974874371859
"GRC",202,198,0,1,3,0.994974874371859
"CIV",185,181,0,1,3,0.994505494505495
"DJI",170,156,1,1,12,0.987341772151899
"NLD",169,164,0,0,5,1
"CPV",167,146,0,1,20,0.993197278911565
"HUN",167,147,0,0,20,1
"PAN",165,165,0,0,0,1
"TZA",158,155,0,0,3,1
"CAN",152,147,0,1,4,0.993243243243243
"ETH",152,147,0,4,1,0.973509933774834
"COG",143,140,0,0,3,1
"CZE",143,135,0,0,8,1
"OMN",143,135,0,0,8,1
"QAT",143,136,1,3,3,0.971428571428571
"SVK",143,140,0,0,3,1
"BHR",138,135,0,0,3,1
"GMB",138,135,0,0,3,1
"SEN",138,135,0,1,2,0.992647058823529
"URY",138,135,1,0,2,0.992647058823529
"BGR",135,133,0,0,2,1
"CMR",135,133,0,0,2,1
"GIN",135,133,0,0,2,1
"SYR",135,126,1,4,4,0.961832061068702
"BEN",130,129,0,0,1,1
"PHL",130,128,0,1,1,0.992248062015504
"JOR",127,126,0,1,0,0.992125984251969
"LTU",127,127,0,0,0,1
"TCD",127,126,0,1,0,0.992125984251969
"BIH",125,123,0,0,2,1
"LBN",125,121,0,2,2,0.983739837398374
"BWA",123,118,0,0,5,1
"HND",123,118,0,0,5,1
"MUS",120,116,0,0,4,1
"SGP",120,116,0,0,4,1
"ZWE",116,94,1,6,15,0.930693069306931
"BOL",115,109,0,5,1,0.956140350877193
"KAZ",115,112,0,2,1,0.982456140350877
"NAM",115,109,1,1,4,0.981981981981982
"EST",114,112,0,0,2,1
"NER",114,112,0,0,2,1
"VCT",114,112,0,0,2,1
"BFA",113,113,0,0,0,1
"HRV",113,113,0,0,0,1
"LBY",113,111,1,1,0,0.982300884955752
"GNB",111,108,0,0,3,1
"AUS",110,110,0,0,0,1
"LUX",110,110,0,0,0,1
"DOM",109,106,0,3,0,0.972477064220184
"TUR",107,102,5,0,0,0.953271028037383
"UGA",107,107,0,0,0,1
"GNQ",106,101,0,4,1,0.961904761904762
"KWT",106,105,0,0,1,1
"ALB",104,103,0,0,1,1
"ARE",104,102,0,1,1,0.990291262135922
"BGD",102,99,0,0,3,1
"JAM",102,97,0,2,3,0.97979797979798
"MLI",102,97,0,2,3,0.97979797979798
"AZE",100,94,0,5,1,0.94949494949495
"GTM",100,99,0,0,1,1
"TGO",100,99,0,0,1,1
"CHE",96,96,0,0,0,1
"MLT",96,96,0,0,0,1
"MOZ",96,90,0,6,0,0.9375
"GUY",90,88,0,2,0,0.977777777777778
"SLE",90,87,0,3,0,0.966666666666667
"COD",79,77,0,0,2,1
"CUB",79,64,9,4,2,0.831168831168831
"YEM",79,66,3,7,3,0.868421052631579
"SOM",44,43,0,1,0,0.977272727272727
"FIN",37,37,0,0,0,1
