"ISO3","country","n_country_years","year_from","year_to","n_unsc3_years","unsc3_years","mean_avgcondtype_count","mean_count_unsc3","mean_count_non_unsc3","descriptive_unsc3_gap","n_resource_dep","mean_resource_dep","n_historical_years","n_modern_years"
"AFG","afghanistan,islamic republic of",4,2006,2020,0,,7.96130952380953,,7.96130952380953,,0,,1,3
"AGO","ANGOLA",2,2009,2018,0,,20.3461538461539,,20.3461538461539,,2,99.2753489697768,0,2
"ALB","albania",5,1993,2014,0,,15.2113553113553,,15.2113553113553,,4,19.2277329250546,4,1
"ARG","argentina",6,1992,2022,2,"1998;2000",11.613455988456,6.375,14.232683982684,-7.857683982684,6,11.1848561507018,4,2
"ARM","armenia",9,1995,2022,0,,11.8927163885497,,11.8927163885497,,7,35.546331993999,4,5
"AZE","azerbaijan",3,1995,2001,0,,22.7361111111111,,22.7361111111111,,2,79.9529021165203,3,0
"BDI","burundi",3,2004,2023,0,,5.4125816993464,,5.4125816993464,,3,4.00201631068296,1,2
"BEN","benin",7,1993,2022,1,"2005",8.12712585034014,3.5625,8.88789682539683,-5.32539682539683,4,0.621367008154239,4,3
"BFA","burkina faso",9,1993,2023,1,"2007",10.4427282593949,2.5,11.4355692918193,-8.9355692918193,8,3.68865294833289,5,4
"BGD","bangladesh",3,2003,2023,0,,10.1636904761905,,10.1636904761905,,2,1.29420035028708,1,2
"BGR","bulgaria",6,1994,2004,1,"2002",12.4444624819625,11.375,12.658354978355,-1.28335497835498,5,17.2366479810629,6,0
"BIH","bosnia and herzegovina",5,1998,2016,1,"2009",12.7084848484848,5.66666666666667,14.4689393939394,-8.80227272727272,3,20.2890595001324,2,3
"BLR","belarus",2,1995,2009,0,,16.2,,16.2,,1,38.0395889624046,1,1
"BOL","bolivia",3,1994,2003,0,,7.89444444444443,,7.89444444444443,,3,38.9711593211973,3,0
"BRA","brazil",1,2001,2001,0,,13,,13,,1,12.181528797642,1,0
"BRB","BARBADOS",2,2018,2022,0,,16.1875,,16.1875,,2,9.77717606976338,0,2
"CAF","central african republic",7,1994,2023,0,,5.61852433281004,,5.61852433281004,,7,19.4262851340451,3,4
"CIV","cote d'ivoire",7,1994,2023,0,,13.0231251591546,,13.0231251591546,,6,17.4939962853965,3,4
"CMR","cameroon",7,1994,2021,0,,15.414017530089,,15.414017530089,,6,50.1219047094727,5,2
"COD","congo, democratic republic of",3,2002,2021,0,,12.8568376068376,,12.8568376068376,,1,71.0261068564692,1,2
"COG","congo, republic of",5,1994,2022,0,,7.18333333333334,,7.18333333333334,,3,86.2851664202182,3,2
"COL","colombia",3,1999,2005,0,,6.09259259259259,,6.09259259259259,,3,39.9824603870384,3,0
"COM","COMOROS",2,2009,2023,0,,17.0705882352941,,17.0705882352941,,2,0.648894167329116,0,2
"CPV","cape verde",6,1998,2022,0,,7.30209096459096,,7.30209096459096,,5,0.296094268552104,3,3
"CRI","costa rica",4,1993,2021,1,"2009",7.01190476190476,4.6,7.81587301587301,-3.21587301587301,3,1.60447280387938,2,2
"CYP","CYPRUS",1,2013,2013,0,,27.6666666666667,,27.6666666666667,,1,11.4983369599492,0,1
"CZE","czech republic",1,1993,1993,1,"1993",6.25,6.25,,,1,9.34895603323437,1,0
"DJI","djibouti",2,1996,1999,0,,10.5160256410257,,10.5160256410257,,0,,2,0
"DMA","dominica",2,2002,2003,0,,8.45833333333333,,8.45833333333333,,2,4.06510439942155,2,0
"DOM","dominican republic",4,1993,2009,0,,9.61805555555556,,9.61805555555556,,3,5.76711942454503,3,1
"DZA","algeria",3,1993,1995,0,,9.58333333333332,,9.58333333333332,,3,96.4311028000151,3,0
"ECU","ecuador",5,1994,2020,0,,12.2761904761905,,12.2761904761905,,5,39.8246673874856,3,2
"EGY","egypt",5,1993,2022,2,"1996;2016",10.9083333333333,15.2291666666667,8.02777777777778,7.20138888888887,4,33.5223831552966,2,3
"EST","estonia",5,1993,2000,0,,8.99666666666667,,8.99666666666667,,4,9.58769763195746,5,0
"ETH","ethiopia",5,1992,2019,0,,3.30761904761905,,3.30761904761905,,3,0.765950532467381,3,2
"GAB","gabon",7,1994,2021,1,"2021",9.31190476190476,5.66666666666667,9.91944444444444,-4.25277777777777,6,78.0738353033196,5,2
"GEO","georgia",8,1995,2022,0,,8.00738324175824,,8.00738324175824,,7,25.4448782931219,4,4
"GHA","ghana",6,1995,2023,1,"2023",12.4786075036075,16.5454545454545,11.6652380952381,4.8802164502164,5,13.937244430757,3,3
"GIN","guinea",5,1997,2017,1,"2001",11.8644736842105,3.91666666666667,13.8514254385965,-9.93475877192981,3,65.4801080445815,3,2
"GMB","gambia, the",5,1998,2020,1,"1998",6.06318681318681,5.64285714285714,6.16826923076922,-0.525412087912085,3,2.80312097527117,3,2
"GNB","guinea-bissau",5,1995,2023,1,"1995",12.8775641025641,3.84615384615385,15.1354166666667,-11.2892628205128,0,,2,3
"GNQ","equatorial guinea",2,1993,2019,1,"2019",1.70833333333333,1.08333333333333,2.33333333333333,-1.25,0,,1,1
"GRC","GREECE",2,2010,2012,0,,17.6666666666667,,17.6666666666667,,2,40.4434444822606,0,2
"GRD","grenada",3,2006,2014,0,,7.19444444444446,,7.19444444444446,,3,0.111843496902024,1,2
"GTM","guatemala",3,2002,2009,0,,5.88888888888889,,5.88888888888889,,3,8.48657813998805,2,1
"GUY","guyana",3,1994,2002,0,,4.90925925925926,,4.90925925925926,,2,11.4760038056247,3,0
"HND","honduras",8,1992,2023,0,,8.34027777777777,,8.34027777777777,,6,6.2470851910785,4,4
"HRV","croatia",5,1994,2004,0,,9.26333333333333,,9.26333333333333,,5,12.5875040827673,5,0
"HTI","haiti",5,1995,2015,0,,8.82777777777778,,8.82777777777778,,1,0.0966109477615972,3,2
"HUN","hungary",2,1993,1996,1,"1993",6.9125,4.2,9.625,-5.425,2,7.6710431179572,2,0
"IRL","IRELAND",1,2010,2010,0,,31.4166666666667,,31.4166666666667,,1,2.26586107085139,0,1
"IRQ","iraq",4,2005,2016,0,,7.50208333333333,,7.50208333333333,,3,98.5748216078346,2,2
"JAM","jamaica",5,1992,2023,0,,16.495405982906,,16.495405982906,,5,64.9798077422561,1,4
"JOR","jordan",7,1994,2020,0,,10.8793367346939,,10.8793367346939,,6,15.9842789136538,4,3
"KAZ","kazakhstan",4,1994,1999,0,,9.72083333333334,,9.72083333333334,,3,55.4078759082637,4,0
"KEN","kenya",8,1993,2021,2,"1996;2021",5.78301282051282,9.1153846153846,4.67222222222222,4.44316239316238,7,12.6958712588816,4,4
"KGZ","kyrgyz republic",7,1993,2015,0,,9.36302982731555,,9.36302982731555,,5,11.3255054512953,5,2
"KHM","cambodia",2,1994,1999,0,,7.10989010989009,,7.10989010989009,,0,,2,0
"KNA","ST. KITTS AND NEVIS",1,2011,2011,0,,23.4166666666667,,23.4166666666667,,1,0.103243357914525,0,1
"LAO","lao people's dem. rep.",2,1993,2001,0,,5.40625,,5.40625,,0,,2,0
"LBR","liberia",3,2008,2019,0,,10.6694444444444,,10.6694444444444,,0,,1,2
"LKA","sri lanka",5,2001,2023,0,,15.4975,,15.4975,,5,2.21329397194274,2,3
"LSO","lesotho",5,1994,2010,0,,8.79285714285714,,8.79285714285714,,2,0.294722010572802,4,1
"LTU","lithuania",4,1993,2001,0,,9.20833333333333,,9.20833333333333,,3,22.0657035030621,4,0
"LVA","latvia",6,1993,2001,0,,9.27619047619048,,9.27619047619048,,5,4.52697286842347,6,0
"MDA","moldova",8,1993,2021,0,,12.7399725274725,,12.7399725274725,,7,3.00111642929446,5,3
"MDG","madagascar",5,1996,2021,0,,8.57226190476192,,8.57226190476192,,5,18.0683087714752,3,2
"MDV","MALDIVES",1,2009,2009,0,,2,,2,,1,2.33460792724088,0,1
"MEX","mexico",2,1995,1999,0,,7.22916666666667,,7.22916666666667,,2,10.8614026028869,2,0
"MKD","macedonia (fyr)",7,1995,2022,0,,6.67261904761905,,6.67261904761905,,7,12.4495444850784,5,2
"MLI","mali",8,1992,2019,1,"1999",4.590625,4.125,4.65714285714286,-0.532142857142857,6,0.640449929171027,5,3
"MNG","mongolia",5,1993,2017,0,,9.34166666666667,,9.34166666666667,,3,58.5975453409529,3,2
"MOZ","mozambique",9,1994,2022,1,"2022",6.15438034188034,9.16666666666667,5.77784455128205,3.38882211538462,9,53.8957094855107,5,4
"MRT","mauritania",8,1992,2023,0,,11.0377747252747,,11.0377747252747,,2,44.1583716822689,5,3
"MWI","malawi",8,1994,2023,0,,7.07371323529411,,7.07371323529411,,8,2.98193052395112,4,4
"NER","niger",8,1994,2021,1,"2021",10.5388353696742,23.4375,8.69616899391336,14.7413310060866,7,46.5076275196714,5,3
"NGA","nigeria",2,2000,2005,0,,11.625,,11.625,,1,99.6437383899605,2,0
"NIC","nicaragua",4,1994,2007,0,,4.96875,,4.96875,,4,2.03583698421944,4,0
"NPL","nepal",3,1992,2022,0,,9.15277777777778,,9.15277777777778,,2,2.8714565370663,2,1
"PAK","pakistan",9,1993,2023,3,"1993;1994;2013",22.916335978836,24.5,22.124503968254,2.37549603174606,8,2.62635228319943,6,3
"PAN","panama",4,1995,2021,0,,5.53273809523809,,5.53273809523809,,4,24.7792418441223,3,1
"PER","peru",7,1993,2007,1,"2007",6.1046176046176,8.75,5.66372053872054,3.08627946127946,7,43.6015442815756,7,0
"PHL","philippines",2,1994,1998,0,,5.3969696969697,,5.3969696969697,,2,3.87410747809256,2,0
"PNG","papua new guinea",3,1995,2023,0,,9.9121212121212,,9.9121212121212,,2,76.2513945691225,2,1
"POL","poland",2,1993,1994,0,,6.66666666666667,,6.66666666666667,,2,17.518526329863,2,0
"PRT","PORTUGAL",1,2011,2011,1,"2011",40.5384615384615,40.5384615384615,,,1,10.3731836425364,0,1
"PRY","paraguay",3,2003,2022,0,,11.0480769230769,,11.0480769230769,,3,38.4838644993716,2,1
"ROU","romania",8,1994,2013,1,"2004",16.1458333333333,12.25,16.702380952381,-4.45238095238096,8,10.5288430592681,5,3
"RUS","russian federation",3,1995,1999,3,"1995;1996;1999",11.2222222222222,11.2222222222222,,,2,53.1076868264753,3,0
"RWA","rwanda",9,1998,2023,1,"2013",12.1166005291005,26.65,10.2999255952381,16.3500744047619,7,30.081485376566,3,6
"SDN","SUDAN",1,2021,2021,0,,2.16666666666667,,2.16666666666667,,0,,0,1
"SEN","senegal",10,1994,2023,1,"2015",11.3799404761905,15.75,10.8943783068783,4.85562169312169,8,24.3151269594913,5,5
"SLB","SOLOMON ISLANDS",3,2010,2012,0,,12.0619658119658,,12.0619658119658,,3,0.288979183494122,0,3
"SLE","sierra leone",7,1994,2018,0,,8.54688644688646,,8.54688644688646,,2,14.5721837299167,3,4
"SLV","el salvador",6,1993,2010,0,,5.91190476190476,,5.91190476190476,,5,4.57749816897633,4,2
"SOM","SOMALIA",2,2020,2023,0,,8.425,,8.425,,0,,0,2
"SRB","yugoslavia",8,2001,2022,0,,14.2604166666667,,14.2604166666667,,2,16.1740134238066,2,6
"STP","sao tome and principe",6,2000,2019,0,,7.26587301587301,,7.26587301587301,,2,0.444302436854954,2,4
"SUR","SURINAME",2,2016,2021,0,,32.9134615384615,,32.9134615384615,,1,4.08515367704942,0,2
"SVK","slovak republic",1,1994,1994,0,,2.28571428571429,,2.28571428571429,,1,8.16527689821954,1,0
"SYC","SEYCHELLES",5,2009,2023,0,,9.74090909090909,,9.74090909090909,,5,2.5323095579619,0,5
"TCD","chad",7,1994,2021,1,"2014",4.95535714285714,4.16666666666667,5.08680555555556,-0.920138888888886,0,,4,3
"TGO","togo",3,1994,2017,0,,7.58333333333334,,7.58333333333334,,3,28.4632581995255,2,1
"TJK","tajikistan",3,1998,2009,0,,13.8559218559219,,13.8559218559219,,0,,2,1
"TUN","TUNISIA",2,2013,2016,0,,23.675,,23.675,,2,11.9901750841754,0,2
"TUR","turkey",1,1994,1994,0,,6.28571428571429,,6.28571428571429,,1,3.97018511967478,1,0
"TZA","tanzania",8,1996,2022,0,,8.67447916666667,,8.67447916666667,,7,12.6434436149335,4,4
"UGA","uganda",8,1994,2021,1,"2010",11.1149132730015,19.3846153846154,9.93352725705667,9.45108812755873,8,3.13876723314212,5,3
"UKR","ukraine",11,1995,2023,1,"2015",14.0249768502442,10.875,14.3399745352686,-3.46497453526865,10,13.0250054797984,5,6
"URY","uruguay",6,1996,2005,0,,8.16468253968254,,8.16468253968254,,6,2.09259310061408,6,0
"UZB","uzbekistan",1,1995,1995,0,,8.6,,8.6,,0,,1,0
"VEN","venezuela",1,1996,1996,0,,13.5,,13.5,,1,85.2546666279446,1,0
"VNM","vietnam",3,1993,2001,0,,6.30555555555555,,6.30555555555555,,1,23.5586260837771,3,0
"YEM","yemen",4,1996,2014,0,,9.76190476190476,,9.76190476190476,,2,80.9472459817089,2,2
"ZMB","zambia",5,1995,2022,0,,9.93525641025641,,9.93525641025641,,5,72.1608160585862,4,1
"ZWE","zimbabwe",3,1992,1999,1,"1992",7.75,8.25,7.5,0.75,2,14.0128191366964,3,0
