"Year","n_programmjahre","n_messwerte","mean_count_quarter","mean_nrcondtype_all"
1992,8,8,5.32959401709402,63.25
1993,23,23,5.70794115304985,36.9565217391304
1994,33,33,6.16985791985792,47.4545454545455
1995,30,30,8.76385405444229,55.9333333333333
1996,31,31,9.25734708839548,88.5806451612903
1997,16,16,12.7728422619048,112.5625
1998,19,19,8.36224896964061,107.684210526316
1999,19,19,8.17914256795836,87.4210526315789
2000,21,21,8.84013605442177,69.7619047619048
2001,21,21,9.19509637188209,90.9047619047619
2002,18,18,8.37782356532357,95.8888888888889
2003,18,18,7.53640279473613,71
2004,13,13,7.98893008700701,82.7692307692308
2005,14,14,7.59816522762952,86.2857142857143
2006,13,13,5.17948717948718,58.1538461538462
2007,11,11,3.93636363636364,39.7272727272727
2008,6,6,1.95833333333333,16.8333333333333
2009,21,21,10.3707438530968,107.666666666667
2010,26,26,12.0233105569644,154.769230769231
2011,11,11,15.0011140819964,191.181818181818
2012,15,15,12.6043459722252,192.933333333333
2013,11,11,25.7116327300151,367.181818181818
2014,10,10,13.15,158
2015,10,10,12.0641666666667,162.1
2016,15,15,14.574358974359,196.133333333333
2017,12,12,17.74971001221,232.916666666667
2018,8,8,13.4709134615385,182.125
2019,13,13,8.38118131868132,108.769230769231
2020,8,8,13.8856971153846,164.5
2021,16,16,15.523079524642,201.4375
2022,16,16,14.1348937520813,176.5
2023,20,20,14.866452020202,149.65
