Country Name,Country Code,Series Name,Series Code,1990 [YR1990],1991 [YR1991],1992 [YR1992],1993 [YR1993],1994 [YR1994],1995 [YR1995],1996 [YR1996],1997 [YR1997],1998 [YR1998],1999 [YR1999],2000 [YR2000],2001 [YR2001],2002 [YR2002],2003 [YR2003],2004 [YR2004],2005 [YR2005],2006 [YR2006],2007 [YR2007],2008 [YR2008],2009 [YR2009],2010 [YR2010],2011 [YR2011],2012 [YR2012],2013 [YR2013],2014 [YR2014],2015 [YR2015],2016 [YR2016],2017 [YR2017],2018 [YR2018],2019 [YR2019],2020 [YR2020],2021 [YR2021],2022 [YR2022],2023 [YR2023],2024 [YR2024],2025 [YR2025]
Afghanistan,AFG,"Net financial flows, IMF concessional (NFL, current US$)",DT.NFL.IMFC.CD,..,..,..,..,..,..,..,..,..,..,..,..,..,..,..,..,..,..,..,..,..,..,..,..,..,..,..,..,..,..,..,..,..,..,..,..
Africa Eastern and Southern,AFE,"Net financial flows, IMF concessional (NFL, current US$)",DT.NFL.IMFC.CD,..,..,..,..,..,..,..,..,..,..,..,..,..,..,..,..,..,..,..,..,..,..,..,..,..,..,..,..,..,..,..,..,..,..,..,..
Africa Western and Central,AFW,"Net financial flows, IMF concessional (NFL, current US$)",DT.NFL.IMFC.CD,..,..,..,..,..,..,..,..,..,..,..,..,..,..,..,..,..,..,..,..,..,..,..,..,..,..,..,..,..,..,..,..,..,..,..,..
Albania,ALB,"Net financial flows, IMF concessional (NFL, current US$)",DT.NFL.IMFC.CD,..,..,13646638.1,4800797.4,..,-1184962.5,-8279530,4188818,-1165471.9,..,..,-5618157.2,-5714250.3,..,..,..,3582877.3,3727723.9,3849139.7,1878743.7,-154119.2,-799421.7,-1398452.7,-2004494.5,69416781.4,104318732.3,158106646.5,78166286.7,-6275845.5,-19734582.4,155446791.9,-63340467.6,-65891565.9,-112142832.5,-152619743.7,..
Algeria,DZA,"Net financial flows, IMF concessional (NFL, current US$)",DT.NFL.IMFC.CD,..,..,..,..,..,..,..,..,..,..,..,..,..,..,..,..,..,..,..,..,..,..,..,..,..,..,..,..,..,..,..,..,..,..,..,..
American Samoa,ASM,"Net financial flows, IMF concessional (NFL, current US$)",DT.NFL.IMFC.CD,..,..,..,..,..,..,..,..,..,..,..,..,..,..,..,..,..,..,..,..,..,..,..,..,..,..,..,..,..,..,..,..,..,..,..,..
Andorra,AND,"Net financial flows, IMF concessional (NFL, current US$)",DT.NFL.IMFC.CD,..,..,..,..,..,..,..,..,..,..,..,..,..,..,..,..,..,..,..,..,..,..,..,..,..,..,..,..,..,..,..,..,..,..,..,..
Angola,AGO,"Net financial flows, IMF concessional (NFL, current US$)",DT.NFL.IMFC.CD,..,..,..,..,..,..,..,..,..,..,..,..,..,..,..,..,..,..,..,..,..,..,..,..,..,..,..,..,..,..,..,..,..,..,..,..
Antigua and Barbuda,ATG,"Net financial flows, IMF concessional (NFL, current US$)",DT.NFL.IMFC.CD,..,..,..,..,..,..,..,..,..,..,..,..,..,..,..,..,..,..,..,..,..,..,..,..,..,..,..,..,..,..,..,..,..,..,..,..
Arab World,ARB,"Net financial flows, IMF concessional (NFL, current US$)",DT.NFL.IMFC.CD,..,..,..,..,..,..,..,..,..,..,..,..,..,..,..,..,..,..,..,..,..,..,..,..,..,..,..,..,..,..,..,..,..,..,..,..
Argentina,ARG,"Net financial flows, IMF concessional (NFL, current US$)",DT.NFL.IMFC.CD,..,..,..,..,..,..,..,..,..,..,..,..,..,..,..,..,..,..,..,..,..,..,..,..,..,..,..,..,..,..,..,..,..,..,..,..
Armenia,ARM,"Net financial flows, IMF concessional (NFL, current US$)",DT.NFL.IMFC.CD,..,..,..,..,..,..,..,..,..,..,..,..,..,..,..,..,..,..,..,..,..,..,..,..,..,..,..,..,..,..,..,..,..,..,..,..
Aruba,ABW,"Net financial flows, IMF concessional (NFL, current US$)",DT.NFL.IMFC.CD,..,..,..,..,..,..,..,..,..,..,..,..,..,..,..,..,..,..,..,..,..,..,..,..,..,..,..,..,..,..,..,..,..,..,..,..
Australia,AUS,"Net financial flows, IMF concessional (NFL, current US$)",DT.NFL.IMFC.CD,..,..,..,..,..,..,..,..,..,..,..,..,..,..,..,..,..,..,..,..,..,..,..,..,..,..,..,..,..,..,..,..,..,..,..,..
Austria,AUT,"Net financial flows, IMF concessional (NFL, current US$)",DT.NFL.IMFC.CD,..,..,..,..,..,..,..,..,..,..,..,..,..,..,..,..,..,..,..,..,..,..,..,..,..,..,..,..,..,..,..,..,..,..,..,..
Azerbaijan,AZE,"Net financial flows, IMF concessional (NFL, current US$)",DT.NFL.IMFC.CD,..,..,..,..,..,..,..,..,..,..,..,..,..,..,..,..,..,..,..,..,..,..,..,..,..,..,..,..,..,..,..,..,..,..,..,..
"Bahamas, The",BHS,"Net financial flows, IMF concessional (NFL, current US$)",DT.NFL.IMFC.CD,..,..,..,..,..,..,..,..,..,..,..,..,..,..,..,..,..,..,..,..,..,..,..,..,..,..,..,..,..,..,..,..,..,..,..,..
Bahrain,BHR,"Net financial flows, IMF concessional (NFL, current US$)",DT.NFL.IMFC.CD,..,..,..,..,..,..,..,..,..,..,..,..,..,..,..,..,..,..,..,..,..,..,..,..,..,..,..,..,..,..,..,..,..,..,..,..
Bangladesh,BGD,"Net financial flows, IMF concessional (NFL, current US$)",DT.NFL.IMFC.CD,..,..,..,..,..,..,..,..,..,..,..,..,..,..,..,..,..,..,..,..,..,..,..,..,..,..,..,..,..,..,..,..,..,..,..,..
Barbados,BRB,"Net financial flows, IMF concessional (NFL, current US$)",DT.NFL.IMFC.CD,..,..,..,..,..,..,..,..,..,..,..,..,..,..,..,..,..,..,..,..,..,..,..,..,..,..,..,..,..,..,..,..,..,..,..,..
Belarus,BLR,"Net financial flows, IMF concessional (NFL, current US$)",DT.NFL.IMFC.CD,..,..,..,..,..,..,..,..,..,..,..,..,..,..,..,..,..,..,..,..,..,..,..,..,..,..,..,..,..,..,..,..,..,..,..,..
Belgium,BEL,"Net financial flows, IMF concessional (NFL, current US$)",DT.NFL.IMFC.CD,..,..,..,..,..,..,..,..,..,..,..,..,..,..,..,..,..,..,..,..,..,..,..,..,..,..,..,..,..,..,..,..,..,..,..,..
Belize,BLZ,"Net financial flows, IMF concessional (NFL, current US$)",DT.NFL.IMFC.CD,..,..,..,..,..,..,..,..,..,..,..,..,..,..,..,..,..,..,..,..,..,..,..,..,..,..,..,..,..,..,..,..,..,..,..,..
Benin,BEN,"Net financial flows, IMF concessional (NFL, current US$)",DT.NFL.IMFC.CD,..,12850661,..,21853542.5,25052502.1,11846590.3,17912123.6,1926526,-5309070.3,968113.9,-1568296.9,548702.9,-4563113.1,-504966.8,-5550136.8,-6173803.9,1294838.6,1347185.7,18858413.5,15733321.3,16205403.4,33181519.5,31828966.2,15187958.8,8599596.5,-8417133.8,-9655346.5,27583614.7,23908252.4,23514867.8,160420041.6,-13603178.5,87391939.5,53614097.9,7187447.1,..
Bermuda,BMU,"Net financial flows, IMF concessional (NFL, current US$)",DT.NFL.IMFC.CD,..,..,..,..,..,..,..,..,..,..,..,..,..,..,..,..,..,..,..,..,..,..,..,..,..,..,..,..,..,..,..,..,..,..,..,..
Bhutan,BTN,"Net financial flows, IMF concessional (NFL, current US$)",DT.NFL.IMFC.CD,..,..,..,..,..,..,..,..,..,..,..,..,..,..,..,..,..,..,..,..,..,..,..,..,..,..,..,..,..,..,..,..,..,..,..,..
Bolivia,BOL,"Net financial flows, IMF concessional (NFL, current US$)",DT.NFL.IMFC.CD,..,..,..,..,..,..,..,..,..,..,..,..,..,..,..,..,..,..,..,..,..,..,..,..,..,..,..,..,..,..,..,..,..,..,..,..
Bosnia and Herzegovina,BIH,"Net financial flows, IMF concessional (NFL, current US$)",DT.NFL.IMFC.CD,..,..,..,..,..,..,..,..,..,..,..,..,..,..,..,..,..,..,..,..,..,..,..,..,..,..,..,..,..,..,..,..,..,..,..,..
Botswana,BWA,"Net financial flows, IMF concessional (NFL, current US$)",DT.NFL.IMFC.CD,..,..,..,..,..,..,..,..,..,..,..,..,..,..,..,..,..,..,..,..,..,..,..,..,..,..,..,..,..,..,..,..,..,..,..,..
Brazil,BRA,"Net financial flows, IMF concessional (NFL, current US$)",DT.NFL.IMFC.CD,..,..,..,..,..,..,..,..,..,..,..,..,..,..,..,..,..,..,..,..,..,..,..,..,..,..,..,..,..,..,..,..,..,..,..,..
British Virgin Islands,VGB,"Net financial flows, IMF concessional (NFL, current US$)",DT.NFL.IMFC.CD,..,..,..,..,..,..,..,..,..,..,..,..,..,..,..,..,..,..,..,..,..,..,..,..,..,..,..,..,..,..,..,..,..,..,..,..
Brunei Darussalam,BRN,"Net financial flows, IMF concessional (NFL, current US$)",DT.NFL.IMFC.CD,..,..,..,..,..,..,..,..,..,..,..,..,..,..,..,..,..,..,..,..,..,..,..,..,..,..,..,..,..,..,..,..,..,..,..,..
Bulgaria,BGR,"Net financial flows, IMF concessional (NFL, current US$)",DT.NFL.IMFC.CD,..,..,..,..,..,..,..,..,..,..,..,..,..,..,..,..,..,..,..,..,..,..,..,..,..,..,..,..,..,..,..,..,..,..,..,..
Burkina Faso,BFA,"Net financial flows, IMF concessional (NFL, current US$)",DT.NFL.IMFC.CD,..,..,..,..,..,..,..,..,..,..,..,..,..,..,..,..,..,..,..,..,..,..,..,..,..,..,..,..,..,..,..,..,..,..,..,..
Burundi,BDI,"Net financial flows, IMF concessional (NFL, current US$)",DT.NFL.IMFC.CD,..,5843697.8,15821535.8,-4173817.2,-6114907,-9070045.7,-8678770.9,-7951048.1,-8725436,-7042071.4,-4540015.2,-4381984.4,-2504273.7,..,39125130,21125962,21041127.3,10945883.4,21735388.5,13421140.1,20142309.3,18558567,7650899.3,4967924.5,-850993.8,-10472447.9,-18042959.6,-16620060.4,-17636655,-16248595.4,-22205490.5,65871920.9,-3880933.9,55629846,-3318917.2,..
Cabo Verde,CPV,"Net financial flows, IMF concessional (NFL, current US$)",DT.NFL.IMFC.CD,..,..,..,..,..,..,..,..,..,..,..,..,..,..,..,..,..,..,..,..,..,..,..,..,..,..,..,..,..,..,..,..,..,..,..,..
Cambodia,KHM,"Net financial flows, IMF concessional (NFL, current US$)",DT.NFL.IMFC.CD,..,..,..,..,..,..,..,..,..,..,..,..,..,..,..,..,..,..,..,..,..,..,..,..,..,..,..,..,..,..,..,..,..,..,..,..
Cameroon,CMR,"Net financial flows, IMF concessional (NFL, current US$)",DT.NFL.IMFC.CD,..,..,..,..,..,..,..,..,..,..,..,..,..,..,..,..,..,..,..,..,..,..,..,..,..,..,..,..,..,..,..,..,..,..,..,..
Canada,CAN,"Net financial flows, IMF concessional (NFL, current US$)",DT.NFL.IMFC.CD,..,..,..,..,..,..,..,..,..,..,..,..,..,..,..,..,..,..,..,..,..,..,..,..,..,..,..,..,..,..,..,..,..,..,..,..
Caribbean small states,CSS,"Net financial flows, IMF concessional (NFL, current US$)",DT.NFL.IMFC.CD,..,..,..,..,..,..,..,..,..,..,..,..,..,..,..,..,..,..,..,..,..,..,..,..,..,..,..,..,..,..,..,..,..,..,..,..
Cayman Islands,CYM,"Net financial flows, IMF concessional (NFL, current US$)",DT.NFL.IMFC.CD,..,..,..,..,..,..,..,..,..,..,..,..,..,..,..,..,..,..,..,..,..,..,..,..,..,..,..,..,..,..,..,..,..,..,..,..
Central African Republic,CAF,"Net financial flows, IMF concessional (NFL, current US$)",DT.NFL.IMFC.CD,..,..,..,..,..,..,..,..,..,..,..,..,..,..,..,..,..,..,..,..,..,..,..,..,..,..,..,..,..,..,..,..,..,..,..,..
Central Europe and the Baltics,CEB,"Net financial flows, IMF concessional (NFL, current US$)",DT.NFL.IMFC.CD,..,..,..,..,..,..,..,..,..,..,..,..,..,..,..,..,..,..,..,..,..,..,..,..,..,..,..,..,..,..,..,..,..,..,..,..
Chad,TCD,"Net financial flows, IMF concessional (NFL, current US$)",DT.NFL.IMFC.CD,8308772.1,..,..,-1709184.4,-1752844.5,5568261.5,17764041.6,5471334,7055243,8365707.3,12910420.9,15707415.3,9864300.6,-6081982.4,-12887580.7,-7175440.4,-15588091.1,-14834351.1,-13970717.4,-12688460.9,-11139307.4,-8009984.7,-4104987,-2857050.5,18949808.8,44362044.6,61732499,48605183,148895566.3,77484798.7,182760659.7,68316475.8,127340131.6,-39589240.1,-63335560.7,..
Channel Islands,CHI,"Net financial flows, IMF concessional (NFL, current US$)",DT.NFL.IMFC.CD,..,..,..,..,..,..,..,..,..,..,..,..,..,..,..,..,..,..,..,..,..,..,..,..,..,..,..,..,..,..,..,..,..,..,..,..
Chile,CHL,"Net financial flows, IMF concessional (NFL, current US$)",DT.NFL.IMFC.CD,..,..,..,..,..,..,..,..,..,..,..,..,..,..,..,..,..,..,..,..,..,..,..,..,..,..,..,..,..,..,..,..,..,..,..,..
China,CHN,"Net financial flows, IMF concessional (NFL, current US$)",DT.NFL.IMFC.CD,..,..,..,..,..,..,..,..,..,..,..,..,..,..,..,..,..,..,..,..,..,..,..,..,..,..,..,..,..,..,..,..,..,..,..,..
Colombia,COL,"Net financial flows, IMF concessional (NFL, current US$)",DT.NFL.IMFC.CD,..,..,..,..,..,..,..,..,..,..,..,..,..,..,..,..,..,..,..,..,..,..,..,..,..,..,..,..,..,..,..,..,..,..,..,..
Comoros,COM,"Net financial flows, IMF concessional (NFL, current US$)",DT.NFL.IMFC.CD,..,..,..,..,..,..,..,..,..,..,..,..,..,..,..,..,..,..,..,..,..,..,..,..,..,..,..,..,..,..,..,..,..,..,..,..
"Congo, Dem. Rep.",COD,"Net financial flows, IMF concessional (NFL, current US$)",DT.NFL.IMFC.CD,..,..,..,..,..,..,..,..,..,..,..,..,..,..,..,..,..,..,..,..,..,..,..,..,..,..,..,..,..,..,..,..,..,..,..,..
"Congo, Rep.",COG,"Net financial flows, IMF concessional (NFL, current US$)",DT.NFL.IMFC.CD,..,..,..,..,..,..,..,..,..,..,..,..,..,..,..,..,..,..,..,..,..,..,..,..,..,..,..,..,..,..,..,..,..,..,..,..
Costa Rica,CRI,"Net financial flows, IMF concessional (NFL, current US$)",DT.NFL.IMFC.CD,..,..,..,..,..,..,..,..,..,..,..,..,..,..,..,..,..,..,..,..,..,..,..,..,..,..,..,..,..,..,..,..,..,..,..,..
Cote d'Ivoire,CIV,"Net financial flows, IMF concessional (NFL, current US$)",DT.NFL.IMFC.CD,..,..,..,..,..,..,..,..,..,..,..,..,..,..,..,..,..,..,..,..,..,..,..,..,..,..,..,..,..,..,..,..,..,..,..,..
Croatia,HRV,"Net financial flows, IMF concessional (NFL, current US$)",DT.NFL.IMFC.CD,..,..,..,..,..,..,..,..,..,..,..,..,..,..,..,..,..,..,..,..,..,..,..,..,..,..,..,..,..,..,..,..,..,..,..,..
Cuba,CUB,"Net financial flows, IMF concessional (NFL, current US$)",DT.NFL.IMFC.CD,..,..,..,..,..,..,..,..,..,..,..,..,..,..,..,..,..,..,..,..,..,..,..,..,..,..,..,..,..,..,..,..,..,..,..,..
Curacao,CUW,"Net financial flows, IMF concessional (NFL, current US$)",DT.NFL.IMFC.CD,..,..,..,..,..,..,..,..,..,..,..,..,..,..,..,..,..,..,..,..,..,..,..,..,..,..,..,..,..,..,..,..,..,..,..,..
Cyprus,CYP,"Net financial flows, IMF concessional (NFL, current US$)",DT.NFL.IMFC.CD,..,..,..,..,..,..,..,..,..,..,..,..,..,..,..,..,..,..,..,..,..,..,..,..,..,..,..,..,..,..,..,..,..,..,..,..
Czechia,CZE,"Net financial flows, IMF concessional (NFL, current US$)",DT.NFL.IMFC.CD,..,..,..,..,..,..,..,..,..,..,..,..,..,..,..,..,..,..,..,..,..,..,..,..,..,..,..,..,..,..,..,..,..,..,..,..
Denmark,DNK,"Net financial flows, IMF concessional (NFL, current US$)",DT.NFL.IMFC.CD,..,..,..,..,..,..,..,..,..,..,..,..,..,..,..,..,..,..,..,..,..,..,..,..,..,..,..,..,..,..,..,..,..,..,..,..
Djibouti,DJI,"Net financial flows, IMF concessional (NFL, current US$)",DT.NFL.IMFC.CD,..,..,..,..,..,..,..,..,..,..,..,..,..,..,..,..,..,..,..,..,..,..,..,..,..,..,..,..,..,..,..,..,..,..,..,..
Dominica,DMA,"Net financial flows, IMF concessional (NFL, current US$)",DT.NFL.IMFC.CD,..,..,-225378,-558557,-764721.4,-849653,-812999.6,-550436,-217084.4,-35552.2,..,..,..,3298370.4,912919.7,3533797.3,3416608.2,0,0,4285016.3,-1095619.6,-1691872.8,784236.3,-2337310.5,-1572818.9,6539508.5,-1556865.5,-1193981.8,-1509488.1,-1472874.4,13749572.9,-2336287.9,-1920393.1,-1640880.4,-1632907.3,..
Dominican Republic,DOM,"Net financial flows, IMF concessional (NFL, current US$)",DT.NFL.IMFC.CD,..,..,..,..,..,..,..,..,..,..,..,..,..,..,..,..,..,..,..,..,..,..,..,..,..,..,..,..,..,..,..,..,..,..,..,..
Early-demographic dividend,EAR,"Net financial flows, IMF concessional (NFL, current US$)",DT.NFL.IMFC.CD,..,..,..,..,..,..,..,..,..,..,..,..,..,..,..,..,..,..,..,..,..,..,..,..,..,..,..,..,..,..,..,..,..,..,..,..
East Asia & Pacific,EAS,"Net financial flows, IMF concessional (NFL, current US$)",DT.NFL.IMFC.CD,..,..,..,..,..,..,..,..,..,..,..,..,..,..,..,..,..,..,..,..,..,..,..,..,..,..,..,..,..,..,..,..,..,..,..,..
East Asia & Pacific (excluding high income),EAP,"Net financial flows, IMF concessional (NFL, current US$)",DT.NFL.IMFC.CD,-2172228.1,10743097.9,8031908.6,8189842,8399046.8,16018993.4,5537108.1,3232435.5,-6361929.6,-8015654.9,-7733326.3,-3564659,2618222.1,-2688493.6,-7823544,-6065958,-3256224.8,-2979117.4,-4296493.5,-5589956.5,-5529979.5,-4999933.4,-3469326.7,-1376855.2,..,..,..,..,..,..,..,0,0,-4626482.2,-9206676.3,..
East Asia & Pacific (IDA & IBRD countries),TEA,"Net financial flows, IMF concessional (NFL, current US$)",DT.NFL.IMFC.CD,..,..,..,..,..,..,..,..,..,..,..,..,..,..,..,..,..,..,..,..,..,..,..,..,..,..,..,..,..,..,..,..,..,..,..,..
Ecuador,ECU,"Net financial flows, IMF concessional (NFL, current US$)",DT.NFL.IMFC.CD,..,..,..,..,..,..,..,..,..,..,..,..,..,..,..,..,..,..,..,..,..,..,..,..,..,..,..,..,..,..,..,..,..,..,..,..
"Egypt, Arab Rep.",EGY,"Net financial flows, IMF concessional (NFL, current US$)",DT.NFL.IMFC.CD,..,..,..,..,..,..,..,..,..,..,..,..,..,..,..,..,..,..,..,..,..,..,..,..,..,..,..,..,..,..,..,..,..,..,..,..
El Salvador,SLV,"Net financial flows, IMF concessional (NFL, current US$)",DT.NFL.IMFC.CD,..,..,..,..,..,..,..,..,..,..,..,..,..,..,..,..,..,..,..,..,..,..,..,..,..,..,..,..,..,..,..,..,..,..,..,..
Equatorial Guinea,GNQ,"Net financial flows, IMF concessional (NFL, current US$)",DT.NFL.IMFC.CD,..,..,..,..,..,..,..,..,..,..,..,..,..,..,..,..,..,..,..,..,..,..,..,..,..,..,..,..,..,..,..,..,..,..,..,..
Eritrea,ERI,"Net financial flows, IMF concessional (NFL, current US$)",DT.NFL.IMFC.CD,..,..,..,..,..,..,..,..,..,..,..,..,..,..,..,..,..,..,..,..,..,..,..,..,..,..,..,..,..,..,..,..,..,..,..,..
Estonia,EST,"Net financial flows, IMF concessional (NFL, current US$)",DT.NFL.IMFC.CD,..,..,..,..,..,..,..,..,..,..,..,..,..,..,..,..,..,..,..,..,..,..,..,..,..,..,..,..,..,..,..,..,..,..,..,..
Eswatini,SWZ,"Net financial flows, IMF concessional (NFL, current US$)",DT.NFL.IMFC.CD,..,..,..,..,..,..,..,..,..,..,..,..,..,..,..,..,..,..,..,..,..,..,..,..,..,..,..,..,..,..,..,..,..,..,..,..
Ethiopia,ETH,"Net financial flows, IMF concessional (NFL, current US$)",DT.NFL.IMFC.CD,-25049861.8,-6178991.9,..,..,..,..,..,..,..,..,..,..,..,..,..,..,..,..,..,..,..,..,..,..,..,..,..,..,..,124641649.3,418895294.4,0,0,-100287138.5,-219559648.6,..
Euro area,EMU,"Net financial flows, IMF concessional (NFL, current US$)",DT.NFL.IMFC.CD,..,..,..,..,..,..,..,..,..,..,..,..,..,..,..,..,..,..,..,..,..,..,..,..,..,..,..,..,..,..,..,..,..,..,..,..
Europe & Central Asia,ECS,"Net financial flows, IMF concessional (NFL, current US$)",DT.NFL.IMFC.CD,..,..,..,..,..,..,..,..,..,..,..,..,..,..,..,..,..,..,..,..,..,..,..,..,..,..,..,..,..,..,..,..,..,..,..,..
Europe & Central Asia (excluding high income),ECA,"Net financial flows, IMF concessional (NFL, current US$)",DT.NFL.IMFC.CD,..,..,13646638.1,4800797.4,..,-1184962.5,-8279530,4188818,-1165471.9,..,..,-5618157.2,-5714250.3,..,..,..,3582877.3,3727723.9,3849139.7,1878743.7,-154119.2,-799421.7,-1398452.7,-2004494.5,69416781.4,104318732.3,158106646.5,78166286.7,-6275845.5,-19734582.4,155446791.9,-63340467.6,-65891565.9,-112142832.5,-152619743.7,..
Europe & Central Asia (IDA & IBRD countries),TEC,"Net financial flows, IMF concessional (NFL, current US$)",DT.NFL.IMFC.CD,..,..,..,..,..,..,..,..,..,..,..,..,..,..,..,..,..,..,..,..,..,..,..,..,..,..,..,..,..,..,..,..,..,..,..,..
European Union,EUU,"Net financial flows, IMF concessional (NFL, current US$)",DT.NFL.IMFC.CD,..,..,..,..,..,..,..,..,..,..,..,..,..,..,..,..,..,..,..,..,..,..,..,..,..,..,..,..,..,..,..,..,..,..,..,..
Faroe Islands,FRO,"Net financial flows, IMF concessional (NFL, current US$)",DT.NFL.IMFC.CD,..,..,..,..,..,..,..,..,..,..,..,..,..,..,..,..,..,..,..,..,..,..,..,..,..,..,..,..,..,..,..,..,..,..,..,..
Fiji,FJI,"Net financial flows, IMF concessional (NFL, current US$)",DT.NFL.IMFC.CD,..,..,..,..,..,..,..,..,..,..,..,..,..,..,..,..,..,..,..,..,..,..,..,..,..,..,..,..,..,..,..,..,..,..,..,..
Finland,FIN,"Net financial flows, IMF concessional (NFL, current US$)",DT.NFL.IMFC.CD,..,..,..,..,..,..,..,..,..,..,..,..,..,..,..,..,..,..,..,..,..,..,..,..,..,..,..,..,..,..,..,..,..,..,..,..
France,FRA,"Net financial flows, IMF concessional (NFL, current US$)",DT.NFL.IMFC.CD,..,..,..,..,..,..,..,..,..,..,..,..,..,..,..,..,..,..,..,..,..,..,..,..,..,..,..,..,..,..,..,..,..,..,..,..
French Polynesia,PYF,"Net financial flows, IMF concessional (NFL, current US$)",DT.NFL.IMFC.CD,..,..,..,..,..,..,..,..,..,..,..,..,..,..,..,..,..,..,..,..,..,..,..,..,..,..,..,..,..,..,..,..,..,..,..,..
Gabon,GAB,"Net financial flows, IMF concessional (NFL, current US$)",DT.NFL.IMFC.CD,..,..,..,..,..,..,..,..,..,..,..,..,..,..,..,..,..,..,..,..,..,..,..,..,..,..,..,..,..,..,..,..,..,..,..,..
"Gambia, The",GMB,"Net financial flows, IMF concessional (NFL, current US$)",DT.NFL.IMFC.CD,-289177.9,-35582.2,..,..,..,..,..,..,..,..,..,..,..,..,..,..,..,..,..,..,..,..,..,..,..,..,..,..,..,..,..,..,..,..,..,..
Georgia,GEO,"Net financial flows, IMF concessional (NFL, current US$)",DT.NFL.IMFC.CD,..,..,..,..,..,..,..,..,..,..,..,..,..,..,..,..,..,..,..,..,..,..,..,..,..,..,..,..,..,..,..,..,..,..,..,..
Germany,DEU,"Net financial flows, IMF concessional (NFL, current US$)",DT.NFL.IMFC.CD,..,..,..,..,..,..,..,..,..,..,..,..,..,..,..,..,..,..,..,..,..,..,..,..,..,..,..,..,..,..,..,..,..,..,..,..
Ghana,GHA,"Net financial flows, IMF concessional (NFL, current US$)",DT.NFL.IMFC.CD,-3618117.3,-448883.6,..,..,..,..,..,..,..,..,..,..,..,..,..,..,..,..,..,..,..,..,..,..,..,..,..,..,..,..,..,..,..,..,..,..
Gibraltar,GIB,"Net financial flows, IMF concessional (NFL, current US$)",DT.NFL.IMFC.CD,..,..,..,..,..,..,..,..,..,..,..,..,..,..,..,..,..,..,..,..,..,..,..,..,..,..,..,..,..,..,..,..,..,..,..,..
Greece,GRC,"Net financial flows, IMF concessional (NFL, current US$)",DT.NFL.IMFC.CD,..,..,..,..,..,..,..,..,..,..,..,..,..,..,..,..,..,..,..,..,..,..,..,..,..,..,..,..,..,..,..,..,..,..,..,..
Greenland,GRL,"Net financial flows, IMF concessional (NFL, current US$)",DT.NFL.IMFC.CD,..,..,..,..,..,..,..,..,..,..,..,..,..,..,..,..,..,..,..,..,..,..,..,..,..,..,..,..,..,..,..,..,..,..,..,..
Grenada,GRD,"Net financial flows, IMF concessional (NFL, current US$)",DT.NFL.IMFC.CD,..,..,..,..,..,..,..,..,..,..,..,..,..,..,..,..,..,..,..,..,..,..,..,..,..,..,..,..,..,..,..,..,..,..,..,..
Guam,GUM,"Net financial flows, IMF concessional (NFL, current US$)",DT.NFL.IMFC.CD,..,..,..,..,..,..,..,..,..,..,..,..,..,..,..,..,..,..,..,..,..,..,..,..,..,..,..,..,..,..,..,..,..,..,..,..
Guatemala,GTM,"Net financial flows, IMF concessional (NFL, current US$)",DT.NFL.IMFC.CD,..,..,..,..,..,..,..,..,..,..,..,..,..,..,..,..,..,..,..,..,..,..,..,..,..,..,..,..,..,..,..,..,..,..,..,..
Guinea,GIN,"Net financial flows, IMF concessional (NFL, current US$)",DT.NFL.IMFC.CD,-989721.4,-124537.8,..,..,..,..,..,..,..,..,..,..,..,..,..,..,..,..,..,..,..,..,..,..,..,..,..,..,..,..,..,..,..,..,..,..
Guinea-Bissau,GNB,"Net financial flows, IMF concessional (NFL, current US$)",DT.NFL.IMFC.CD,..,..,..,..,..,..,..,..,..,..,..,..,..,..,..,..,..,..,..,..,..,..,..,..,..,..,..,..,..,..,..,..,..,..,..,..
Guyana,GUY,"Net financial flows, IMF concessional (NFL, current US$)",DT.NFL.IMFC.CD,-12034143.1,-1540984.5,..,..,..,..,..,..,..,..,..,..,..,..,..,..,..,..,..,..,..,..,..,..,..,..,..,..,..,..,..,..,..,..,..,..
Haiti,HTI,"Net financial flows, IMF concessional (NFL, current US$)",DT.NFL.IMFC.CD,-7009260.3,-4389094.3,..,..,..,2115029,..,..,-5325182.7,9574233.8,-5703096.3,..,-7282944,-10405443.4,-2777497.3,15308709.1,14931754.5,-30919299.3,..,..,..,..,..,..,..,..,..,..,..,..,..,..,..,..,..,..
Heavily indebted poor countries (HIPC),HPC,"Net financial flows, IMF concessional (NFL, current US$)",DT.NFL.IMFC.CD,..,..,..,..,..,..,..,..,..,..,..,..,..,..,..,..,..,..,..,..,..,..,..,..,..,..,..,..,..,..,..,..,..,..,..,..
High income,HIC,"Net financial flows, IMF concessional (NFL, current US$)",DT.NFL.IMFC.CD,..,..,..,..,..,..,..,..,..,..,..,..,..,..,..,..,..,..,..,..,..,..,..,..,..,..,..,..,..,..,..,..,..,..,..,..
Honduras,HND,"Net financial flows, IMF concessional (NFL, current US$)",DT.NFL.IMFC.CD,-4826419.1,-128643.5,..,..,..,..,..,..,..,..,..,..,..,..,..,..,..,..,..,..,..,..,..,..,..,..,..,..,..,..,..,..,..,..,..,..
"Hong Kong SAR, China",HKG,"Net financial flows, IMF concessional (NFL, current US$)",DT.NFL.IMFC.CD,..,..,..,..,..,..,..,..,..,..,..,..,..,..,..,..,..,..,..,..,..,..,..,..,..,..,..,..,..,..,..,..,..,..,..,..
Hungary,HUN,"Net financial flows, IMF concessional (NFL, current US$)",DT.NFL.IMFC.CD,..,..,..,..,..,..,..,..,..,..,..,..,..,..,..,..,..,..,..,..,..,..,..,..,..,..,..,..,..,..,..,..,..,..,..,..
IBRD only,IBD,"Net financial flows, IMF concessional (NFL, current US$)",DT.NFL.IMFC.CD,..,..,..,..,..,..,..,..,..,..,..,..,..,..,..,..,..,..,..,..,..,..,..,..,..,..,..,..,..,..,..,..,..,..,..,..
Iceland,ISL,"Net financial flows, IMF concessional (NFL, current US$)",DT.NFL.IMFC.CD,..,..,..,..,..,..,..,..,..,..,..,..,..,..,..,..,..,..,..,..,..,..,..,..,..,..,..,..,..,..,..,..,..,..,..,..
IDA & IBRD total,IBT,"Net financial flows, IMF concessional (NFL, current US$)",DT.NFL.IMFC.CD,..,..,..,..,..,..,..,..,..,..,..,..,..,..,..,..,..,..,..,..,..,..,..,..,..,..,..,..,..,..,..,..,..,..,..,..
IDA blend,IDB,"Net financial flows, IMF concessional (NFL, current US$)",DT.NFL.IMFC.CD,..,..,..,..,..,..,..,..,..,..,..,..,..,..,..,..,..,..,..,..,..,..,..,..,..,..,..,..,..,..,..,..,..,..,..,..
IDA only,IDX,"Net financial flows, IMF concessional (NFL, current US$)",DT.NFL.IMFC.CD,2776626.7,116563133.7,76622886.6,22903629.6,157021361.1,55979994.2,21911791.5,41599201.5,19361383.7,-9593874.5,34992165,67680143.5,48217666.8,-7016151,20075135.4,8411008.6,-52964873.2,-19576914.6,393108608.2,305544185.5,149065296.4,52129548.4,53024790.7,45401267.9,144529143,244057703.6,81012610.7,84993200.3,121029509.8,310053874.6,1489272375.8,138090282.4,529679222.4,153503689.6,..,..
IDA total,IDA,"Net financial flows, IMF concessional (NFL, current US$)",DT.NFL.IMFC.CD,..,..,..,..,..,..,..,..,..,..,..,..,..,..,..,..,..,..,..,..,..,..,..,..,..,..,..,..,..,..,..,..,..,..,..,..
India,IND,"Net financial flows, IMF concessional (NFL, current US$)",DT.NFL.IMFC.CD,1010058867.2,776787560.5,1292401986.6,188744787.9,-1152893401.5,-1726924256.5,-984822729.1,-618208441.5,-387529570.3,-263223058.2,-25390846.3,..,..,..,..,..,..,..,..,..,..,..,..,0,0,0,0,0,0,0,0,0,0,0,0,..
Indonesia,IDN,"Net financial flows, IMF concessional (NFL, current US$)",DT.NFL.IMFC.CD,..,..,..,..,..,..,..,..,..,..,..,..,..,..,..,..,..,..,..,..,..,..,..,..,..,..,..,..,..,..,..,..,..,..,..,..
"Iran, Islamic Rep.",IRN,"Net financial flows, IMF concessional (NFL, current US$)",DT.NFL.IMFC.CD,..,..,..,..,..,..,..,..,..,..,..,..,..,..,..,..,..,..,..,..,..,..,..,..,..,..,..,..,..,..,..,..,..,..,..,..
Iraq,IRQ,"Net financial flows, IMF concessional (NFL, current US$)",DT.NFL.IMFC.CD,..,..,..,..,..,..,..,..,..,..,..,..,..,..,..,..,..,..,..,..,..,..,..,..,..,654695185.7,1213329263.1,810132607.9,-157762746.9,-694330393.6,-1201188873.8,-983270904.5,-293177789,..,..,..
Ireland,IRL,"Net financial flows, IMF concessional (NFL, current US$)",DT.NFL.IMFC.CD,..,..,..,..,..,..,..,..,..,..,..,..,..,..,..,..,..,..,..,..,..,..,..,..,..,..,..,..,..,..,..,..,..,..,..,..
Isle of Man,IMN,"Net financial flows, IMF concessional (NFL, current US$)",DT.NFL.IMFC.CD,..,..,..,..,..,..,..,..,..,..,..,..,..,..,..,..,..,..,..,..,..,..,..,..,..,..,..,..,..,..,..,..,..,..,..,..
Israel,ISR,"Net financial flows, IMF concessional (NFL, current US$)",DT.NFL.IMFC.CD,..,..,..,..,..,..,..,..,..,..,..,..,..,..,..,..,..,..,..,..,..,..,..,..,..,..,..,..,..,..,..,..,..,..,..,..
Italy,ITA,"Net financial flows, IMF concessional (NFL, current US$)",DT.NFL.IMFC.CD,..,..,..,..,..,..,..,..,..,..,..,..,..,..,..,..,..,..,..,..,..,..,..,..,..,..,..,..,..,..,..,..,..,..,..,..
Jamaica,JAM,"Net financial flows, IMF concessional (NFL, current US$)",DT.NFL.IMFC.CD,..,..,..,..,..,..,..,..,..,..,..,..,..,..,..,..,..,..,..,..,..,..,..,..,..,..,..,..,..,..,..,..,..,..,..,..
Japan,JPN,"Net financial flows, IMF concessional (NFL, current US$)",DT.NFL.IMFC.CD,..,..,..,..,..,..,..,..,..,..,..,..,..,..,..,..,..,..,..,..,..,..,..,..,..,..,..,..,..,..,..,..,..,..,..,..
Jordan,JOR,"Net financial flows, IMF concessional (NFL, current US$)",DT.NFL.IMFC.CD,..,..,..,..,..,..,..,..,..,..,..,..,..,..,..,..,..,..,..,..,..,..,..,..,..,..,..,..,..,..,..,..,..,..,..,..
Kazakhstan,KAZ,"Net financial flows, IMF concessional (NFL, current US$)",DT.NFL.IMFC.CD,..,..,..,..,..,..,..,..,..,..,..,..,..,..,..,..,..,..,..,..,..,..,..,..,..,..,..,..,..,..,..,..,..,..,..,..
Kenya,KEN,"Net financial flows, IMF concessional (NFL, current US$)",DT.NFL.IMFC.CD,..,..,..,..,..,..,..,..,..,..,..,..,..,..,..,..,..,..,..,..,..,..,..,..,..,..,..,..,..,..,..,..,..,..,..,..
Kiribati,KIR,"Net financial flows, IMF concessional (NFL, current US$)",DT.NFL.IMFC.CD,..,..,..,..,..,..,..,..,..,..,..,..,..,..,..,..,..,..,..,..,..,..,..,..,..,..,..,..,..,..,..,..,..,..,..,..
"Korea, Dem. People's Rep.",PRK,"Net financial flows, IMF concessional (NFL, current US$)",DT.NFL.IMFC.CD,..,..,..,..,..,..,..,..,..,..,..,..,..,..,..,..,..,..,..,..,..,..,..,..,..,..,..,..,..,..,..,..,..,..,..,..
"Korea, Rep.",KOR,"Net financial flows, IMF concessional (NFL, current US$)",DT.NFL.IMFC.CD,..,..,..,..,..,..,..,..,..,..,..,..,..,..,..,..,..,..,..,..,..,..,..,..,..,..,..,..,..,..,..,..,..,..,..,..
Kosovo,XKX,"Net financial flows, IMF concessional (NFL, current US$)",DT.NFL.IMFC.CD,..,..,..,..,..,..,..,..,..,..,..,..,..,..,..,..,..,..,..,..,..,..,..,..,..,..,..,..,..,..,..,..,..,..,..,..
Kuwait,KWT,"Net financial flows, IMF concessional (NFL, current US$)",DT.NFL.IMFC.CD,..,..,..,..,..,..,..,..,..,..,..,..,..,..,..,..,..,..,..,..,..,..,..,..,..,..,..,..,..,..,..,..,..,..,..,..
Kyrgyz Republic,KGZ,"Net financial flows, IMF concessional (NFL, current US$)",DT.NFL.IMFC.CD,..,..,..,..,..,..,..,..,..,..,..,..,..,..,..,..,..,..,..,..,..,..,..,..,..,..,..,..,..,..,..,..,..,..,..,..
Lao PDR,LAO,"Net financial flows, IMF concessional (NFL, current US$)",DT.NFL.IMFC.CD,-536268.8,11962473.7,8254469.4,8189842,8399046.8,16018993.4,5537108.1,3232435.5,-6361929.6,-8015654.9,-7733326.3,-3564659,2618222.1,-2688493.6,-7823544,-6065958,-3256224.8,-2979117.4,-4296493.5,-5589956.5,-5529979.5,-4999933.4,-3469326.7,-1376855.2,..,..,..,..,..,..,..,..,..,..,..,..
Late-demographic dividend,LTE,"Net financial flows, IMF concessional (NFL, current US$)",DT.NFL.IMFC.CD,..,..,..,..,..,..,..,..,..,..,..,..,..,..,..,..,..,..,..,..,..,..,..,..,..,..,..,..,..,..,..,..,..,..,..,..
Latin America & Caribbean,LCN,"Net financial flows, IMF concessional (NFL, current US$)",DT.NFL.IMFC.CD,..,..,..,..,..,..,..,..,..,..,..,..,..,..,..,..,..,..,..,..,..,..,..,..,..,..,..,..,..,..,..,..,..,..,..,..
Latin America & Caribbean (excluding high income),LAC,"Net financial flows, IMF concessional (NFL, current US$)",DT.NFL.IMFC.CD,-11835679.4,-4517737.8,-225378,-558557,-764721.4,1265376,-812999.6,-550436,-5542267.1,9538681.6,-5703096.3,..,-7282944,-7107073,-1864577.6,18842506.4,18348362.7,-30919299.3,0,4285016.3,-1095619.6,-1691872.8,784236.3,-2337310.5,-1572818.9,6539508.5,-1556865.5,-1193981.8,-1509488.1,-1472874.4,13749572.9,-2336287.9,-1920393.1,-1640880.4,-1632907.3,..
Latin America & the Caribbean (IDA & IBRD countries),TLA,"Net financial flows, IMF concessional (NFL, current US$)",DT.NFL.IMFC.CD,..,..,..,..,..,..,..,..,..,..,..,..,..,..,..,..,..,..,..,..,..,..,..,..,..,..,..,..,..,..,..,..,..,..,..,..
Latvia,LVA,"Net financial flows, IMF concessional (NFL, current US$)",DT.NFL.IMFC.CD,..,..,..,..,..,..,..,..,..,..,..,..,..,..,..,..,..,..,..,..,..,..,..,..,..,..,..,..,..,..,..,..,..,..,..,..
Least developed countries: UN classification,LDC,"Net financial flows, IMF concessional (NFL, current US$)",DT.NFL.IMFC.CD,..,..,..,..,..,..,..,..,..,..,..,..,..,..,..,..,..,..,..,..,..,..,..,..,..,..,..,..,..,..,..,..,..,..,..,..
Lebanon,LBN,"Net financial flows, IMF concessional (NFL, current US$)",DT.NFL.IMFC.CD,..,..,..,..,..,..,..,..,..,..,..,..,..,..,..,..,..,..,..,..,..,..,..,..,..,..,..,..,..,..,..,..,..,..,..,..
Lesotho,LSO,"Net financial flows, IMF concessional (NFL, current US$)",DT.NFL.IMFC.CD,..,..,..,..,..,..,..,..,..,..,..,..,..,..,..,..,..,..,..,..,..,..,..,..,..,..,..,..,..,..,..,..,..,..,..,..
Liberia,LBR,"Net financial flows, IMF concessional (NFL, current US$)",DT.NFL.IMFC.CD,..,..,..,..,-990987.3,..,..,-50915.3,-599695.7,-600285.3,-369321.4,-243160.7,..,..,..,..,..,..,302509185.8,17645999.6,13550280.8,14001705.6,18107894,22436964.6,57110803,19366683.1,38490720.5,20473806.6,-2970831.2,9040353.8,58174484.5,-7866452.1,-1803965.1,-36440884.3,-26636301.9,..
Libya,LBY,"Net financial flows, IMF concessional (NFL, current US$)",DT.NFL.IMFC.CD,..,..,..,..,..,..,..,..,..,..,..,..,..,..,..,..,..,..,..,..,..,..,..,..,..,..,..,..,..,..,..,..,..,..,..,..
Liechtenstein,LIE,"Net financial flows, IMF concessional (NFL, current US$)",DT.NFL.IMFC.CD,..,..,..,..,..,..,..,..,..,..,..,..,..,..,..,..,..,..,..,..,..,..,..,..,..,..,..,..,..,..,..,..,..,..,..,..
Lithuania,LTU,"Net financial flows, IMF concessional (NFL, current US$)",DT.NFL.IMFC.CD,..,..,..,..,..,..,..,..,..,..,..,..,..,..,..,..,..,..,..,..,..,..,..,..,..,..,..,..,..,..,..,..,..,..,..,..
Low & middle income,LMY,"Net financial flows, IMF concessional (NFL, current US$)",DT.NFL.IMFC.CD,1024869637,894891678.7,1382446133.3,215890657.9,-996636761.8,-1672978877.8,-972003467.2,-572970858,-369550742.9,-272852484.9,9601318.7,62061986.3,42503416.5,-3717780.6,461293968.9,11944805.9,-45965387.7,-470677437.7,396957747.9,311707945.5,1326537395.7,518096219.8,52410574.3,-128255732.3,-543861031.1,1009611130.1,1450891654.8,972098113.1,-44518570.7,-405483975.8,457279866.8,-910857377.6,168689474.4,39719976.7,-382260935.2,..
Low income,LIC,"Net financial flows, IMF concessional (NFL, current US$)",DT.NFL.IMFC.CD,4542671.8,41369822.4,73385895,4743545.2,124708301.9,-16305751.3,8415997.9,34197213.3,27218313.2,-4284040.8,51788093.3,63625343.8,68291312,33670514.8,65584981.1,33766083,-86328949.5,12974316.4,340181751.5,195571354.3,89540194.6,27227641.1,29974063.5,36857471.2,153490411.8,286267894.6,126331298.7,91065728,131488308.2,308894642.4,1183090145.2,90294676.5,312376367.2,-111379756.6,-225989055,..
Lower middle income,LMC,"Net financial flows, IMF concessional (NFL, current US$)",DT.NFL.IMFC.CD,1021114397.9,854099383.3,1295861539,206904872.3,-1120580342.3,-1654638511,-971326935.5,-610806453.3,-395386499.8,-268532891.9,-42186774.6,4054799.7,-20073645.2,-40686665.8,-45509845.7,-25355074.4,33364076.3,-32551231,52926856.7,109972831.2,59525101.8,24901907.3,23050727.2,8543796.7,-8961268.8,-42210191,-45318688,-6072527.7,-10458798.4,1159232.2,306182230.6,47795605.9,217302855.2,264883446.2,-2019229.2,..
Luxembourg,LUX,"Net financial flows, IMF concessional (NFL, current US$)",DT.NFL.IMFC.CD,..,..,..,..,..,..,..,..,..,..,..,..,..,..,..,..,..,..,..,..,..,..,..,..,..,..,..,..,..,..,..,..,..,..,..,..
"Macao SAR, China",MAC,"Net financial flows, IMF concessional (NFL, current US$)",DT.NFL.IMFC.CD,..,..,..,..,..,..,..,..,..,..,..,..,..,..,..,..,..,..,..,..,..,..,..,..,..,..,..,..,..,..,..,..,..,..,..,..
Madagascar,MDG,"Net financial flows, IMF concessional (NFL, current US$)",DT.NFL.IMFC.CD,..,..,..,..,..,..,..,..,..,..,..,..,..,..,..,..,..,..,..,..,..,..,..,..,..,..,..,..,..,..,..,..,..,..,..,..
Malawi,MWI,"Net financial flows, IMF concessional (NFL, current US$)",DT.NFL.IMFC.CD,..,..,..,..,..,..,..,..,..,..,..,..,..,..,..,..,..,..,..,..,..,..,..,..,..,..,..,..,..,..,..,..,..,..,..,..
Malaysia,MYS,"Net financial flows, IMF concessional (NFL, current US$)",DT.NFL.IMFC.CD,..,..,..,..,..,..,..,..,..,..,..,..,..,..,..,..,..,..,..,..,..,..,..,..,..,..,..,..,..,..,..,..,..,..,..,..
Maldives,MDV,"Net financial flows, IMF concessional (NFL, current US$)",DT.NFL.IMFC.CD,..,..,..,..,..,..,..,..,..,..,..,..,..,..,..,..,..,..,..,..,..,..,..,..,..,..,..,..,..,..,..,..,..,..,..,..
Mali,MLI,"Net financial flows, IMF concessional (NFL, current US$)",DT.NFL.IMFC.CD,..,..,..,..,..,..,..,..,..,..,..,..,..,..,..,..,..,..,..,..,..,..,..,..,..,..,..,..,..,..,..,..,..,..,..,..
Malta,MLT,"Net financial flows, IMF concessional (NFL, current US$)",DT.NFL.IMFC.CD,..,..,..,..,..,..,..,..,..,..,..,..,..,..,..,..,..,..,..,..,..,..,..,..,..,..,..,..,..,..,..,..,..,..,..,..
Marshall Islands,MHL,"Net financial flows, IMF concessional (NFL, current US$)",DT.NFL.IMFC.CD,..,..,..,..,..,..,..,..,..,..,..,..,..,..,..,..,..,..,..,..,..,..,..,..,..,..,..,..,..,..,..,..,..,..,..,..
Mauritania,MRT,"Net financial flows, IMF concessional (NFL, current US$)",DT.NFL.IMFC.CD,..,..,..,..,..,..,..,..,..,..,..,..,..,..,..,..,..,..,..,..,..,..,..,..,..,..,..,..,..,..,..,..,..,..,..,..
Mauritius,MUS,"Net financial flows, IMF concessional (NFL, current US$)",DT.NFL.IMFC.CD,..,..,..,..,..,..,..,..,..,..,..,..,..,..,..,..,..,..,..,..,..,..,..,..,..,..,..,..,..,..,..,..,..,..,..,..
Mexico,MEX,"Net financial flows, IMF concessional (NFL, current US$)",DT.NFL.IMFC.CD,..,..,..,..,..,..,..,..,..,..,..,..,..,..,..,..,..,..,..,..,..,..,..,..,..,..,..,..,..,..,..,..,..,..,..,..
"Micronesia, Fed. Sts.",FSM,"Net financial flows, IMF concessional (NFL, current US$)",DT.NFL.IMFC.CD,..,..,..,..,..,..,..,..,..,..,..,..,..,..,..,..,..,..,..,..,..,..,..,..,..,..,..,..,..,..,..,..,..,..,..,..
"Middle East, North Africa, Afghanistan & Pakistan",MEA,"Net financial flows, IMF concessional (NFL, current US$)",DT.NFL.IMFC.CD,..,..,..,..,..,..,..,..,..,..,..,..,..,..,..,..,..,..,..,..,..,..,..,..,..,..,..,..,..,..,..,..,..,..,..,..
"Middle East, North Africa, Afghanistan & Pakistan (excluding high income)",MNA,"Net financial flows, IMF concessional (NFL, current US$)",DT.NFL.IMFC.CD,..,..,..,..,..,..,..,..,..,..,..,..,..,..,440305913.8,..,..,-454828247,..,..,1178721838.1,468457965.9,..,-169315195.2,-756234136.6,654695185.7,1213329263.1,810132607.9,-157762746.9,-694330393.6,-1201188873.8,-983270904.5,-293177789,..,..,..
"Middle East, North Africa, Afghanistan & Pakistan (IDA & IBRD)",TMN,"Net financial flows, IMF concessional (NFL, current US$)",DT.NFL.IMFC.CD,..,..,..,..,..,..,..,..,..,..,..,..,..,..,..,..,..,..,..,..,..,..,..,..,..,..,..,..,..,..,..,..,..,..,..,..
Middle income,MIC,"Net financial flows, IMF concessional (NFL, current US$)",DT.NFL.IMFC.CD,1020326965.2,853521856.3,1309060238.3,211147112.7,-1121345063.7,-1656673126.5,-980419465.1,-607168071.3,-396769056.1,-268568444.1,-42186774.6,-1563357.5,-25787895.5,-37388295.4,395708987.8,-21821277.1,40363561.8,-483651754.1,56775996.4,116136591.2,1236997201.1,490868578.7,22436510.8,-165113203.5,-697351442.9,723343235.5,1324560356.1,881032385.1,-176006878.9,-714378618.2,-725810278.4,-1001152054.1,-143686892.8,151099733.3,-156271880.2,..
Moldova,MDA,"Net financial flows, IMF concessional (NFL, current US$)",DT.NFL.IMFC.CD,..,..,..,..,..,..,..,..,..,..,..,..,..,..,..,..,..,..,..,..,..,..,..,..,..,..,..,..,..,..,..,..,..,..,..,..
Monaco,MCO,"Net financial flows, IMF concessional (NFL, current US$)",DT.NFL.IMFC.CD,..,..,..,..,..,..,..,..,..,..,..,..,..,..,..,..,..,..,..,..,..,..,..,..,..,..,..,..,..,..,..,..,..,..,..,..
Mongolia,MNG,"Net financial flows, IMF concessional (NFL, current US$)",DT.NFL.IMFC.CD,..,..,..,..,..,..,..,..,..,..,..,..,..,..,..,..,..,..,..,..,..,..,..,..,..,..,..,..,..,..,..,..,0,..,..,..
Montenegro,MNE,"Net financial flows, IMF concessional (NFL, current US$)",DT.NFL.IMFC.CD,..,..,..,..,..,..,..,..,..,..,..,..,..,..,..,..,..,..,..,..,..,..,..,..,..,..,..,..,..,..,..,..,..,..,..,..
Morocco,MAR,"Net financial flows, IMF concessional (NFL, current US$)",DT.NFL.IMFC.CD,..,..,..,..,..,..,..,..,..,..,..,..,..,..,..,..,..,..,..,..,..,..,..,..,..,..,..,..,..,..,..,..,..,..,..,..
Mozambique,MOZ,"Net financial flows, IMF concessional (NFL, current US$)",DT.NFL.IMFC.CD,12422428.9,41740698.7,62725515.5,15332389.5,10568621.5,-14345480.4,-14368316.4,19568000.1,9676537,11517547.1,59619026,10485189.8,5921429.1,3127716.8,-6728336.8,-10503887.4,4767360.3,4990710.5,0,153322759,21421040.8,-1532619.1,-2233235.5,-2960390.6,-3209462.4,86905227.2,-32938826.8,-31958774.5,-32172204.1,73247176.1,288151762.4,-26971303.6,126688402.3,35361638.5,109338408.3,..
Myanmar,MMR,"Net financial flows, IMF concessional (NFL, current US$)",DT.NFL.IMFC.CD,..,..,..,..,..,..,..,..,..,..,..,..,..,..,..,..,..,..,..,..,..,..,..,..,..,..,..,..,..,..,..,..,..,..,..,..
Namibia,NAM,"Net financial flows, IMF concessional (NFL, current US$)",DT.NFL.IMFC.CD,..,..,..,..,..,..,..,..,..,..,..,..,..,..,..,..,..,..,..,..,..,..,..,..,..,..,..,..,..,..,..,..,..,..,..,..
Naoero,NRU,"Net financial flows, IMF concessional (NFL, current US$)",DT.NFL.IMFC.CD,..,..,..,..,..,..,..,..,..,..,..,..,..,..,..,..,..,..,..,..,..,..,..,..,..,..,..,..,..,..,..,..,..,..,..,..
Nepal,NPL,"Net financial flows, IMF concessional (NFL, current US$)",DT.NFL.IMFC.CD,..,..,..,..,..,..,..,..,..,..,..,..,..,..,..,..,..,..,..,..,..,..,..,..,..,..,..,..,..,..,..,..,..,..,..,..
Netherlands,NLD,"Net financial flows, IMF concessional (NFL, current US$)",DT.NFL.IMFC.CD,..,..,..,..,..,..,..,..,..,..,..,..,..,..,..,..,..,..,..,..,..,..,..,..,..,..,..,..,..,..,..,..,..,..,..,..
New Caledonia,NCL,"Net financial flows, IMF concessional (NFL, current US$)",DT.NFL.IMFC.CD,..,..,..,..,..,..,..,..,..,..,..,..,..,..,..,..,..,..,..,..,..,..,..,..,..,..,..,..,..,..,..,..,..,..,..,..
New Zealand,NZL,"Net financial flows, IMF concessional (NFL, current US$)",DT.NFL.IMFC.CD,..,..,..,..,..,..,..,..,..,..,..,..,..,..,..,..,..,..,..,..,..,..,..,..,..,..,..,..,..,..,..,..,..,..,..,..
Nicaragua,NIC,"Net financial flows, IMF concessional (NFL, current US$)",DT.NFL.IMFC.CD,..,..,..,..,..,..,..,..,..,..,..,..,..,..,..,..,..,..,..,..,..,..,..,..,..,..,..,..,..,..,..,..,..,..,..,..
Niger,NER,"Net financial flows, IMF concessional (NFL, current US$)",DT.NFL.IMFC.CD,9150510.5,..,-1898809.7,-4705842.7,-7239076.1,-10226180.6,2282206.1,17311212.5,19811664.9,-4147301.5,9380763.6,10087985,19568037.7,18443178,5839129.2,12081686.5,-105469018.2,11872073.6,11887281.6,5074767.4,4876880.3,-4632546.3,10833795.9,8785430.3,40925204.5,44117197.8,10260022,32424718.7,31745979.1,36041208.5,133370856.6,27301802.9,84142661.1,-7303918.6,-8391550.3,..
Nigeria,NGA,"Net financial flows, IMF concessional (NFL, current US$)",DT.NFL.IMFC.CD,..,..,..,..,..,..,..,..,..,..,..,..,..,..,..,..,..,..,..,..,..,..,..,..,..,..,..,..,..,..,..,..,..,..,..,..
North America,NAC,"Net financial flows, IMF concessional (NFL, current US$)",DT.NFL.IMFC.CD,..,..,..,..,..,..,..,..,..,..,..,..,..,..,..,..,..,..,..,..,..,..,..,..,..,..,..,..,..,..,..,..,..,..,..,..
North Macedonia,MKD,"Net financial flows, IMF concessional (NFL, current US$)",DT.NFL.IMFC.CD,..,..,..,..,..,..,..,..,..,..,..,..,..,..,..,..,..,..,..,..,..,..,..,..,..,..,..,..,..,..,..,..,..,..,..,..
Northern Mariana Islands,MNP,"Net financial flows, IMF concessional (NFL, current US$)",DT.NFL.IMFC.CD,..,..,..,..,..,..,..,..,..,..,..,..,..,..,..,..,..,..,..,..,..,..,..,..,..,..,..,..,..,..,..,..,..,..,..,..
Norway,NOR,"Net financial flows, IMF concessional (NFL, current US$)",DT.NFL.IMFC.CD,..,..,..,..,..,..,..,..,..,..,..,..,..,..,..,..,..,..,..,..,..,..,..,..,..,..,..,..,..,..,..,..,..,..,..,..
Not classified,INX,"Net financial flows, IMF concessional (NFL, current US$)",DT.NFL.IMFC.CD,..,..,..,..,..,..,..,..,..,..,..,..,..,..,..,..,..,..,..,..,..,..,..,..,..,..,..,..,..,..,..,..,..,..,..,..
OECD members,OED,"Net financial flows, IMF concessional (NFL, current US$)",DT.NFL.IMFC.CD,..,..,..,..,..,..,..,..,..,..,..,..,..,..,..,..,..,..,..,..,..,..,..,..,..,..,..,..,..,..,..,..,..,..,..,..
Oman,OMN,"Net financial flows, IMF concessional (NFL, current US$)",DT.NFL.IMFC.CD,..,..,..,..,..,..,..,..,..,..,..,..,..,..,..,..,..,..,..,..,..,..,..,..,..,..,..,..,..,..,..,..,..,..,..,..
Other small states,OSS,"Net financial flows, IMF concessional (NFL, current US$)",DT.NFL.IMFC.CD,..,..,..,..,..,..,..,..,..,..,..,..,..,..,..,..,..,..,..,..,..,..,..,..,..,..,..,..,..,..,..,..,..,..,..,..
Pacific island small states,PSS,"Net financial flows, IMF concessional (NFL, current US$)",DT.NFL.IMFC.CD,..,..,..,..,..,..,..,..,..,..,..,..,..,..,..,..,..,..,..,..,..,..,..,..,..,..,..,..,..,..,..,..,..,..,..,..
Pakistan,PAK,"Net financial flows, IMF concessional (NFL, current US$)",DT.NFL.IMFC.CD,..,..,..,..,..,..,..,..,..,..,..,..,..,..,..,..,..,..,..,..,..,..,..,..,..,..,..,..,..,..,..,..,..,..,..,..
Palau,PLW,"Net financial flows, IMF concessional (NFL, current US$)",DT.NFL.IMFC.CD,..,..,..,..,..,..,..,..,..,..,..,..,..,..,..,..,..,..,..,..,..,..,..,..,..,..,..,..,..,..,..,..,..,..,..,..
Panama,PAN,"Net financial flows, IMF concessional (NFL, current US$)",DT.NFL.IMFC.CD,..,..,..,..,..,..,..,..,..,..,..,..,..,..,..,..,..,..,..,..,..,..,..,..,..,..,..,..,..,..,..,..,..,..,..,..
Papua New Guinea,PNG,"Net financial flows, IMF concessional (NFL, current US$)",DT.NFL.IMFC.CD,..,..,..,..,..,..,..,..,..,..,..,..,..,..,..,..,..,..,..,..,..,..,..,..,..,..,..,..,..,..,..,..,..,..,..,..
Paraguay,PRY,"Net financial flows, IMF concessional (NFL, current US$)",DT.NFL.IMFC.CD,..,..,..,..,..,..,..,..,..,..,..,..,..,..,..,..,..,..,..,..,..,..,..,..,..,..,..,..,..,..,..,..,..,..,..,..
Peru,PER,"Net financial flows, IMF concessional (NFL, current US$)",DT.NFL.IMFC.CD,..,..,..,..,..,..,..,..,..,..,..,..,..,..,..,..,..,..,..,..,..,..,..,..,..,..,..,..,..,..,..,..,..,..,..,..
Philippines,PHL,"Net financial flows, IMF concessional (NFL, current US$)",DT.NFL.IMFC.CD,..,..,..,..,..,..,..,..,..,..,..,..,..,..,..,..,..,..,..,..,..,..,..,..,..,..,..,..,..,..,..,..,..,..,..,..
Poland,POL,"Net financial flows, IMF concessional (NFL, current US$)",DT.NFL.IMFC.CD,..,..,..,..,..,..,..,..,..,..,..,..,..,..,..,..,..,..,..,..,..,..,..,..,..,..,..,..,..,..,..,..,..,..,..,..
Portugal,PRT,"Net financial flows, IMF concessional (NFL, current US$)",DT.NFL.IMFC.CD,..,..,..,..,..,..,..,..,..,..,..,..,..,..,..,..,..,..,..,..,..,..,..,..,..,..,..,..,..,..,..,..,..,..,..,..
Post-demographic dividend,PST,"Net financial flows, IMF concessional (NFL, current US$)",DT.NFL.IMFC.CD,..,..,..,..,..,..,..,..,..,..,..,..,..,..,..,..,..,..,..,..,..,..,..,..,..,..,..,..,..,..,..,..,..,..,..,..
Pre-demographic dividend,PRE,"Net financial flows, IMF concessional (NFL, current US$)",DT.NFL.IMFC.CD,..,..,..,..,..,..,..,..,..,..,..,..,..,..,..,..,..,..,..,..,..,..,..,..,..,..,..,..,..,..,..,..,..,..,..,..
Puerto Rico (US),PRI,"Net financial flows, IMF concessional (NFL, current US$)",DT.NFL.IMFC.CD,..,..,..,..,..,..,..,..,..,..,..,..,..,..,..,..,..,..,..,..,..,..,..,..,..,..,..,..,..,..,..,..,..,..,..,..
Qatar,QAT,"Net financial flows, IMF concessional (NFL, current US$)",DT.NFL.IMFC.CD,..,..,..,..,..,..,..,..,..,..,..,..,..,..,..,..,..,..,..,..,..,..,..,..,..,..,..,..,..,..,..,..,..,..,..,..
Romania,ROU,"Net financial flows, IMF concessional (NFL, current US$)",DT.NFL.IMFC.CD,..,..,..,..,..,..,..,..,..,..,..,..,..,..,..,..,..,..,..,..,..,..,..,..,..,..,..,..,..,..,..,..,..,..,..,..
Russian Federation,RUS,"Net financial flows, IMF concessional (NFL, current US$)",DT.NFL.IMFC.CD,..,..,..,..,..,..,..,..,..,..,..,..,..,..,..,..,..,..,..,..,..,..,..,..,..,..,..,..,..,..,..,..,..,..,..,..
Rwanda,RWA,"Net financial flows, IMF concessional (NFL, current US$)",DT.NFL.IMFC.CD,..,..,..,..,..,..,..,..,..,..,..,..,..,..,..,..,..,..,..,..,..,..,..,..,..,..,..,..,..,..,..,..,..,..,..,..
Samoa,WSM,"Net financial flows, IMF concessional (NFL, current US$)",DT.NFL.IMFC.CD,-787432.7,-577527,-222560.8,..,..,..,..,..,..,..,..,..,..,..,..,..,..,..,..,..,..,..,..,..,..,..,..,..,..,..,..,..,..,..,..,..
San Marino,SMR,"Net financial flows, IMF concessional (NFL, current US$)",DT.NFL.IMFC.CD,..,..,..,..,..,..,..,..,..,..,..,..,..,..,..,..,..,..,..,..,..,..,..,..,..,..,..,..,..,..,..,..,..,..,..,..
Sao Tome and Principe,STP,"Net financial flows, IMF concessional (NFL, current US$)",DT.NFL.IMFC.CD,..,..,..,..,..,..,..,..,..,..,..,..,..,..,..,..,..,..,..,..,..,..,..,..,..,..,..,..,..,..,..,..,..,..,..,..
Saudi Arabia,SAU,"Net financial flows, IMF concessional (NFL, current US$)",DT.NFL.IMFC.CD,..,..,..,..,..,..,..,..,..,..,..,..,..,..,..,..,..,..,..,..,..,..,..,..,..,..,..,..,..,..,..,..,..,..,..,..
Senegal,SEN,"Net financial flows, IMF concessional (NFL, current US$)",DT.NFL.IMFC.CD,28883844.2,58231696.1,-4794917,-11883300.1,-1138489.7,42305132.8,-9953438.1,2243026.7,9139253.1,-7836526.5,-1791208.8,7070755.8,-10845810.2,-27087762,-29358667.6,-28424021.6,20393708,0,38364936.7,99829466.4,48849677.9,-3279678.8,-5308912.3,-5267306.9,-17560865.3,-33793057.2,-35663341.5,-33656142.4,-34367050.8,-22355635.6,145762189,61398784.4,129910915.7,215895830.5,0,..
Serbia,SRB,"Net financial flows, IMF concessional (NFL, current US$)",DT.NFL.IMFC.CD,..,..,..,..,..,..,..,..,..,..,..,..,..,..,..,..,..,..,..,..,..,..,..,..,..,..,..,..,..,..,..,..,..,..,..,..
Seychelles,SYC,"Net financial flows, IMF concessional (NFL, current US$)",DT.NFL.IMFC.CD,..,..,..,..,..,..,..,..,..,..,..,..,..,..,..,..,..,..,..,..,..,..,..,..,..,..,..,..,..,..,..,..,..,..,..,..
Sierra Leone,SLE,"Net financial flows, IMF concessional (NFL, current US$)",DT.NFL.IMFC.CD,..,..,-3262346.6,..,130237495.3,16295130.6,11416837.5,6957511.1,..,-12377637,-25212780.6,31969898.8,35441818.3,18181602.4,40236639.4,18237762.3,8919672.2,0,18020613,18795149.1,40688990.8,8842518.6,-280303.2,6484592.9,40565051.7,101989189.8,66829843.6,38140854.6,3626453.1,4688051.4,123942578.1,48016413.7,-20109928.8,-18750059.6,-14085484.6,..
Singapore,SGP,"Net financial flows, IMF concessional (NFL, current US$)",DT.NFL.IMFC.CD,..,..,..,..,..,..,..,..,..,..,..,..,..,..,..,..,..,..,..,..,..,..,..,..,..,..,..,..,..,..,..,..,..,..,..,..
Sint Maarten (Dutch part),SXM,"Net financial flows, IMF concessional (NFL, current US$)",DT.NFL.IMFC.CD,..,..,..,..,..,..,..,..,..,..,..,..,..,..,..,..,..,..,..,..,..,..,..,..,..,..,..,..,..,..,..,..,..,..,..,..
Slovak Republic,SVK,"Net financial flows, IMF concessional (NFL, current US$)",DT.NFL.IMFC.CD,..,..,..,..,..,..,..,..,..,..,..,..,..,..,..,..,..,..,..,..,..,..,..,..,..,..,..,..,..,..,..,..,..,..,..,..
Slovenia,SVN,"Net financial flows, IMF concessional (NFL, current US$)",DT.NFL.IMFC.CD,..,..,..,..,..,..,..,..,..,..,..,..,..,..,..,..,..,..,..,..,..,..,..,..,..,..,..,..,..,..,..,..,..,..,..,..
Small states,SST,"Net financial flows, IMF concessional (NFL, current US$)",DT.NFL.IMFC.CD,..,..,..,..,..,..,..,..,..,..,..,..,..,..,..,..,..,..,..,..,..,..,..,..,..,..,..,..,..,..,..,..,..,..,..,..
Solomon Islands,SLB,"Net financial flows, IMF concessional (NFL, current US$)",DT.NFL.IMFC.CD,-848526.6,-641848.8,..,..,..,..,..,..,..,..,..,..,..,..,..,..,..,..,..,..,..,..,..,..,..,..,..,..,..,..,..,0,0,-4626482.2,-9206676.3,..
"Somalia, Fed. Rep.",SOM,"Net financial flows, IMF concessional (NFL, current US$)",DT.NFL.IMFC.CD,..,..,..,..,..,..,..,..,..,..,..,..,..,..,..,..,..,..,..,..,..,..,..,..,..,..,..,..,..,..,..,..,..,..,..,..
South Africa,ZAF,"Net financial flows, IMF concessional (NFL, current US$)",DT.NFL.IMFC.CD,..,..,..,..,..,..,..,..,..,..,..,..,..,..,..,..,..,..,..,..,..,..,..,..,..,..,..,..,..,..,..,..,..,..,..,..
South Asia,SAS,"Net financial flows, IMF concessional (NFL, current US$)",DT.NFL.IMFC.CD,1010058867.2,776787560.5,1292401986.6,188744787.9,-1152893401.5,-1726924256.5,-984822729.1,-618208441.5,-387529570.3,-263223058.2,-25390846.3,..,..,..,..,..,..,..,..,..,..,..,..,0,0,0,0,0,0,0,0,0,0,0,0,..
South Asia (IDA & IBRD),TSA,"Net financial flows, IMF concessional (NFL, current US$)",DT.NFL.IMFC.CD,..,..,..,..,..,..,..,..,..,..,..,..,..,..,..,..,..,..,..,..,..,..,..,..,..,..,..,..,..,..,..,..,..,..,..,..
South Sudan,SSD,"Net financial flows, IMF concessional (NFL, current US$)",DT.NFL.IMFC.CD,..,..,..,..,..,..,..,..,..,..,..,..,..,..,..,..,..,..,..,..,..,..,..,..,..,..,..,..,..,..,..,..,..,..,..,..
Spain,ESP,"Net financial flows, IMF concessional (NFL, current US$)",DT.NFL.IMFC.CD,..,..,..,..,..,..,..,..,..,..,..,..,..,..,..,..,..,..,..,..,..,..,..,..,..,..,..,..,..,..,..,..,..,..,..,..
Sri Lanka,LKA,"Net financial flows, IMF concessional (NFL, current US$)",DT.NFL.IMFC.CD,..,..,..,..,..,..,..,..,..,..,..,..,..,..,..,..,..,..,..,..,..,..,..,..,..,..,..,..,..,..,..,..,..,..,..,..
St. Kitts and Nevis,KNA,"Net financial flows, IMF concessional (NFL, current US$)",DT.NFL.IMFC.CD,0,0,0,0,0,0,0,0,0,0,0,0,0,0,0,0,0,0,0,0,0,..,..,..,..,..,..,..,..,..,..,..,..,..,..,..
St. Lucia,LCA,"Net financial flows, IMF concessional (NFL, current US$)",DT.NFL.IMFC.CD,..,..,..,..,..,..,..,..,..,..,..,..,..,..,..,..,..,..,..,..,..,..,..,..,..,..,..,..,..,..,..,..,..,..,..,..
St. Martin (French part),MAF,"Net financial flows, IMF concessional (NFL, current US$)",DT.NFL.IMFC.CD,..,..,..,..,..,..,..,..,..,..,..,..,..,..,..,..,..,..,..,..,..,..,..,..,..,..,..,..,..,..,..,..,..,..,..,..
St. Vincent and the Grenadines,VCT,"Net financial flows, IMF concessional (NFL, current US$)",DT.NFL.IMFC.CD,..,..,..,..,..,..,..,..,..,..,..,..,..,..,..,..,..,..,..,..,..,..,..,..,..,..,..,..,..,..,..,..,..,..,..,..
Sub-Saharan Africa,SSF,"Net financial flows, IMF concessional (NFL, current US$)",DT.NFL.IMFC.CD,..,..,..,..,..,..,..,..,..,..,..,..,..,..,..,..,..,..,..,..,..,..,..,..,..,..,..,..,..,..,..,..,..,..,..,..
Sub-Saharan Africa (excluding high income),SSA,"Net financial flows, IMF concessional (NFL, current US$)",DT.NFL.IMFC.CD,28818677.3,111878758.1,68590978,14713787.6,148622314.3,37845971.8,16374683.4,38366766,31048496,-11152453.4,48428587.6,71244802.5,52882388.7,6077786,30676176.7,-831742.500000002,-64640402.9,14321502.1,397405101.7,311134142,154595275.9,57129481.8,56494117.4,46778123.1,144529143,244057703.6,81012610.7,84993200.3,121029509.8,310053874.6,1489272375.8,138090282.4,529679222.4,158130171.8,-218801607.9,..
Sub-Saharan Africa (IDA & IBRD countries),TSS,"Net financial flows, IMF concessional (NFL, current US$)",DT.NFL.IMFC.CD,..,..,..,..,..,..,..,..,..,..,..,..,..,..,..,..,..,..,..,..,..,..,..,..,..,..,..,..,..,..,..,..,..,..,..,..
Sudan,SDN,"Net financial flows, IMF concessional (NFL, current US$)",DT.NFL.IMFC.CD,..,..,..,..,..,-4527436.7,..,-7108881,..,..,..,..,..,..,..,..,..,..,..,..,..,..,..,..,..,..,..,..,..,..,..,-84374181.1,..,..,..,..
Suriname,SUR,"Net financial flows, IMF concessional (NFL, current US$)",DT.NFL.IMFC.CD,..,..,..,..,..,..,..,..,..,..,..,..,..,..,..,..,..,..,..,..,..,..,..,..,..,..,..,..,..,..,..,..,..,..,..,..
Sweden,SWE,"Net financial flows, IMF concessional (NFL, current US$)",DT.NFL.IMFC.CD,..,..,..,..,..,..,..,..,..,..,..,..,..,..,..,..,..,..,..,..,..,..,..,..,..,..,..,..,..,..,..,..,..,..,..,..
Switzerland,CHE,"Net financial flows, IMF concessional (NFL, current US$)",DT.NFL.IMFC.CD,..,..,..,..,..,..,..,..,..,..,..,..,..,..,..,..,..,..,..,..,..,..,..,..,..,..,..,..,..,..,..,..,..,..,..,..
Syrian Arab Republic,SYR,"Net financial flows, IMF concessional (NFL, current US$)",DT.NFL.IMFC.CD,..,..,..,..,..,..,..,..,..,..,..,..,..,..,..,..,..,..,..,..,..,..,..,..,..,..,..,..,..,..,..,..,..,..,..,..
Tajikistan,TJK,"Net financial flows, IMF concessional (NFL, current US$)",DT.NFL.IMFC.CD,..,..,..,..,..,..,..,..,..,..,..,..,..,..,..,..,..,..,..,..,..,..,..,..,..,..,..,..,..,..,..,..,..,..,..,..
Tanzania,TZA,"Net financial flows, IMF concessional (NFL, current US$)",DT.NFL.IMFC.CD,..,..,..,..,..,..,..,..,..,..,..,..,..,..,..,..,..,..,..,..,..,..,..,..,..,..,..,..,..,..,..,..,..,..,..,..
Thailand,THA,"Net financial flows, IMF concessional (NFL, current US$)",DT.NFL.IMFC.CD,..,..,..,..,..,..,..,..,..,..,..,..,..,..,..,..,..,..,..,..,..,..,..,..,..,..,..,..,..,..,..,..,..,..,..,..
Timor-Leste,TLS,"Net financial flows, IMF concessional (NFL, current US$)",DT.NFL.IMFC.CD,..,..,..,..,..,..,..,..,..,..,..,..,..,..,..,..,..,..,..,..,..,..,..,..,..,..,..,..,..,..,..,..,..,..,..,..
Togo,TGO,"Net financial flows, IMF concessional (NFL, current US$)",DT.NFL.IMFC.CD,..,..,..,..,..,..,..,..,..,..,..,..,..,..,..,..,..,..,..,..,..,..,..,..,..,..,..,..,..,..,..,..,..,..,..,..
Tonga,TON,"Net financial flows, IMF concessional (NFL, current US$)",DT.NFL.IMFC.CD,..,..,..,..,..,..,..,..,..,..,..,..,..,..,..,..,..,..,..,..,..,..,..,..,..,..,..,..,..,..,..,..,..,..,..,..
Trinidad and Tobago,TTO,"Net financial flows, IMF concessional (NFL, current US$)",DT.NFL.IMFC.CD,..,..,..,..,..,..,..,..,..,..,..,..,..,..,..,..,..,..,..,..,..,..,..,..,..,..,..,..,..,..,..,..,..,..,..,..
Tunisia,TUN,"Net financial flows, IMF concessional (NFL, current US$)",DT.NFL.IMFC.CD,..,..,..,..,..,..,..,..,..,..,..,..,..,..,..,..,..,..,..,..,..,..,..,..,..,..,..,..,..,..,..,..,..,..,..,..
Turkiye,TUR,"Net financial flows, IMF concessional (NFL, current US$)",DT.NFL.IMFC.CD,..,..,..,..,..,..,..,..,..,..,..,..,..,..,..,..,..,..,..,..,..,..,..,..,..,..,..,..,..,..,..,..,..,..,..,..
Turkmenistan,TKM,"Net financial flows, IMF concessional (NFL, current US$)",DT.NFL.IMFC.CD,..,..,..,..,..,..,..,..,..,..,..,..,..,..,..,..,..,..,..,..,..,..,..,..,..,..,..,..,..,..,..,..,..,..,..,..
Turks and Caicos Islands,TCA,"Net financial flows, IMF concessional (NFL, current US$)",DT.NFL.IMFC.CD,..,..,..,..,..,..,..,..,..,..,..,..,..,..,..,..,..,..,..,..,..,..,..,..,..,..,..,..,..,..,..,..,..,..,..,..
Tuvalu,TUV,"Net financial flows, IMF concessional (NFL, current US$)",DT.NFL.IMFC.CD,..,..,..,..,..,..,..,..,..,..,..,..,..,..,..,..,..,..,..,..,..,..,..,..,..,..,..,..,..,..,..,..,..,..,..,..
Uganda,UGA,"Net financial flows, IMF concessional (NFL, current US$)",DT.NFL.IMFC.CD,..,..,..,..,..,..,..,..,..,..,..,..,..,..,..,..,..,..,..,..,..,..,..,..,..,..,..,..,..,..,..,..,..,..,..,..
Ukraine,UKR,"Net financial flows, IMF concessional (NFL, current US$)",DT.NFL.IMFC.CD,..,..,..,..,..,..,..,..,..,..,..,..,..,..,..,..,..,..,..,..,..,..,..,..,..,..,..,..,..,..,..,..,..,..,..,..
United Arab Emirates,ARE,"Net financial flows, IMF concessional (NFL, current US$)",DT.NFL.IMFC.CD,..,..,..,..,..,..,..,..,..,..,..,..,..,..,..,..,..,..,..,..,..,..,..,..,..,..,..,..,..,..,..,..,..,..,..,..
United Kingdom,GBR,"Net financial flows, IMF concessional (NFL, current US$)",DT.NFL.IMFC.CD,..,..,..,..,..,..,..,..,..,..,..,..,..,..,..,..,..,..,..,..,..,..,..,..,..,..,..,..,..,..,..,..,..,..,..,..
United States,USA,"Net financial flows, IMF concessional (NFL, current US$)",DT.NFL.IMFC.CD,..,..,..,..,..,..,..,..,..,..,..,..,..,..,..,..,..,..,..,..,..,..,..,..,..,..,..,..,..,..,..,..,..,..,..,..
Upper middle income,UMC,"Net financial flows, IMF concessional (NFL, current US$)",DT.NFL.IMFC.CD,-787432.7,-577527,13198699.3,4242240.4,-764721.4,-2034615.5,-9092529.6,3638382,-1382556.3,-35552.2,..,-5618157.2,-5714250.3,3298370.4,441218833.5,3533797.3,6999485.5,-451100523.1,3849139.7,6163760,1177472099.3,465966671.4,-614216.4,-173657000.2,-688390174.1,765553426.5,1369879044.1,887104912.8,-165548080.5,-715537850.4,-1031992509,-1048947660,-360989748,-113783712.9,-154252651,..
Uruguay,URY,"Net financial flows, IMF concessional (NFL, current US$)",DT.NFL.IMFC.CD,..,..,..,..,..,..,..,..,..,..,..,..,..,..,..,..,..,..,..,..,..,..,..,..,..,..,..,..,..,..,..,..,..,..,..,..
Uzbekistan,UZB,"Net financial flows, IMF concessional (NFL, current US$)",DT.NFL.IMFC.CD,..,..,..,..,..,..,..,..,..,..,..,..,..,..,..,..,..,..,..,..,..,..,..,..,..,..,..,..,..,..,..,..,..,..,..,..
Vanuatu,VUT,"Net financial flows, IMF concessional (NFL, current US$)",DT.NFL.IMFC.CD,..,..,..,..,..,..,..,..,..,..,..,..,..,..,..,..,..,..,..,..,..,..,..,..,..,..,..,..,..,..,..,..,..,..,..,..
"Venezuela, RB",VEN,"Net financial flows, IMF concessional (NFL, current US$)",DT.NFL.IMFC.CD,..,..,..,..,..,..,..,..,..,..,..,..,..,..,..,..,..,..,..,..,..,..,..,..,..,..,..,..,..,..,..,..,..,..,..,..
Viet Nam,VNM,"Net financial flows, IMF concessional (NFL, current US$)",DT.NFL.IMFC.CD,..,..,..,..,..,..,..,..,..,..,..,..,..,..,..,..,..,..,..,..,..,..,..,..,..,..,..,..,..,..,..,..,..,..,..,..
Virgin Islands (U.S.),VIR,"Net financial flows, IMF concessional (NFL, current US$)",DT.NFL.IMFC.CD,..,..,..,..,..,..,..,..,..,..,..,..,..,..,..,..,..,..,..,..,..,..,..,..,..,..,..,..,..,..,..,..,..,..,..,..
West Bank and Gaza,PSE,"Net financial flows, IMF concessional (NFL, current US$)",DT.NFL.IMFC.CD,..,..,..,..,..,..,..,..,..,..,..,..,..,..,..,..,..,..,..,..,..,..,..,..,..,..,..,..,..,..,..,..,..,..,..,..
World,WLD,"Net financial flows, IMF concessional (NFL, current US$)",DT.NFL.IMFC.CD,..,..,..,..,..,..,..,..,..,..,..,..,..,..,..,..,..,..,..,..,..,..,..,..,..,..,..,..,..,..,..,..,..,..,..,..
"Yemen, Rep.",YEM,"Net financial flows, IMF concessional (NFL, current US$)",DT.NFL.IMFC.CD,..,..,..,..,..,..,..,..,..,..,..,..,..,..,..,..,..,..,..,..,..,..,..,..,..,..,..,..,..,..,..,..,..,..,..,..
Zambia,ZMB,"Net financial flows, IMF concessional (NFL, current US$)",DT.NFL.IMFC.CD,..,..,..,..,..,..,..,..,..,..,..,..,..,..,..,..,..,..,..,..,..,..,..,..,..,..,..,..,..,..,..,..,..,..,..,..
Zimbabwe,ZWE,"Net financial flows, IMF concessional (NFL, current US$)",DT.NFL.IMFC.CD,..,..,..,..,..,..,..,..,..,..,..,..,..,..,..,..,..,..,..,..,..,..,..,..,..,..,..,..,..,..,..,..,..,..,..,..
,,,,,,,,,,,,,,,,,,,,,,,,,,,,,,,,,,,,,,,
,,,,,,,,,,,,,,,,,,,,,,,,,,,,,,,,,,,,,,,
,,,,,,,,,,,,,,,,,,,,,,,,,,,,,,,,,,,,,,,
Data from database: World Development Indicators,,,,,,,,,,,,,,,,,,,,,,,,,,,,,,,,,,,,,,,
Last Updated: 07/13/2026,,,,,,,,,,,,,,,,,,,,,,,,,,,,,,,,,,,,,,,
