Series Name,Series Code,Country Name,Country Code,1990 [YR1990],1991 [YR1991],1992 [YR1992],1993 [YR1993],1994 [YR1994],1995 [YR1995],1996 [YR1996],1997 [YR1997],1998 [YR1998],1999 [YR1999],2000 [YR2000],2001 [YR2001],2002 [YR2002],2003 [YR2003],2004 [YR2004],2005 [YR2005],2006 [YR2006],2007 [YR2007],2008 [YR2008],2009 [YR2009],2010 [YR2010],2011 [YR2011],2012 [YR2012],2013 [YR2013],2014 [YR2014],2015 [YR2015],2016 [YR2016],2017 [YR2017],2018 [YR2018],2019 [YR2019],2020 [YR2020],2021 [YR2021],2022 [YR2022],2023 [YR2023],2024 [YR2024],2025 [YR2025]
"Use of IMF credit (DOD, current US$)",DT.DOD.DIMF.CD,Africa Eastern and Southern,AFE,..,..,..,..,..,..,..,..,..,..,..,..,..,..,..,..,..,..,..,..,..,..,..,..,..,..,..,..,..,..,..,..,..,..,..,..
"Use of IMF credit (DOD, current US$)",DT.DOD.DIMF.CD,Africa Western and Central,AFW,..,..,..,..,..,..,..,..,..,..,..,..,..,..,..,..,..,..,..,..,..,..,..,..,..,..,..,..,..,..,..,..,..,..,..,..
"Use of IMF credit (DOD, current US$)",DT.DOD.DIMF.CD,Arab World,ARB,..,..,..,..,..,..,..,..,..,..,..,..,..,..,..,..,..,..,..,..,..,..,..,..,..,..,..,..,..,..,..,..,..,..,..,..
"Use of IMF credit (DOD, current US$)",DT.DOD.DIMF.CD,Caribbean small states,CSS,..,..,..,..,..,..,..,..,..,..,..,..,..,..,..,..,..,..,..,..,..,..,..,..,..,..,..,..,..,..,..,..,..,..,..,..
"Use of IMF credit (DOD, current US$)",DT.DOD.DIMF.CD,Central Europe and the Baltics,CEB,..,..,..,..,..,..,..,..,..,..,..,..,..,..,..,..,..,..,..,..,..,..,..,..,..,..,..,..,..,..,..,..,..,..,..,..
"Use of IMF credit (DOD, current US$)",DT.DOD.DIMF.CD,Early-demographic dividend,EAR,..,..,..,..,..,..,..,..,..,..,..,..,..,..,..,..,..,..,..,..,..,..,..,..,..,..,..,..,..,..,..,..,..,..,..,..
"Use of IMF credit (DOD, current US$)",DT.DOD.DIMF.CD,East Asia & Pacific,EAS,..,..,..,..,..,..,..,..,..,..,..,..,..,..,..,..,..,..,..,..,..,..,..,..,..,..,..,..,..,..,..,..,..,..,..,..
"Use of IMF credit (DOD, current US$)",DT.DOD.DIMF.CD,East Asia & Pacific (excluding high income),EAP,2084895426.1,1478947381.2,1319418375,1429869042,1493404604.9,1336711277.8,1174823409.2,6932952258.1,14510875915.4,17266964551.1,17601893334.4,14492879371.9,12817628051.4,13442173862.9,12334431033.3,9806205829.5,1566655166.6,1609601653.8,1521520381.2,18724974854.7,18379302751.1,18291677628.9,18272335577.2,18222721899.3,17084246563.4,16357094455.3,15863536883,16919067875.8,16616209675.8,16509911402.6,18078235383.2,75459928928.6,71734572526.4,72369544100.8,70302728771.4,..
"Use of IMF credit (DOD, current US$)",DT.DOD.DIMF.CD,East Asia & Pacific (IDA & IBRD countries),TEA,..,..,..,..,..,..,..,..,..,..,..,..,..,..,..,..,..,..,..,..,..,..,..,..,..,..,..,..,..,..,..,..,..,..,..,..
"Use of IMF credit (DOD, current US$)",DT.DOD.DIMF.CD,Euro area,EMU,..,..,..,..,..,..,..,..,..,..,..,..,..,..,..,..,..,..,..,..,..,..,..,..,..,..,..,..,..,..,..,..,..,..,..,..
"Use of IMF credit (DOD, current US$)",DT.DOD.DIMF.CD,Europe & Central Asia,ECS,..,..,..,..,..,..,..,..,..,..,..,..,..,..,..,..,..,..,..,..,..,..,..,..,..,..,..,..,..,..,..,..,..,..,..,..
"Use of IMF credit (DOD, current US$)",DT.DOD.DIMF.CD,Europe & Central Asia (excluding high income),ECA,466552811,307310732.1,209202125,467835893.1,1593912354.5,3993971227.2,5126676926.5,5328833029.7,5900368158,10881520584.6,12524005613.8,22125362066.9,30703792082.2,33390902925.4,30722885658.1,22676837315.3,17683014919,13844057669.6,19493598024.7,33232465544.6,35989220500.4,33694514588.2,27650360650.5,18016250776.8,15627584668.4,19693831143.1,20127597249.1,21364428829.6,19914243792.3,17961643184,22126153114.8,36705144766.8,36761126851.9,38840191053.5,40114316529.1,..
"Use of IMF credit (DOD, current US$)",DT.DOD.DIMF.CD,Europe & Central Asia (IDA & IBRD countries),TEC,..,..,..,..,..,..,..,..,..,..,..,..,..,..,..,..,..,..,..,..,..,..,..,..,..,..,..,..,..,..,..,..,..,..,..,..
"Use of IMF credit (DOD, current US$)",DT.DOD.DIMF.CD,European Union,EUU,..,..,..,..,..,..,..,..,..,..,..,..,..,..,..,..,..,..,..,..,..,..,..,..,..,..,..,..,..,..,..,..,..,..,..,..
"Use of IMF credit (DOD, current US$)",DT.DOD.DIMF.CD,Heavily indebted poor countries (HIPC),HPC,..,..,..,..,..,..,..,..,..,..,..,..,..,..,..,..,..,..,..,..,..,..,..,..,..,..,..,..,..,..,..,..,..,..,..,..
"Use of IMF credit (DOD, current US$)",DT.DOD.DIMF.CD,High income,HIC,..,..,..,..,..,..,..,..,..,..,..,..,..,..,..,..,..,..,..,..,..,..,..,..,..,..,..,..,..,..,..,..,..,..,..,..
"Use of IMF credit (DOD, current US$)",DT.DOD.DIMF.CD,IBRD only,IBD,..,..,..,..,..,..,..,..,..,..,..,..,..,..,..,..,..,..,..,..,..,..,..,..,..,..,..,..,..,..,..,..,..,..,..,..
"Use of IMF credit (DOD, current US$)",DT.DOD.DIMF.CD,IDA & IBRD total,IBT,..,..,..,..,..,..,..,..,..,..,..,..,..,..,..,..,..,..,..,..,..,..,..,..,..,..,..,..,..,..,..,..,..,..,..,..
"Use of IMF credit (DOD, current US$)",DT.DOD.DIMF.CD,IDA blend,IDB,..,..,..,..,..,..,..,..,..,..,..,..,..,..,..,..,..,..,..,..,..,..,..,..,..,..,..,..,..,..,..,..,..,..,..,..
"Use of IMF credit (DOD, current US$)",DT.DOD.DIMF.CD,IDA only,IDX,7112798892.6,7304066800.7,7195709047.7,7151845924.2,7938006921.2,8603428216.8,8325187421.4,7757270443.9,8386498294.3,10153916021.3,9405619671.8,8989900977.7,9781626013.4,10253404418.1,10428463568,9163699962.4,6253839697.8,6538949264.5,7247558082.7,17780257234.2,17418771572.1,18416663084.5,20007777411.1,20174529912.1,18627605208.2,17893217438.1,17415509585.7,18854933123,18808571354.9,19651947532.8,30122120676.3,50267274875.7,49210540522.2,54489053754.8,..,..
"Use of IMF credit (DOD, current US$)",DT.DOD.DIMF.CD,IDA total,IDA,..,..,..,..,..,..,..,..,..,..,..,..,..,..,..,..,..,..,..,..,..,..,..,..,..,..,..,..,..,..,..,..,..,..,..,..
"Use of IMF credit (DOD, current US$)",DT.DOD.DIMF.CD,Late-demographic dividend,LTE,..,..,..,..,..,..,..,..,..,..,..,..,..,..,..,..,..,..,..,..,..,..,..,..,..,..,..,..,..,..,..,..,..,..,..,..
"Use of IMF credit (DOD, current US$)",DT.DOD.DIMF.CD,Latin America & Caribbean,LCN,..,..,..,..,..,..,..,..,..,..,..,..,..,..,..,..,..,..,..,..,..,..,..,..,..,..,..,..,..,..,..,..,..,..,..,..
"Use of IMF credit (DOD, current US$)",DT.DOD.DIMF.CD,Latin America & Caribbean (excluding high income),LAC,13302580576.2,12259548551.8,10727501047.7,10484710854.3,10362350541.8,24065634204.5,21353654581.6,16642429530.5,20249118938.6,21303558856.1,10175771589,25428242798.4,38334545650,47357441394.4,42750894799.3,12777625442.4,2849211588.8,3033106792.6,3003019707.4,18370858779.9,19091249743.8,19281397204,19188761456,19009199766.5,17315261679.1,16201970682.8,16155495658.5,17051190213.5,44675240339,61805615408.3,77033519680.7,111908330840.5,114502246837.5,110165490012.7,106372628146.6,..
"Use of IMF credit (DOD, current US$)",DT.DOD.DIMF.CD,Latin America & the Caribbean (IDA & IBRD countries),TLA,..,..,..,..,..,..,..,..,..,..,..,..,..,..,..,..,..,..,..,..,..,..,..,..,..,..,..,..,..,..,..,..,..,..,..,..
"Use of IMF credit (DOD, current US$)",DT.DOD.DIMF.CD,Least developed countries: UN classification,LDC,..,..,..,..,..,..,..,..,..,..,..,..,..,..,..,..,..,..,..,..,..,..,..,..,..,..,..,..,..,..,..,..,..,..,..,..
"Use of IMF credit (DOD, current US$)",DT.DOD.DIMF.CD,Low & middle income,LMY,28951999914,28517501858.6,27514492422.7,27978340182,30228547834.2,45521402107.3,42674191583.6,41940411564.6,53462341036.6,66347286020.4,55820088085.5,77055217127.9,98010576228.8,110782768389.5,102461738558.8,59131052012.7,33333263808.1,29699742701.3,38717820203.4,119189615237.8,124460517750.1,123862559867.3,117545249623.1,105852511088.7,97627493650.4,100470967316.5,103762691328.4,114457994157.1,141978844575.8,162083364224.2,214561887928.8,386066745268.9,380162985481.8,380535446005.7,371242832843.3,..
"Use of IMF credit (DOD, current US$)",DT.DOD.DIMF.CD,Low income,LIC,3088849516.3,3101033606.9,3058132000,3051334588,3450388942.2,3561801013.5,3554900337.8,3507224152.4,3722455463.6,4472859810,4160764386.8,4057136142.2,4526006035.4,4888495957.8,5024291115.9,4469096603.1,3369222042.8,3404708039.5,3910101078.2,8047023715.8,6940405852.7,7159312908,7423909024.9,7490413128,7244646665.3,7142285430,7106912016.1,7751468638.3,7781775067.3,8486598345.7,12913490274.4,22691743656.2,22501783995.9,23339378001.7,24558744744,..
"Use of IMF credit (DOD, current US$)",DT.DOD.DIMF.CD,Lower middle income,LMC,10624103027.5,11887103187.3,13044685422.7,13039021400.4,13157731087.3,12081599301.7,10347400675.2,9234031270.6,10062957989,14005348050.6,13214528743.8,12981978181,13584471507.5,13586077259,12866998577.7,10633560041.3,8003943071.8,8433215748.3,11451247822.8,36347079229.6,38383507890.9,39345455971.2,38961768100.5,37229366722.8,35519934365.4,35801987865.5,38217149401.6,43604244197.9,45272812017.2,50131313701.1,76068711201,125881051357.3,121996893518.1,123789057780.4,120194592903.9,..
"Use of IMF credit (DOD, current US$)",DT.DOD.DIMF.CD,"Middle East, North Africa, Afghanistan & Pakistan",MEA,..,..,..,..,..,..,..,..,..,..,..,..,..,..,..,..,..,..,..,..,..,..,..,..,..,..,..,..,..,..,..,..,..,..,..,..
"Use of IMF credit (DOD, current US$)",DT.DOD.DIMF.CD,"Middle East, North Africa, Afghanistan & Pakistan (excluding high income)",MNA,2650220675.5,3117121653.6,2965304375,2445005392.2,3503723100.3,3790003986.7,4147414643.3,4154851989.5,4314095603,5951654754.7,5350446819.7,5380622888.3,5584966619.7,5397447223.9,5239602599.2,3866864258.2,3808304353.6,3341930083.1,6211052520,19588532070.9,21813446332.9,21897223797.7,20104320916.5,18162706476.2,17976694522.3,20240561442.6,24582025746.5,29730170711,30366748955.1,33914367143.1,45780624068.5,63651389166.8,61043356228.2,58303943166.7,53167709105,..
"Use of IMF credit (DOD, current US$)",DT.DOD.DIMF.CD,"Middle East, North Africa, Afghanistan & Pakistan (IDA & IBRD)",TMN,..,..,..,..,..,..,..,..,..,..,..,..,..,..,..,..,..,..,..,..,..,..,..,..,..,..,..,..,..,..,..,..,..,..,..,..
"Use of IMF credit (DOD, current US$)",DT.DOD.DIMF.CD,Middle income,MIC,25863150397.7,25416468251.7,24456360422.7,24927005594,26778158892,41959601093.8,39119291245.8,38433187412.2,49739885573,61874426210.4,51659323698.7,72998080985.7,93484570193.4,105894272431.7,97437447442.9,54661955409.6,29964041765.3,26295034661.8,34807719125.2,111142591522,117520111897.4,116703246959.3,110121340598.2,98362097960.7,90382846985.1,93328681886.5,96655779312.3,106706525518.8,134197069508.5,153596765878.5,201648397654.4,363375001612.7,357661201485.9,357196068004,346684088099.3,..
"Use of IMF credit (DOD, current US$)",DT.DOD.DIMF.CD,North America,NAC,..,..,..,..,..,..,..,..,..,..,..,..,..,..,..,..,..,..,..,..,..,..,..,..,..,..,..,..,..,..,..,..,..,..,..,..
"Use of IMF credit (DOD, current US$)",DT.DOD.DIMF.CD,Not classified,INX,..,..,..,..,..,..,..,..,..,..,..,..,..,..,..,..,..,..,..,..,..,..,..,..,..,..,..,..,..,..,..,..,..,..,..,..
"Use of IMF credit (DOD, current US$)",DT.DOD.DIMF.CD,OECD members,OED,..,..,..,..,..,..,..,..,..,..,..,..,..,..,..,..,..,..,..,..,..,..,..,..,..,..,..,..,..,..,..,..,..,..,..,..
"Use of IMF credit (DOD, current US$)",DT.DOD.DIMF.CD,Other small states,OSS,..,..,..,..,..,..,..,..,..,..,..,..,..,..,..,..,..,..,..,..,..,..,..,..,..,..,..,..,..,..,..,..,..,..,..,..
"Use of IMF credit (DOD, current US$)",DT.DOD.DIMF.CD,Pacific island small states,PSS,..,..,..,..,..,..,..,..,..,..,..,..,..,..,..,..,..,..,..,..,..,..,..,..,..,..,..,..,..,..,..,..,..,..,..,..
"Use of IMF credit (DOD, current US$)",DT.DOD.DIMF.CD,Post-demographic dividend,PST,..,..,..,..,..,..,..,..,..,..,..,..,..,..,..,..,..,..,..,..,..,..,..,..,..,..,..,..,..,..,..,..,..,..,..,..
"Use of IMF credit (DOD, current US$)",DT.DOD.DIMF.CD,Pre-demographic dividend,PRE,..,..,..,..,..,..,..,..,..,..,..,..,..,..,..,..,..,..,..,..,..,..,..,..,..,..,..,..,..,..,..,..,..,..,..,..
"Use of IMF credit (DOD, current US$)",DT.DOD.DIMF.CD,Small states,SST,..,..,..,..,..,..,..,..,..,..,..,..,..,..,..,..,..,..,..,..,..,..,..,..,..,..,..,..,..,..,..,..,..,..,..,..
"Use of IMF credit (DOD, current US$)",DT.DOD.DIMF.CD,South Asia,SAS,3850676832.8,4764587999.7,5960948125,6148746618.4,5375177748.3,3680581970.6,2447803407.7,1506463214.9,1111179285.3,1736692687.7,1448587926.8,1393072213.1,1490401890.5,1687147546.2,1810124257.6,1878704897.8,1993774793.9,2122640253.7,2188080856.8,9265600812,9705290146.1,9954489086.9,10685817752.2,10507934371.4,9243263056.6,8580784628.4,8170922372.8,8808284473.7,8789940404.7,8945090761.8,10185826318.1,29718895776.5,28061689932,29821146054.2,29987742438.6,..
"Use of IMF credit (DOD, current US$)",DT.DOD.DIMF.CD,South Asia (IDA & IBRD),TSA,..,..,..,..,..,..,..,..,..,..,..,..,..,..,..,..,..,..,..,..,..,..,..,..,..,..,..,..,..,..,..,..,..,..,..,..
"Use of IMF credit (DOD, current US$)",DT.DOD.DIMF.CD,Sub-Saharan Africa,SSF,..,..,..,..,..,..,..,..,..,..,..,..,..,..,..,..,..,..,..,..,..,..,..,..,..,..,..,..,..,..,..,..,..,..,..,..
"Use of IMF credit (DOD, current US$)",DT.DOD.DIMF.CD,Sub-Saharan Africa (excluding high income),SSA,6597073592.4,6589985540.2,6332118375,7002172382,7899979484.4,8654499440.5,8423818615.3,7374881541.9,7376703136.3,9206894586.2,8719382801.8,8235037789.3,9079241935,9507655436.7,9603800211.3,8124814269.5,5432302986.2,5748406248.5,6300548713.3,20007183175.7,19482008275.8,20743257561.6,21643653270.7,21933697798.5,20380443160.6,19396724964.3,18863113418.5,20584852053.5,21616461408.9,22946736324.4,41357529363.5,68623055789.7,68059993105.8,71035131617.8,71297707852.6,..
"Use of IMF credit (DOD, current US$)",DT.DOD.DIMF.CD,Sub-Saharan Africa (IDA & IBRD countries),TSS,..,..,..,..,..,..,..,..,..,..,..,..,..,..,..,..,..,..,..,..,..,..,..,..,..,..,..,..,..,..,..,..,..,..,..,..
"Use of IMF credit (DOD, current US$)",DT.DOD.DIMF.CD,Upper middle income,UMC,15239047370.2,13529365064.4,11411675000,11887984193.6,13620427804.7,29878001792.1,28771890570.6,29199156141.6,39676927584,47869078159.8,38444794954.9,60016102804.7,79900098685.8999,92308195172.7,84570448865.2,44028395368.3,21960098693.5,17861818913.5,23356471302.4,74795512292.4,79136604006.5,77357790988.1,71159572497.7,61132731237.9,54862912619.7,57526694021,58438629910.7,63102281320.9,88924257491.3,103465452177.4,125579686453.4,237493950255.4,235664307967.8,233407010223.6,226489495195.4,..
"Use of IMF credit (DOD, current US$)",DT.DOD.DIMF.CD,World,WLD,..,..,..,..,..,..,..,..,..,..,..,..,..,..,..,..,..,..,..,..,..,..,..,..,..,..,..,..,..,..,..,..,..,..,..,..
"Use of IMF credit (DOD, current US$)",DT.DOD.DIMF.CD,Afghanistan,AFG,..,..,..,..,..,..,..,..,..,..,..,..,..,..,..,..,40171993.2,98770365.8,131081597.8,352752616.2,355229891.1,372555169.2,387633123.4,375643168.3,334839124.6,300161714.8,276984771.4,284853905.2,274596496.6,276923268.4,628740557.2,1185327218,1122111569.9,1127013175.2,1089028054.5,..
"Use of IMF credit (DOD, current US$)",DT.DOD.DIMF.CD,Albania,ALB,..,..,13321000,29662027.2,54196929.5,64519612.4,54212531.1,54973840.3,64445534.6,144308798.7,148425240.2,141638824.6,144218235.1,159415248,169099897.6,158243429,162459042.7,163478853.7,152026589.8,144309407.5,129370620.5,117241292.8,107036111.5,96755468.2,150856823.2,243583720.9,387084198.2,488777110.1,470321203.4,447707759.2,627019436.4,733945608.9,632366386.6,524728311.9,360122432.1,..
"Use of IMF credit (DOD, current US$)",DT.DOD.DIMF.CD,Algeria,DZA,669930594,995436275,794990625,470753334.5,1158785097.7,1477675125.4,2031176058.9,2017823552.4,2010716168.3,2082628769.3,1885510115.2,1679854653.5,1505040301.8,1178931448.8,842694286.2,183861292.8,193526016,203283360,198140332.8,1878382595.6,1845240799.3,1839537438.9,1841514311.8,1845203857.4,1735936449.6,1660361592.5,1610758149.3,1706376276.2,1666425596.1,1656880871,1725708072,4306075776.8,4094555118.9,4127862452,4012380150,..
"Use of IMF credit (DOD, current US$)",DT.DOD.DIMF.CD,American Samoa,ASM,..,..,..,..,..,..,..,..,..,..,..,..,..,..,..,..,..,..,..,..,..,..,..,..,..,..,..,..,..,..,..,..,..,..,..,..
"Use of IMF credit (DOD, current US$)",DT.DOD.DIMF.CD,Andorra,AND,..,..,..,..,..,..,..,..,..,..,..,..,..,..,..,..,..,..,..,..,..,..,..,..,..,..,..,..,..,..,..,..,..,..,..,..
"Use of IMF credit (DOD, current US$)",DT.DOD.DIMF.CD,Angola,AGO,..,..,..,..,..,..,..,..,..,374707057.4,355705668.9,343098130.6,371160687.2,405682628,423985126.3,390203038.9,410714177,431421881.2,420506996.4,787056610.5,1302262652.3,1605921015.9,1739652880.5,1478597285.6,914027909.7,532051255.4,395881505.2,388801462.9,1374114587.4,1861295679.9,2992458754.3,5872361240.8,5583902379.9,5449429790.4,5063751317.2,..
"Use of IMF credit (DOD, current US$)",DT.DOD.DIMF.CD,Antigua and Barbuda,ATG,..,..,..,..,..,..,..,..,..,..,..,..,..,..,..,..,..,..,..,..,..,..,..,..,..,..,..,..,..,..,..,..,..,..,..,..
"Use of IMF credit (DOD, current US$)",DT.DOD.DIMF.CD,Argentina,ARG,3083195865.3,2483115001.4,2313851375,3519667710,4211220402.2,6130863050.9,6292570603.8,5868261813.9,5442162800.7,4914919735.8,5470438316.2,14376331416.7,14772334953.9,15995776074,14584967621.2,9967870477.7,478955828,503104192.5,490375759.9,3166796444.9,3110922139.6,3101306749.4,3104639592.3,3110859858.5,2926644103.9,2799231196.7,2715603927.6,2876808116.4,30922512047.7,46924457621.2,48873710059.5,48055342739.5,52289985533.7,47612397026.8,47176971069,..
"Use of IMF credit (DOD, current US$)",DT.DOD.DIMF.CD,Armenia,ARM,..,..,..,..,24634968,70236653,116474762.4,132057839.8,190440286.1,321997230.2,290095073,283191109.6,314425243.5,345387958.3,354276770.7,302158624.8,296042841,296948979.4,270293755.8,724646923.3,876270384.8,962546214.6,911323809.1,720310985.9,569570168.5,536256947.7,527768516.8,529508773.4,450596997.3,374965602.2,645508162.7,734925324.6,757666658.2,669625942.5,483244478.3,..
"Use of IMF credit (DOD, current US$)",DT.DOD.DIMF.CD,Aruba,ABW,..,..,..,..,..,..,..,..,..,..,..,..,..,..,..,..,..,..,..,..,..,..,..,..,..,..,..,..,..,..,..,..,..,..,..,..
"Use of IMF credit (DOD, current US$)",DT.DOD.DIMF.CD,Australia,AUS,..,..,..,..,..,..,..,..,..,..,..,..,..,..,..,..,..,..,..,..,..,..,..,..,..,..,..,..,..,..,..,..,..,..,..,..
"Use of IMF credit (DOD, current US$)",DT.DOD.DIMF.CD,Austria,AUT,..,..,..,..,..,..,..,..,..,..,..,..,..,..,..,..,..,..,..,..,..,..,..,..,..,..,..,..,..,..,..,..,..,..,..,..
"Use of IMF credit (DOD, current US$)",DT.DOD.DIMF.CD,Azerbaijan,AZE,..,..,..,..,..,100873212.2,174970976.3,266787194.4,321227971.7,618051142.8,535896290,488207206.5,487639730.2,487459411.6,446885181.2,383127572.2,365276173,345670553.7,315789574.8,302558244.1,282350979.1,264679350.5,251858474.3,242453187.9,224366292.7,212814959.2,206457094.3,218712839,213592206,212368821.7,221190669.9,740389339,704020345.9,709747229.5,689891130.8,..
"Use of IMF credit (DOD, current US$)",DT.DOD.DIMF.CD,"Bahamas, The",BHS,..,..,..,..,..,..,..,..,..,..,..,..,..,..,..,..,..,..,..,..,..,..,..,..,..,..,..,..,..,..,..,..,..,..,..,..
"Use of IMF credit (DOD, current US$)",DT.DOD.DIMF.CD,Bahrain,BHR,..,..,..,..,..,..,..,..,..,..,..,..,..,..,..,..,..,..,..,..,..,..,..,..,..,..,..,..,..,..,..,..,..,..,..,..
"Use of IMF credit (DOD, current US$)",DT.DOD.DIMF.CD,Bangladesh,BGD,625539334,726998910.2,732446000,682315906,669149963.4,621529717,516487921,372299890.4,421607840.8,382495194,277106807.6,207825440.2,134671332.2,143574421.4,303801369.2,375756512.3,547377444.4,574975542.8,758159400.8,1474663255.1,1402905708.8,1270812046.2,1212874143.2,1496418711.9,1469998145.5,1612750661.3,1546472204.6,1625254742,1536342079.1,1413763539.6,2108913101.4,3301006447.9,2980685464.4,3932112861.3,4667059645.9,..
"Use of IMF credit (DOD, current US$)",DT.DOD.DIMF.CD,Barbados,BRB,..,..,..,..,..,..,..,..,..,..,..,..,..,..,..,..,..,..,..,..,..,..,..,..,..,..,..,..,..,..,..,..,..,..,..,..
"Use of IMF credit (DOD, current US$)",DT.DOD.DIMF.CD,Belarus,BLR,..,..,..,96286552.6,102335481.8,282730400.1,273499997.4,256627342.2,242557109.7,684039169.3,594476894.3,544040401.3,556771810.3,573834923.4,581579849,526891208.2,554588904.6,582550596,567812185.7,3449281044.1,4062846436.5,4050288792.1,3587944982.8,1931908288.4,613402315.8,510841263.2,495579837.2,524998540.3,512706967.2,509770354.2,530946328.4,1430148370.9,1359897418.6,1370959562.1,1332605191.5,..
"Use of IMF credit (DOD, current US$)",DT.DOD.DIMF.CD,Belgium,BEL,..,..,..,..,..,..,..,..,..,..,..,..,..,..,..,..,..,..,..,..,..,..,..,..,..,..,..,..,..,..,..,..,..,..,..,..
"Use of IMF credit (DOD, current US$)",DT.DOD.DIMF.CD,Belize,BLZ,421107.4,0,..,..,..,..,..,..,..,24560043.1,23314603.8,22488247.1,24327597.6,26590326.1,27789957,25575721.8,26920117.2,28277396.5,27561984.1,35420787.6,34795830.5,34688281.9,32017507,28462657.3,25924917.1,24796263,24055472.5,25483458,24886824.3,24744281,25772163.9,60861338,57871741.3,58342501.4,56710294.3,..
"Use of IMF credit (DOD, current US$)",DT.DOD.DIMF.CD,Benin,BEN,8975561.9,22386230.4,21518750,42992426.5,71231918.6,84138307.6,99132964.4,94906242.1,93532619,105058775,96163878.4,88645964,86048099.4,87100131.5,79900811.5,66245235.2,16802643.6,19040432.3,36934134.3,131587397.8,145620815.4,177478945.3,209606869.8,225417577,220267623.3,202341607.5,186958906.4,226384650.1,244566525.1,266700038.9,562509811.8,699330854.2,944060643.8,1141974132.6,1182098926.5,..
"Use of IMF credit (DOD, current US$)",DT.DOD.DIMF.CD,Bermuda,BMU,..,..,..,..,..,..,..,..,..,..,..,..,..,..,..,..,..,..,..,..,..,..,..,..,..,..,..,..,..,..,..,..,..,..,..,..
"Use of IMF credit (DOD, current US$)",DT.DOD.DIMF.CD,Bhutan,BTN,..,..,..,..,..,..,..,..,..,8220596.2,7803729.9,7527136.6,8142793.4,8900160.8,9301694.4,8560558.4,9010546.6,9464847.3,9225388.6,9389619.7,9223951.2,9195441.3,9205323.3,9223766.5,8676893.3,8299140.4,8051202.9,8529139.9,8329450.7,8281742.4,8625767.8,35748425.8,33992411.5,34268924.2,33310206.7,..
"Use of IMF credit (DOD, current US$)",DT.DOD.DIMF.CD,Bolivia,BOL,257044786.1,244796647.4,249077125,220509941.1,263552551.5,267762932.2,276121398.6,248140560,264183043,283651143.6,254673303.1,240714064.2,231620062.9,318333409.2,348459724.7,281990683.2,54704497.2,42197415.8,41129829.8,257306771.9,252766904.2,251985639.9,252256438.2,252761843.7,237793817.7,227441345.5,220646516,233744575.8,228272011,226964545.7,582201162.3,551798268.1,524693140.7,528961279.4,514162902.1,..
"Use of IMF credit (DOD, current US$)",DT.DOD.DIMF.CD,Bosnia and Herzegovina,BIH,..,..,..,28211547.8,29983858.2,48263357.7,44609834,40882273.8,76793958,122017854.3,131478279.3,136784066.6,167058160.2,164351628.4,140554008.4,91232093.5,51121395.5,34735873.5,31548198.3,538526947.6,768607756,766232105.6,887905090.6,848017825.5,892123426.6,799975334,770392168.5,591860218.3,466290689.4,397854131.2,796340277.8,1114810082.1,1038951135.4,930090965.2,703575415.5,..
"Use of IMF credit (DOD, current US$)",DT.DOD.DIMF.CD,Botswana,BWA,..,..,..,..,..,..,..,..,..,5982771,5679384.7,5478086.1,5926147.7,6477343.2,6769570.6,6230187.9,6557679.6,6888309.8,6714036.9,90035722.6,88447150.8,88173774,88268530.6,88445380.1,83207770.2,79585278.6,77207661.6,81790877.3,79875941.4,79418438.9,82717498.5,344914505.8,327971807.4,330639708.1,321389633.7,..
"Use of IMF credit (DOD, current US$)",DT.DOD.DIMF.CD,Brazil,BRA,1820549548.8,1237526548.8,799423625,303585594.1,186130869.1,141553984.3,67607128.7,31448318,4825009156.9,9318882826.6,2235037872.2,8787813968.2,21314976011.2,28850328959.5,25586391068.6,512636270.9,539583148,566788267.5,552448640.9,4526043027.6,4446186455.1,4432443964.7,4437207324.3,4446097441.9,4182813115.7,4000712265.5,3881190647.8,4111586613.7,4015323741.5,3992325318,4158167402.4,18853002058.8,17926915383.6,18072742640.9,17567134242.4,..
"Use of IMF credit (DOD, current US$)",DT.DOD.DIMF.CD,British Virgin Islands,VGB,..,..,..,..,..,..,..,..,..,..,..,..,..,..,..,..,..,..,..,..,..,..,..,..,..,..,..,..,..,..,..,..,..,..,..,..
"Use of IMF credit (DOD, current US$)",DT.DOD.DIMF.CD,Brunei Darussalam,BRN,..,..,..,..,..,..,..,..,..,..,..,..,..,..,..,..,..,..,..,..,..,..,..,..,..,..,..,..,..,..,..,..,..,..,..,..
"Use of IMF credit (DOD, current US$)",DT.DOD.DIMF.CD,Bulgaria,BGR,..,413716132.6,589737500,631700221.8,940744828.3,716668050.7,585607783.7,941803456.4,1115532914.2,2088438100.2,2117878427.8,1877394557.8,1879708564.2,2095263224.2,2132016600,1533190272.2,1259947992,965336223.8,940913415.9,957663625.8,940766805.7,937859037.7,938866915,940747971.4,885040218.8,846509552.5,821220008,869969423.8,849601190.5,844734960.7,879825439.5,2057317566.4,1956259157.9,..,..,..
"Use of IMF credit (DOD, current US$)",DT.DOD.DIMF.CD,Burkina Faso,BFA,69710.3,9040317.9,8690000,20823168.9,47941472.5,75097475.4,81270624.9,92442511.7,112115799.4,133598747.1,124397938.1,128327213.8,139286902.6,138635057.1,129295847.6,116984320.2,49087067.6,52352102.3,68799240.1,200602284.9,217415936,232851989,301227736.2,303917956.6,282947275.1,282957869.6,286054977.7,284059238.3,268945710.4,309646453,466379093,586009940,534010377.9,632346311.8,656217070.6,..
"Use of IMF credit (DOD, current US$)",DT.DOD.DIMF.CD,Burundi,BDI,42625738.9,48863490.7,62414000,58243062.6,55668458.3,47798086.3,37641479.7,27523349.9,19667363.5,30902062.2,24850402.5,19643946.6,31706725.4,48958253.6,62271042,77748000.2,103347766.8,119857221.7,138003571.2,206685011.5,223366699.6,240746434.9,248682069.7,254214571.1,238348709.9,217599887,193649645.6,188076863.4,166351188.8,149136356.3,132373634.4,399936738.4,376431821.6,435441543.4,419999165.3,..
"Use of IMF credit (DOD, current US$)",DT.DOD.DIMF.CD,Cabo Verde,CPV,..,..,..,..,..,..,..,..,..,850956.2,807804.2,779172.6,4187321.6,8232273.8,10513877.7,13235040.2,13930744,14438744.3,13315634.2,25411751.7,22685687.6,19962623,17517319.5,15648977.2,13644845.8,12705763.7,12326177.9,13057886.8,12752167.9,12679127.8,47340184.2,77795023.9,88958920.8,110827273.5,126328913.2,..
"Use of IMF credit (DOD, current US$)",DT.DOD.DIMF.CD,Cambodia,KHM,26666339,26811980.9,14885750,8584749.7,29561961.6,71723143.1,69381571.4,65101310.5,66470281.8,94073205.4,93361319,99191185.4,117191983.4,126481308.5,121316482.2,103259040.4,23193334.8,24362714.2,23746342.6,131560341,129239117.4,128839658.8,128978117.3,129236530,121583717.7,116290510.1,112816321.3,119513344.8,116715228.5,116046722.9,120867329.7,352206389.7,334905503.4,337629806.5,328184175.1,..
"Use of IMF credit (DOD, current US$)",DT.DOD.DIMF.CD,Cameroon,CMR,121078324.6,120562366.7,62781125,16294541.7,43664112.1,51150121.3,72056177,92982211.7,156201219.8,229367825.8,267051729.9,274498234.1,340237010,383479225.6,371406379.3,306983756,44774855.4,55407673.6,62169301.9,452571505.1,444586426.5,441991737.5,440023024.6,437231729.8,406346345.6,357776235,318199294.5,602413053,714177033.9,760370154.8,1268973016.6,1777204255.4,1873561856.9,2055437786.8,2032128660.7,..
"Use of IMF credit (DOD, current US$)",DT.DOD.DIMF.CD,Canada,CAN,..,..,..,..,..,..,..,..,..,..,..,..,..,..,..,..,..,..,..,..,..,..,..,..,..,..,..,..,..,..,..,..,..,..,..,..
"Use of IMF credit (DOD, current US$)",DT.DOD.DIMF.CD,Cayman Islands,CYM,..,..,..,..,..,..,..,..,..,..,..,..,..,..,..,..,..,..,..,..,..,..,..,..,..,..,..,..,..,..,..,..,..,..,..,..
"Use of IMF credit (DOD, current US$)",DT.DOD.DIMF.CD,Central African Republic,CAF,36656257.5,33300411.7,30377875,28788443,41373607.5,34899812.5,27640467.7,18618300.2,17563766.7,36252105.9,33621592.6,42483757.6,45958573.6,50233215.9,58590408.3,49211195.4,56111111.2,64109162.3,77364681.6,162063184.7,172555835.3,172022491.4,182908929.8,180985416.2,177256948.5,174912456.5,184643967.2,235403692.2,279084580.9,296484719.1,355383363.5,518257001.8,482794186.3,504139050.6,480660987.6,..
"Use of IMF credit (DOD, current US$)",DT.DOD.DIMF.CD,Chad,TCD,30473377.2,30639811.8,29452500,27740416.8,42769224.1,49005116.2,65000107.2,61130467.9,63847121.9,81775516.1,90381563.8,100904108.5,119514043.7,119901433.3,110557228.9,92841091.4,81783697.2,70594508.3,55195575.4,112592702.9,99363921.4,91257631,87236756.4,84516340.2,97578467.3,137267699.6,192868588.9,254233595,394523062.8,469812226.1,678281471.6,914315465.6,996038078.1,964325006.1,875129109.3,..
"Use of IMF credit (DOD, current US$)",DT.DOD.DIMF.CD,Channel Islands,CHI,..,..,..,..,..,..,..,..,..,..,..,..,..,..,..,..,..,..,..,..,..,..,..,..,..,..,..,..,..,..,..,..,..,..,..,..
"Use of IMF credit (DOD, current US$)",DT.DOD.DIMF.CD,Chile,CHL,..,..,..,..,..,..,..,..,..,..,..,..,..,..,..,..,..,..,..,..,..,..,..,..,..,..,..,..,..,..,..,..,..,..,..,..
"Use of IMF credit (DOD, current US$)",DT.DOD.DIMF.CD,China,CHN,469216030.6,0,..,..,..,..,..,..,..,325010365.9,308529088,297593664,321934336,351877696,367752768,338451136,356241920,374203200,364735936,10957633395.1,10764299164.7,10731028342.6,10742560523.9,10764083662,10126666125.8,9685796677.3,9396432681.2,9954225477.5,9721171324.7,9665491725.9,10066998408.5,50673914230.1,48184738416,48576699224.5,47217703105.9,..
"Use of IMF credit (DOD, current US$)",DT.DOD.DIMF.CD,Colombia,COL,0,0,0,0,0,0,0,0,0,156838089.3,148884828.6,143607793.8,155353709.9,169803277.9,177464005.7,163324112.2,171909292.4,180576747.7,176008193.2,1157462066.7,1137040044,1133525625.1,1134743777,1137017280.3,1069686072.9,1023116757.5,992551057.7,1051471059.5,1026853403.6,1020971932.8,6464390082.4,9024420113.3,8581127570.7,8650931118.7,5963657680.3,..
"Use of IMF credit (DOD, current US$)",DT.DOD.DIMF.CD,Comoros,COM,..,1287387,1237500,1236204,3284662.4,3344602.5,3235410.1,2792947.4,2661176.8,3144969.3,2399178.5,1748614.2,1524565.7,1265154.9,1112576.4,1025358.3,1079256.6,1135251.7,6244870.7,23446658.6,25430797.2,27744145.2,27999887.8,32853084,30907357.6,29202886.2,26566684.3,26051687.5,22316641.5,30741595.5,41921894.3,62872554.4,57346057.9,60773606.7,61595582.6,..
"Use of IMF credit (DOD, current US$)",DT.DOD.DIMF.CD,"Congo, Dem. Rep.",COD,521081946.2,472479629.7,454170750,453695093.4,477766554.2,485145744.9,433202714.2,406479090.4,423415751.4,530252755,503350614.5,485509987.5,688337211.7,831661745.7,952113158.8,914412643.5,962479014.4,944635524,787245859.4,1600700624.2,1109863980.1,1258403794.4,1259756147.7,1262280118.2,1187531873.7,1097782692.5,989239968.6,953621644.6,839163299.8,1129700742.7,1510562208.8,3317275326.7,3559700986,3997330077.5,4083988878.4,..
"Use of IMF credit (DOD, current US$)",DT.DOD.DIMF.CD,"Congo, Rep.",COG,10827865.2,5721720.2,5500000,4807459.8,20437899.4,18581125.1,37956393,33507273.5,34160216.6,42348795.2,53979561.3,50928983.3,46394979.5,42546293.1,44144309.3,40331140.8,50095015.6,52620744.8,53151637.1,167577675.4,149648797.7,154753144.9,152389681.4,147853242.7,134017362.5,122821458.3,115577578.7,120028881.4,114865475.6,157171955.8,162308174.3,374192609.3,528289080.6,706466847.4,728956483.6,..
"Use of IMF credit (DOD, current US$)",DT.DOD.DIMF.CD,Costa Rica,CRI,..,..,..,..,..,..,..,..,..,..,..,..,..,..,..,..,..,..,..,..,..,..,..,..,..,..,..,..,..,..,..,..,..,..,..,..
"Use of IMF credit (DOD, current US$)",DT.DOD.DIMF.CD,Cote d'Ivoire,CIV,431253771.2,371504141.6,267382500,218578715.8,328102737,426768309.3,502672001.1,449947876.3,643954087.5,671455204.8,598611576.2,511536865.7,542288056.7,481229898.6,370136638.4,252467682.1,206970838.8,233244900,246606468.7,839175295.4,861428341,1090425757,1265163491.4,1417940614.6,1492154720.8,1508308147.7,1494849865.1,1737919425.3,1814028914.6,1914817944.1,3047380511.8,3647029432,3303123623.4,4002292913.2,4787624283.9,..
"Use of IMF credit (DOD, current US$)",DT.DOD.DIMF.CD,Croatia,HRV,..,..,..,..,..,..,..,..,..,..,..,..,..,..,..,..,..,..,..,..,..,..,..,..,..,..,..,..,..,..,..,..,..,..,..,..
"Use of IMF credit (DOD, current US$)",DT.DOD.DIMF.CD,Cuba,CUB,..,..,..,..,..,..,..,..,..,..,..,..,..,..,..,..,..,..,..,..,..,..,..,..,..,..,..,..,..,..,..,..,..,..,..,..
"Use of IMF credit (DOD, current US$)",DT.DOD.DIMF.CD,Curacao,CUW,..,..,..,..,..,..,..,..,..,..,..,..,..,..,..,..,..,..,..,..,..,..,..,..,..,..,..,..,..,..,..,..,..,..,..,..
"Use of IMF credit (DOD, current US$)",DT.DOD.DIMF.CD,Cyprus,CYP,..,..,..,..,..,..,..,..,..,..,..,..,..,..,..,..,..,..,..,..,..,..,..,..,..,..,..,..,..,..,..,..,..,..,..,..
"Use of IMF credit (DOD, current US$)",DT.DOD.DIMF.CD,Czechia,CZE,..,..,..,..,..,..,..,..,..,..,..,..,..,..,..,..,..,..,..,..,..,..,..,..,..,..,..,..,..,..,..,..,..,..,..,..
"Use of IMF credit (DOD, current US$)",DT.DOD.DIMF.CD,Denmark,DNK,..,..,..,..,..,..,..,..,..,..,..,..,..,..,..,..,..,..,..,..,..,..,..,..,..,..,..,..,..,..,..,..,..,..,..,..
"Use of IMF credit (DOD, current US$)",DT.DOD.DIMF.CD,Djibouti,DJI,..,..,..,..,..,..,4134135.1,5363268.6,8867773.1,14352336.5,14945680.6,16965854.9,22079964.4,22185532.1,22996972.1,20385678.1,19815956.8,17943738.8,19242593.2,39542067.5,35485589.9,39663918.5,57508686.6,57623907.6,52878485.8,49096434.4,45796005.7,43954479,36733586.9,31639049.4,72343244.8,109255094.2,103056548.9,103894866.7,100988273.2,..
"Use of IMF credit (DOD, current US$)",DT.DOD.DIMF.CD,Dominica,DMA,5686372,4754749.5,3828000,3079521.4,2490504,1703517.6,842644.6,250960.5,36608.8,813074.9,771843.9,744486.9,3592395.6,8801994.7,10155753.5,12398059.6,14885135.4,13085102.1,15911605.2,31908271.5,30239547,27318113.9,26559031.5,23849485.1,20938130.2,26503483.1,24206037.6,24416781.4,22362537.6,20760360.5,35838200.2,47957082.9,43691600.9,42396758.6,39606568.7,..
"Use of IMF credit (DOD, current US$)",DT.DOD.DIMF.CD,Dominican Republic,DOM,71753279.8,89217352.9,122978625,186089902.3,189598012.7,159730784.2,95556757.8,28513699.4,55898792.3,97839373.5,92877939.4,89585998.1,69926911.2,177045895.7,253024154.2,445624947,506927137.2,597503586.8,540901236.8,1093881075.3,1461025210.5,1622535035.5,1513262370.7,1316944438.4,802885729.9,403128425.4,280731424,297396255.4,290433440.2,288769935.2,988349668.4,1600845634.6,1522209786.3,1374464003,1024714655.3,..
"Use of IMF credit (DOD, current US$)",DT.DOD.DIMF.CD,Ecuador,ECU,264620450.6,182422744.9,99837375,71106451.6,198141054.7,173451087,145036962.4,133440820.9,69627085.1,45196754.1,190583160.3,231332574.8,353011603.7,438756418,341188532,125314105.8,72254827.6,52036052.3,50719550.8,452056205.4,444080218.7,442707633.8,443183393,444071328.1,417774519.6,399586498,739366335.8,783256738.6,764918673.5,2114249049.6,6780523249.5,8182616204.8,9387002713.6,9233103013.4,9920738609.7,..
"Use of IMF credit (DOD, current US$)",DT.DOD.DIMF.CD,"Egypt, Arab Rep.",EGY,124781508.6,127308274.9,202400000,202188024.9,192992163.9,103311055.8,15673764.3,0,0,186557048.8,177096738.8,170819768.5,184791396.5,201978986.3,211091331.2,194272095.5,204484065.6,214793901,209359659.5,1408494794.4,1383643601.8,1379366968.6,1380849315.8,1383615901.1,1301681772.9,1245012409.2,3856218340.9,7400858183.3,9220255488.4,13129959331.1,20362115178.3,23680972381.8,21752962125.5,19319376392,15117662938.6,..
"Use of IMF credit (DOD, current US$)",DT.DOD.DIMF.CD,El Salvador,SLV,187791.1,0,0,0,0,0,0,0,0,34292162.2,32553206.4,31399399,33967607.2,37126960.5,38801954.9,35710311,37587434,39482546.3,38483646,256798595.8,252267694.2,251487972.9,251758236.4,252262643.8,237324404.8,226992368.8,220210952.5,233283156.3,227821394.5,226516510.2,649571160,1016490014.6,966558557.7,878089194.2,666249778.3,..
"Use of IMF credit (DOD, current US$)",DT.DOD.DIMF.CD,Equatorial Guinea,GNQ,..,..,..,..,..,..,..,..,..,..,..,..,..,..,..,..,..,..,..,..,..,..,..,..,..,..,..,..,..,..,..,..,..,..,..,..
"Use of IMF credit (DOD, current US$)",DT.DOD.DIMF.CD,Eritrea,ERI,..,..,..,..,..,..,..,..,..,20804700.8,19749694.8,19049691.8,20607797.2,22524544.3,23540746.1,21665077.6,22803908.8,23953653.9,23347631.4,23763267.6,23343993.4,23271840.7,23296849.9,23343526.1,21960986.6,21004904.1,20377380.8,21587026.7,21081618.6,20960870.2,21831589.4,42544853.5,40454988.9,40784071.7,39643084.4,..
"Use of IMF credit (DOD, current US$)",DT.DOD.DIMF.CD,Estonia,EST,..,..,..,..,..,..,..,..,..,..,..,..,..,..,..,..,..,..,..,..,..,..,..,..,..,..,..,..,..,..,..,..,..,..,..,..
"Use of IMF credit (DOD, current US$)",DT.DOD.DIMF.CD,Eswatini,SWZ,42679.8,0,0,0,0,0,0,0,0,8827984.3,8380317.1,8083287.4,8744432.6,9557759,9988960.3,9193064.6,9676300.8,10164168,9907016.6,75695394.3,74359840.3,74130005.3,74209669.7,74358351.6,69955550.7,66910001,64911059,68764321.4,67154370.9,66769733.3,182604437.5,282750145.9,268861050.6,257883650.4,199481736.9,..
"Use of IMF credit (DOD, current US$)",DT.DOD.DIMF.CD,Ethiopia,ETH,6423309.9,0,19415000,48486666.3,72145784.7,73462336.4,92266705.2,86574623.6,107131373.1,110056083.7,91597178.8,119615561.4,158486044,173851060.2,200541734.3,176133229.9,16790608.4,17637170.3,17190953.5,368235550.7,485279684.9,483779758.7,484299656.3,485269969.5,451692494,396826122.7,334644504.9,301195845.5,242077008.1,318290495.6,939747809,1316581128.2,1251908762.6,1161232457.6,2246343206.5,..
"Use of IMF credit (DOD, current US$)",DT.DOD.DIMF.CD,Faroe Islands,FRO,..,..,..,..,..,..,..,..,..,..,..,..,..,..,..,..,..,..,..,..,..,..,..,..,..,..,..,..,..,..,..,..,..,..,..,..
"Use of IMF credit (DOD, current US$)",DT.DOD.DIMF.CD,Fiji,FJI,0,..,..,..,..,..,..,..,..,9549924.6,9065647.8,8744327.3,9459540.2,10339379.3,10805843.6,9944860.7,10467615.2,10995379.5,10717198.7,105183293.6,103327461.2,103008091.6,103118790.1,103325392.6,97206124.4,92974207.4,90196595.1,95550862.2,93313769.5,92779299.7,96633372.5,225902843,214806169.3,216553519.2,210495153.8,..
"Use of IMF credit (DOD, current US$)",DT.DOD.DIMF.CD,Finland,FIN,..,..,..,..,..,..,..,..,..,..,..,..,..,..,..,..,..,..,..,..,..,..,..,..,..,..,..,..,..,..,..,..,..,..,..,..
"Use of IMF credit (DOD, current US$)",DT.DOD.DIMF.CD,France,FRA,..,..,..,..,..,..,..,..,..,..,..,..,..,..,..,..,..,..,..,..,..,..,..,..,..,..,..,..,..,..,..,..,..,..,..,..
"Use of IMF credit (DOD, current US$)",DT.DOD.DIMF.CD,French Polynesia,PYF,..,..,..,..,..,..,..,..,..,..,..,..,..,..,..,..,..,..,..,..,..,..,..,..,..,..,..,..,..,..,..,..,..,..,..,..
"Use of IMF credit (DOD, current US$)",DT.DOD.DIMF.CD,Gabon,GAB,140113515.4,120643901.2,80507625,45175013.3,89663984.2,96550499.2,119727427.9,131152493,113377394.3,105259161.6,107445776.1,92663729.8,86495381.4,79514254.7,121838293.5,88230266.4,78117474.4,46957128.8,21705484.9,230010562.8,225952303.8,225253919.3,225495990.2,225947780.2,212567224.6,203313004.7,197239011.4,412399367.2,601432515.3,721529349.8,1062599828.6,1427381374,1480089911.8,1373901843.5,1113097163.3,..
"Use of IMF credit (DOD, current US$)",DT.DOD.DIMF.CD,"Gambia, The",GMB,44929025.5,40205097.6,35593250,33207185.4,31299183,25769790.8,17551740.1,10221917.7,10429278.5,18371045.9,24813920.9,32336919.6,38910821.9,42529947.4,32712602.6,28142326.3,25487544.8,14413460.3,20209882.7,75230387.7,76975398.1,80319263.7,94437658,95481567,86768933,88438711.2,80048234.6,93943014.7,84051097.7,77241871.4,103378149.7,227659333.3,247789801.2,251088094.1,271428236.1,..
"Use of IMF credit (DOD, current US$)",DT.DOD.DIMF.CD,Georgia,GEO,..,..,..,..,40510836.2,115500273.9,191536275.8,254603467.2,303790927.8,517834815.3,465965421.8,468269397.3,505720216.5,502588323.4,489543522.3,438070381.7,452922771.2,479021797.3,681907393.3,1012036998.5,1272156240.8,1209711988,965258523.7,580478645.5,420420037.6,329747062.6,306721390,397275061.6,415789656.7,447978793,792088605.3,1157629256,1084129288.8,1062760619.3,977928825.5,..
"Use of IMF credit (DOD, current US$)",DT.DOD.DIMF.CD,Germany,DEU,..,..,..,..,..,..,..,..,..,..,..,..,..,..,..,..,..,..,..,..,..,..,..,..,..,..,..,..,..,..,..,..,..,..,..,..
"Use of IMF credit (DOD, current US$)",DT.DOD.DIMF.CD,Ghana,GHA,744603172.1,834115234.4,739520375,738017882.8,700294402.3,648472348.4,542612778.8,346735651.4,333570763,396405583.1,374561869.7,362750087.6,449005951.4,546685391.1,566277142.3,506993512.9,253390605.2,266166248.3,259432296.9,826123368.5,937059862.6,1100924579.6,1252802691.8,1222834148.2,1119866883.8,1241945787.5,1365775195.4,1465019702.9,1507700117.5,1575603914.5,2611634488.7,3411399411.9,3123720560,3630001073.4,4663101597.3,..
"Use of IMF credit (DOD, current US$)",DT.DOD.DIMF.CD,Gibraltar,GIB,..,..,..,..,..,..,..,..,..,..,..,..,..,..,..,..,..,..,..,..,..,..,..,..,..,..,..,..,..,..,..,..,..,..,..,..
"Use of IMF credit (DOD, current US$)",DT.DOD.DIMF.CD,Greece,GRC,..,..,..,..,..,..,..,..,..,..,..,..,..,..,..,..,..,..,..,..,..,..,..,..,..,..,..,..,..,..,..,..,..,..,..,..
"Use of IMF credit (DOD, current US$)",DT.DOD.DIMF.CD,Greenland,GRL,..,..,..,..,..,..,..,..,..,..,..,..,..,..,..,..,..,..,..,..,..,..,..,..,..,..,..,..,..,..,..,..,..,..,..,..
"Use of IMF credit (DOD, current US$)",DT.DOD.DIMF.CD,Grenada,GRD,11381.3,0,0,0,0,0,0,0,0,1276434.3,1211706.3,1168758.9,1264353.6,5735844.2,10537172.9,9697597,10900882.4,9135425.3,14390742.6,40548563.7,46308959.3,45926323.1,45496159.2,45106832.8,45714145,44782655.1,43948893.9,44465743.1,38600029.2,35609141.6,58758632.6,76568979.6,69336960.4,66133576.6,60621394.1,..
"Use of IMF credit (DOD, current US$)",DT.DOD.DIMF.CD,Guam,GUM,..,..,..,..,..,..,..,..,..,..,..,..,..,..,..,..,..,..,..,..,..,..,..,..,..,..,..,..,..,..,..,..,..,..,..,..
"Use of IMF credit (DOD, current US$)",DT.DOD.DIMF.CD,Guatemala,GTM,66614631.8,64026049.2,30772500,0,..,..,..,..,..,37988331.7,36061943,34783772.9,37628794.6,41128677.7,42984210.8,39559335.1,41638783.2,43738159.5,42631593.1,314966170.3,309408972,308452635.6,308784116.5,309402772.9,291080866.5,278408516.1,270091038.1,286124232.9,279425324.9,277824870.7,289365777.8,856138548.6,814083787.3,820705986.5,797745672.9,..
"Use of IMF credit (DOD, current US$)",DT.DOD.DIMF.CD,Guinea,GIN,51451921.6,54907057.6,63690000,60442132.1,71001262.3,93813871.1,82425306.8,99026851.5,126787472.4,151400201.5,135802309.3,145388580.2,162915360.2,162418007,149273768.2,112503558.8,98544217.6,92498353.5,97828708.8,219612684.9,205396582.4,198841731.5,214693578.1,243398408.6,320976958.3,339865667.3,379076013.9,426088145.3,463991710.9,481053215.3,668071408.5,885577605.4,884227238.9,845336356.6,842537480.8,..
"Use of IMF credit (DOD, current US$)",DT.DOD.DIMF.CD,Guinea-Bissau,GNB,5334975,5364112.7,5156250,4738781.8,4598527.4,5908797.8,7657137.2,12194521.1,15417928.9,18998831.8,26299759.5,24707814.5,25082328.3,22270826.7,17672322,13232753.3,10031941,7107016.4,10465210.4,31268763.8,24669366.3,32005400.6,32039795.4,32103988.5,35346496.2,37743143.7,42514491.9,51604928,52594174,50290600.8,48861107.7,102650410.8,94925093.4,108381409.8,122201327.1,..
"Use of IMF credit (DOD, current US$)",DT.DOD.DIMF.CD,Guyana,GUY,112947822.7,149417001.8,167981000,176642556.9,178468116.7,171832299.4,168393747.1,157101268.2,154177880.6,160151324.8,136352137.3,115871762.7,115911315.7,116954754.8,110630220.4,111666006.6,77611996,81525097.5,79462529.3,194621299.9,189759833.9,182057338.5,170861337.6,159788773.7,139588017.8,124524521.2,117071131.3,124020729.7,121117083.8,120423365.9,125425779.4,365758656.8,347792063.6,350621193,340812110.7,..
"Use of IMF credit (DOD, current US$)",DT.DOD.DIMF.CD,Haiti,HTI,37597727.5,32585760.8,35083047.7,33786289.1,34952992.7,28689370.7,24875193,43106507.5,37882715.2,67021261.4,57168160.9,56777023.6,48727899.6,37484804.4,31267452.1,41280620.8,52690169,76893840.1,126099003.9,290747738.7,134918560.6,148178998.6,169070168,178232889.2,177106529.6,177541638.3,215979833.2,212665673.6,200579866.3,185491424.1,291051204.7,502450027.3,444693167.9,552721343.4,559218512.8,..
"Use of IMF credit (DOD, current US$)",DT.DOD.DIMF.CD,Honduras,HND,32238898.2,33686627.8,111856250,118141265,109212834.9,98647936.6,57918154.1,45739573.6,112704356,236605619.5,240790797.1,244031831.4,222485448,199827301.7,224821492.7,195359770,59271855.6,62260269.8,60685097.7,226047757.6,220493207,215127587,209105048.5,203259281.9,185328241.2,173032020.1,166495488.4,176379024.8,172249535.8,171262948.4,664078984.3,1102784771.9,1048614392,1102822872.7,1082410875.4,..
"Use of IMF credit (DOD, current US$)",DT.DOD.DIMF.CD,"Hong Kong SAR, China",HKG,..,..,..,..,..,..,..,..,..,..,..,..,..,..,..,..,..,..,..,..,..,..,..,..,..,..,..,..,..,..,..,..,..,..,..,..
"Use of IMF credit (DOD, current US$)",DT.DOD.DIMF.CD,Hungary,HUN,..,..,..,..,..,..,..,..,..,..,..,..,..,..,..,..,..,..,..,..,..,..,..,..,..,..,..,..,..,..,..,..,..,..,..,..
"Use of IMF credit (DOD, current US$)",DT.DOD.DIMF.CD,Iceland,ISL,..,..,..,..,..,..,..,..,..,..,..,..,..,..,..,..,..,..,..,..,..,..,..,..,..,..,..,..,..,..,..,..,..,..,..,..
"Use of IMF credit (DOD, current US$)",DT.DOD.DIMF.CD,India,IND,2771330298.7,3598349793.5,4720474000,4901188815.2,4033829654.8,2415513565.4,1361208912.1,671083198.4,298150359.5,961333449.8,887503204.7,856046774.1,926064238.4,1012198184.9,1057863821.7,973575845.9,1024752148,1076418892.5,1049185715.9,6236675801.4,6126637175.9,6107700666.3,6114264353.3,6126514519.9,5763720183.6,5512793757.6,5348098577.2,5665573406.3,5532927685.8,5501236937.5,5729759547.2,23160228301.7,22022564456.1,22201707945.4,21580586391.1,..
"Use of IMF credit (DOD, current US$)",DT.DOD.DIMF.CD,Indonesia,IDN,493911985.5,165536518.1,0,0,0,0,0,2970336005.7,9089988448.4,10576254291,11148904454.7,9413732114.9,9186352773.1,10630687332.8,10057236851.7,8148491236.1,359485406.4,377610219,368056758.1,3104713977,3049935042,3040508153.7,3043775658.9,3049873981.9,2869269976.1,2744354880.1,2662367045.6,2820410976.7,2754377864.2,2738601714.4,2852363840.6,9007395453.8,8564939187.1,8634611050,8393046615,..
"Use of IMF credit (DOD, current US$)",DT.DOD.DIMF.CD,"Iran, Islamic Rep.",IRN,..,..,..,..,..,..,..,..,..,334969289.9,317983003,306712496.9,331799013.1,362659894.3,379021408.6,348821919.1,367157846.4,385669494,375912135.1,2235620001.4,2196175181.8,2189387136.2,2191739977.7,2196131214.1,2066082894.8,1976134948,1917097749.1,2030900864.6,1983352224.9,1971992250.6,2053909248.7,6780983158.7,6447891477.7,6500342125.7,6318486630,..
"Use of IMF credit (DOD, current US$)",DT.DOD.DIMF.CD,Iraq,IRQ,..,..,..,..,..,..,..,..,..,..,..,..,..,..,..,..,..,..,..,..,..,..,..,..,..,2858670724.1,3946683802.4,5012946804.3,4740629889.5,4018571347.6,2943614929.9,4126349733.3,3632102879.5,3661648375.2,3559209016.3,..
"Use of IMF credit (DOD, current US$)",DT.DOD.DIMF.CD,Ireland,IRL,..,..,..,..,..,..,..,..,..,..,..,..,..,..,..,..,..,..,..,..,..,..,..,..,..,..,..,..,..,..,..,..,..,..,..,..
"Use of IMF credit (DOD, current US$)",DT.DOD.DIMF.CD,Isle of Man,IMN,..,..,..,..,..,..,..,..,..,..,..,..,..,..,..,..,..,..,..,..,..,..,..,..,..,..,..,..,..,..,..,..,..,..,..,..
"Use of IMF credit (DOD, current US$)",DT.DOD.DIMF.CD,Israel,ISR,..,..,..,..,..,..,..,..,..,..,..,..,..,..,..,..,..,..,..,..,..,..,..,..,..,..,..,..,..,..,..,..,..,..,..,..
"Use of IMF credit (DOD, current US$)",DT.DOD.DIMF.CD,Italy,ITA,..,..,..,..,..,..,..,..,..,..,..,..,..,..,..,..,..,..,..,..,..,..,..,..,..,..,..,..,..,..,..,..,..,..,..,..
"Use of IMF credit (DOD, current US$)",DT.DOD.DIMF.CD,Jamaica,JAM,356720613.7,391425741,357077875,335413725.3,317724663.6,240387732.2,161396633.6,117556101.2,105117890.2,139164276.1,113269783.7,91085277,78877990.9,69234314.2,63977799.9,58046942.5,61098197.2,64178693.3,62554985.5,410176133.7,1188200367.3,1233502932.5,1234828525.9,1239481651.7,1045670680.8,1024611960.8,1102854822.9,1152093263.7,1073513070,977754484.9,1449324874.1,1791702647.9,1579760794.1,1611393458.1,1742938111,..
"Use of IMF credit (DOD, current US$)",DT.DOD.DIMF.CD,Japan,JPN,..,..,..,..,..,..,..,..,..,..,..,..,..,..,..,..,..,..,..,..,..,..,..,..,..,..,..,..,..,..,..,..,..,..,..,..
"Use of IMF credit (DOD, current US$)",DT.DOD.DIMF.CD,Jordan,JOR,94229885.1,94744534.7,111640375,81281783.7,144364561.9,251469515.2,339513866.4,427145552,469448477.3,521210656.5,483595893.1,454160857.6,505594611.8,446462658.5,363961870.6,260391555,183688744.4,114245754.1,53561349,266008204,257407753.8,256612145.3,642156845.8,1299868077.5,1593426192.1,2070422828,1819895841.2,1500416559.3,981146429.5,728982779.6,1271031160.2,2215204347.7,2608664059.1,2527873185.4,2650358897.9,..
"Use of IMF credit (DOD, current US$)",DT.DOD.DIMF.CD,Kazakhstan,KAZ,..,..,..,84989022,289050290.8,432301025.1,551601467,511310415.2,652850021.2,931659169.5,447749674.2,431879752.3,467203902.8,510658896.9,533697432.3,491173739.4,516992432.2,543058555.6,529319285.8,538742266.7,529236808.9,527601017.9,528168008.4,529226213.6,497887642.3,476211856,461984986.5,489409425.8,477951085.9,475213542.8,494954019.4,2034908669.5,1934951018.3,1950690959.8,1896117852,..
"Use of IMF credit (DOD, current US$)",DT.DOD.DIMF.CD,Kenya,KEN,482115288.8,493272360.9,393368250,363089584.8,404747779.2,373788318.8,337223196.1,250423490.9,196459614.5,182248736,174880488.9,145325743.7,138136748.6,167284558.7,160065634.7,211650589.4,208916028,327348787.5,308716316.1,857631720.8,816750541.4,1099534524.6,1292972530.6,1470879636.7,1327897899.8,1204763864.6,1103364324.7,1046744357.9,878613102.6,719708168.5,1390662739.5,2912915871.8,3389104115.9,3799188290,4958198572.8,..
"Use of IMF credit (DOD, current US$)",DT.DOD.DIMF.CD,Kiribati,KIR,..,..,..,..,..,..,..,..,..,..,..,..,..,..,..,..,..,..,..,..,..,..,..,..,..,..,..,..,..,..,..,..,..,..,..,..
"Use of IMF credit (DOD, current US$)",DT.DOD.DIMF.CD,"Korea, Dem. People's Rep.",PRK,..,..,..,..,..,..,..,..,..,..,..,..,..,..,..,..,..,..,..,..,..,..,..,..,..,..,..,..,..,..,..,..,..,..,..,..
"Use of IMF credit (DOD, current US$)",DT.DOD.DIMF.CD,"Korea, Rep.",KOR,..,..,..,..,..,..,..,..,..,..,..,..,..,..,..,..,..,..,..,..,..,..,..,..,..,..,..,..,..,..,..,..,..,..,..,..
"Use of IMF credit (DOD, current US$)",DT.DOD.DIMF.CD,Kosovo,XKX,..,..,..,..,..,..,..,..,..,75993698.1,72140059,69583145.7,75274464.8,82275800.7,85987699.1,79136411.6,83296240.5,87495934.6,85282305.5,86800507.4,114159979.9,113807128.6,234141158.4,230998971.3,203729513.9,215803980.1,194558413.9,271679239.4,260434066.1,224941471.9,215579384,259956360.7,234011575.7,263621971.1,259611472.2,..
"Use of IMF credit (DOD, current US$)",DT.DOD.DIMF.CD,Kuwait,KWT,..,..,..,..,..,..,..,..,..,..,..,..,..,..,..,..,..,..,..,..,..,..,..,..,..,..,..,..,..,..,..,..,..,..,..,..
"Use of IMF credit (DOD, current US$)",DT.DOD.DIMF.CD,Kyrgyz Republic,KGZ,..,..,..,60244339.5,77839199.6,124322592.1,139624480.8,164879694.3,175202585.1,306650283.7,298427619,285826893.5,300440316.6,327818346.8,338534428.6,299008992.5,290546267.4,283735458.3,295043330,299977472.1,307148194.1,311902373.5,320769004.1,333225010.8,307971035.5,305629807.6,301954389.5,320961404.5,284688080.2,257512545.7,498422185.9,697287447.2,641509283.3,575385730,465954261.4,..
"Use of IMF credit (DOD, current US$)",DT.DOD.DIMF.CD,Lao PDR,LAO,8406497.9,20955800.3,28201250,36227643.7,47065562.5,63618799.5,67026192.9,66060627.2,62337713.7,65633426.5,54667497.8,49211033.4,55986393.1,58337696.2,52772832.8,42699441.2,41616217.2,40639289.3,35424669.7,95070617.6,87812142.6,82672387.3,79280108.2,78043709.8,73422541.1,70226054.2,68128044.9,72172274.7,70482535.1,70078834.9,72989925.3,212853030.1,202397382,204043792.1,198335402.6,..
"Use of IMF credit (DOD, current US$)",DT.DOD.DIMF.CD,Latvia,LVA,..,..,..,..,..,..,..,..,..,..,..,..,..,..,..,..,..,..,..,..,..,..,..,..,..,..,..,..,..,..,..,..,..,..,..,..
"Use of IMF credit (DOD, current US$)",DT.DOD.DIMF.CD,Lebanon,LBN,..,..,..,..,..,..,..,..,..,6029710.9,5723944.2,5521066.2,5972643.3,6528163.4,6822683.5,6279069,6609130.1,87140041.8,124019768,422354405.8,395364110.8,355184623.9,316566983.6,297661728.4,280035177,267843706.2,259841852.8,275266633.5,268821930,267282208.4,278385171,1120330080.2,1065297849.5,1073963560.3,1043918037.7,..
"Use of IMF credit (DOD, current US$)",DT.DOD.DIMF.CD,Lesotho,LSO,15064546.7,18359569.8,24915000,34222246.2,40340033.8,38382658.6,33764739.4,27504460.4,23599991.4,22230543.9,15988008.6,19948075.3,27093874.1,32122213.5,43855449.4,40361155.5,41956211.6,41306154.7,35409267,75685229.4,78815941.8,80307188.7,115150934.8,130181036.1,120950589.9,114604075.9,108319531.5,108050488.4,93814454.5,79280156.3,119386733.7,197664637.8,181503134.8,176795824.7,145330154.8,..
"Use of IMF credit (DOD, current US$)",DT.DOD.DIMF.CD,Liberia,LBR,322268056.5,324028168.1,311471875,311145668.1,329680834.8,335551336.2,324596469.1,304524366.5,317168621.2,337397260.9,319693723.8,307794541.4,332644634.5,363584167.7,379987380.8,349650895.7,367294746.8,385070579.3,890329969.5,1085542260.9,235311987,248217870.9,266654086.9,289924886.5,327205371,332141605,359443392.9,401806656.7,389481443.3,396297069.6,472904949.5,798451489.4,757437753.1,726948775,680446587.8,..
"Use of IMF credit (DOD, current US$)",DT.DOD.DIMF.CD,Libya,LBY,..,..,..,..,..,..,..,..,..,..,..,..,..,..,..,..,..,..,..,..,..,..,..,..,..,..,..,..,..,..,..,..,..,..,..,..
"Use of IMF credit (DOD, current US$)",DT.DOD.DIMF.CD,Liechtenstein,LIE,..,..,..,..,..,..,..,..,..,..,..,..,..,..,..,..,..,..,..,..,..,..,..,..,..,..,..,..,..,..,..,..,..,..,..,..
"Use of IMF credit (DOD, current US$)",DT.DOD.DIMF.CD,Lithuania,LTU,..,..,..,..,..,..,..,..,..,..,..,..,..,..,..,..,..,..,..,..,..,..,..,..,..,..,..,..,..,..,..,..,..,..,..,..
"Use of IMF credit (DOD, current US$)",DT.DOD.DIMF.CD,Luxembourg,LUX,..,..,..,..,..,..,..,..,..,..,..,..,..,..,..,..,..,..,..,..,..,..,..,..,..,..,..,..,..,..,..,..,..,..,..,..
"Use of IMF credit (DOD, current US$)",DT.DOD.DIMF.CD,"Macao SAR, China",MAC,..,..,..,..,..,..,..,..,..,..,..,..,..,..,..,..,..,..,..,..,..,..,..,..,..,..,..,..,..,..,..,..,..,..,..,..
"Use of IMF credit (DOD, current US$)",DT.DOD.DIMF.CD,Madagascar,MDG,143654516.2,126830511.2,106056500,92080712,85515090.6,72673010.2,73078566.6,69448593.9,58036181.9,89318831.1,129290365.1,151616934.1,175757386.1,200906115.9,255768322.9,239980150.1,57880285.6,73212982.5,128840505,284484833.7,277717507.7,273375597.3,266558054.1,256338299.3,266765571.7,281217392.1,300807674.5,439937850.8,465153021.8,545183134.5,956302254.8,1304054763.3,1317129423.3,1343533152.6,1296946238.3,..
"Use of IMF credit (DOD, current US$)",DT.DOD.DIMF.CD,Malawi,MWI,114986494.5,115079528.4,91938000,86012324.1,112255162.2,115975950.7,119436960,105806832.5,102175107.4,102622569.9,96841391.6,86557278.7,109479426.6,118497191.7,109519818.3,90871557.4,35971708.4,48341427.7,141586239.3,230946818.6,248247656.8,246725008,282957152.3,295288121.5,272520225.3,254655708.3,295934471.9,318897834,314065770.5,339457406.9,527901600.8,673379585.3,703510632.8,714608098.3,664478763.5,..
"Use of IMF credit (DOD, current US$)",DT.DOD.DIMF.CD,Malaysia,MYS,..,..,..,..,..,..,..,..,..,..,..,..,..,..,..,..,..,..,..,..,..,..,..,..,..,..,..,..,..,..,..,..,..,..,..,..
"Use of IMF credit (DOD, current US$)",DT.DOD.DIMF.CD,Maldives,MDV,..,..,..,..,..,..,..,..,..,387596.8,367941.8,354900.6,383928.4,419637.9,438570,6263632.8,6592882.6,6925287.6,4382684.2,20895909.4,27629844.6,27544444.9,27574045.8,22105314.4,14856046.8,13072982.3,12131249.8,12267492.3,11408663.3,10776359.8,41610796.3,68874012.8,65490821.8,66023559.8,64176465,..
"Use of IMF credit (DOD, current US$)",DT.DOD.DIMF.CD,Mali,MLI,69297768.6,60029427.7,65356500,70649056.1,108173421.7,147232376.1,164843423.8,175708774.4,186471049.4,215272697.2,196275574,190932475.5,187156961.2,192428657.1,169507935.5,131933055.1,31950447.2,37786938,64540393.5,183972782.8,186682100.9,229811161,237436881.7,276568115,264250446.2,255981852.4,288442511,334118980.7,440690389,446739781.3,680571498.5,946374562.1,879658452.3,850776826.6,779869899.5,..
"Use of IMF credit (DOD, current US$)",DT.DOD.DIMF.CD,Malta,MLT,..,..,..,..,..,..,..,..,..,..,..,..,..,..,..,..,..,..,..,..,..,..,..,..,..,..,..,..,..,..,..,..,..,..,..,..
"Use of IMF credit (DOD, current US$)",DT.DOD.DIMF.CD,Marshall Islands,MHL,..,..,..,..,..,..,..,..,..,..,..,..,..,..,..,..,..,..,..,..,..,..,..,..,..,..,..,..,..,..,..,..,..,..,..,..
"Use of IMF credit (DOD, current US$)",DT.DOD.DIMF.CD,Mauritania,MRT,69939388.2,56483391.6,57776125,63326608,85863994.7,99794020.4,107277570,112567924.1,110312112.9,119894235.2,110856794.5,116815567,125907866.3,118724545.1,105424530.9,83220675,14622768,28600944.8,30850067.8,112835038,144848062.2,178299120.3,211434608.7,225981558.6,209611662.3,196098891.3,180047696.9,199723433.1,220881344.6,244042441.7,424316052.6,594382310.3,556369884.1,595950841.2,639096391.1,..
"Use of IMF credit (DOD, current US$)",DT.DOD.DIMF.CD,Mauritius,MUS,22068301.9,0,..,..,..,..,..,..,..,21608797.3,20513015,19785957.1,21404282.9,23395111.7,24450589.4,22502426.9,23685273.6,24879456,24250010.9,151761091.1,149083449.6,148622655.2,148782373.7,149080465,140253019.3,134147034.3,130139380.3,137864738.6,134636968.6,133865813.4,139426629.1,326242524.4,310217020.7,312740494.3,303991173.6,..
"Use of IMF credit (DOD, current US$)",DT.DOD.DIMF.CD,Mexico,MEX,6551269631,6765838319.7,5949557625,4787170977.2,3860122108.8,15828245234.3,13278784366.2,9087522293.8,8379947063.3,4871348033.3,377869958.2,364476834.6,394287990.4,430961019.4,450403960.2,414516885.4,436306088,458304105,446709105.4,4469790297.1,4390926236.3,4377354546.8,4382058704.2,4390838329.3,4130825645,3950988095.2,3832951991.2,4060484405,3965417967.6,3942705387.6,4106486249,15946436144.2,15163124182.4,15286469262.4,14858810472.7,..
"Use of IMF credit (DOD, current US$)",DT.DOD.DIMF.CD,"Micronesia, Fed. Sts.",FSM,..,..,..,..,..,..,..,..,..,..,..,..,..,..,..,..,..,..,..,..,..,..,..,..,..,..,..,..,..,..,..,..,..,..,..,..
"Use of IMF credit (DOD, current US$)",DT.DOD.DIMF.CD,Moldova,MDA,..,..,..,86534277,164160127.3,230182978.2,247743257.4,233049199.2,176786618.8,336824342.8,307508358.3,294083085.5,312005186.4,317496179.5,309172573.9,263695422.6,318163415.2,345551018.9,347467317.5,338429118.7,508723618.6,654666113.5,792877877.9,772647731.4,698980331,628225114.8,573775582.6,562167019.6,495514001.9,457511992.6,668846272.9,911954350.8,1007664329.2,1178109319.2,1364012665.8,..
"Use of IMF credit (DOD, current US$)",DT.DOD.DIMF.CD,Monaco,MCO,..,..,..,..,..,..,..,..,..,..,..,..,..,..,..,..,..,..,..,..,..,..,..,..,..,..,..,..,..,..,..,..,..,..,..,..
"Use of IMF credit (DOD, current US$)",DT.DOD.DIMF.CD,Mongolia,MNG,..,16092338.1,18906250,31626217.9,55277218.5,46995381.7,43577378.7,47554314.8,48322182.7,118350283.2,113798881.1,108120364,108893594.4,122020558.8,119977925.8,104691296.2,104110631.5,102563106.5,95056359.9,258357019.3,272731749.9,268139647.9,233528966.3,140009161.4,73415297,67564065.8,65545583.6,188875802.7,286505844.8,284864835.7,400829594.6,483236364.8,435665016,379795797.9,287848595.2,..
"Use of IMF credit (DOD, current US$)",DT.DOD.DIMF.CD,Montenegro,MNE,..,..,..,..,..,..,..,..,..,..,..,..,..,..,..,..,38847137.3,40805762.3,39773384.9,40481433.6,39767187.5,39644273.1,39686877.2,39766391.4,37411043.4,35782335,34713334.7,36773994.2,35913019.9,35707322.2,124326854.5,201973987.2,192052733.4,173322242.2,129023255.4,..
"Use of IMF credit (DOD, current US$)",DT.DOD.DIMF.CD,Morocco,MAR,749630852.5,574377745,438768000,284527449.8,147536815.9,51775933.6,3307308.1,0,0,117609009.1,111645055,107687937,116495909.3,127331283.3,133075873.9,122472717,128910531.6,135410042.3,131984196,880135738.3,864606804.3,861934435.3,862860719.7,864589494.7,813391015.1,777979632.5,754737425.1,799540289.5,780820984.3,776348704.4,3906327819.5,4084664230.4,3884019627.3,3915614350.5,3284937766.7,..
"Use of IMF credit (DOD, current US$)",DT.DOD.DIMF.CD,Mozambique,MOZ,73764921,117795915,174460000,189358975,212028607.3,201843046.2,181021912.1,189040713.3,207318342.1,348971713.4,361300924.7,332691689.8,348034477.1,370880363.6,366320979.7,312492814.3,173484483.4,187382973,182642222.3,341722018.6,357311686.7,354715007.8,352855375.8,350562416.9,326743202.2,398591543.4,354828301.9,343071088.5,303440123,375009852.6,688503057,947337482.7,1026788554.2,1070704644.9,1148158822.7,..
"Use of IMF credit (DOD, current US$)",DT.DOD.DIMF.CD,Myanmar,MMR,0,0,0,0,0,0,0,0,0,59668497.8,56642709.3,54635080,59103772.5,64601059.8,67515556.7,62136084,65402285.6,68699788.5,66961698,385273926.7,378476232.8,377306419.9,377711895.1,378468655.6,356056874.3,340555761.1,330381628.9,349993805,341799545.2,339841832.4,726124309.5,1760533693.1,1674053736.8,1629888373.1,1387710096.1,..
"Use of IMF credit (DOD, current US$)",DT.DOD.DIMF.CD,Namibia,NAM,..,..,..,..,..,..,..,..,..,..,..,..,..,..,..,..,..,..,..,..,..,..,..,..,..,..,..,..,..,..,..,..,..,..,..,..
"Use of IMF credit (DOD, current US$)",DT.DOD.DIMF.CD,Naoero,NRU,..,..,..,..,..,..,..,..,..,..,..,..,..,..,..,..,..,..,..,..,..,..,..,..,..,..,..,..,..,..,..,..,..,..,..,..
"Use of IMF credit (DOD, current US$)",DT.DOD.DIMF.CD,Nepal,NPL,43941699.4,38475707.6,43594375,49184434.8,54996927.3,48238087.4,39154213.6,29692943.8,24158979.3,28786749.6,22953104.9,17920718.5,14822574.7,23470599,34732758,31965337.7,55098349.1,91662085.2,89343053.3,182751265.5,219056329.7,214000669.7,203821088.7,188860260.4,165284023.7,193660005.5,170623931.2,168062080.9,156194238,147411972.8,370271418.6,560307798.7,632511448.6,733277430.4,744414391.4,..
"Use of IMF credit (DOD, current US$)",DT.DOD.DIMF.CD,Netherlands,NLD,..,..,..,..,..,..,..,..,..,..,..,..,..,..,..,..,..,..,..,..,..,..,..,..,..,..,..,..,..,..,..,..,..,..,..,..
"Use of IMF credit (DOD, current US$)",DT.DOD.DIMF.CD,New Caledonia,NCL,..,..,..,..,..,..,..,..,..,..,..,..,..,..,..,..,..,..,..,..,..,..,..,..,..,..,..,..,..,..,..,..,..,..,..,..
"Use of IMF credit (DOD, current US$)",DT.DOD.DIMF.CD,New Zealand,NZL,..,..,..,..,..,..,..,..,..,..,..,..,..,..,..,..,..,..,..,..,..,..,..,..,..,..,..,..,..,..,..,..,..,..,..,..
"Use of IMF credit (DOD, current US$)",DT.DOD.DIMF.CD,Nicaragua,NIC,0,24360223.8,23416250,23391726,50979420.3,39252255.2,28787959.8,27011984.2,51869010.4,182044231.3,193895157.4,181990841.5,200901708.5,242187848.5,277974812.9,228631746.3,92164057.2,115615830.8,141031742,345554536.2,359170027.1,372962752.7,360521057.4,344709944.2,303411646.1,263629699.6,227659894.8,218957790.1,195445157.6,181133557.5,369008303.2,705032799.5,670400570.7,675853972.6,600431407.7,..
"Use of IMF credit (DOD, current US$)",DT.DOD.DIMF.CD,Niger,NER,84871627.6,73383922.7,61300250,51845020.4,60986691.6,52080664,52640840.8,60745931.7,76132183.9,81056320.9,86212251.8,92574502,119209511.2,145391762.7,150056485.2,141087529.5,40669949.6,54975317.3,65167283.4,155401521.3,157581584.7,152585435.8,163620047.2,172850601.6,201633093,236549752.6,239406665.8,286917475.7,311380152,345667676.6,497916651.6,687211771.1,737131738.9,735782327.5,751576698.7,..
"Use of IMF credit (DOD, current US$)",DT.DOD.DIMF.CD,Nigeria,NGA,..,..,..,..,..,..,..,..,..,215696807.7,204758821.1,197501403.2,213655365.6,233527615.4,244063286.6,224616926.9,236423982,248344188.8,242061131.9,2626469401.9,2580128515.9,2572153728.5,2574917913.1,2580076861.4,2427291719.8,2321618367,2252259821.7,2385958890.9,2330097424.9,2316751410.8,5948128731.2,9072731293.3,8627065635.9,7873960876.9,6053177393.6,..
"Use of IMF credit (DOD, current US$)",DT.DOD.DIMF.CD,North Macedonia,MKD,..,..,..,3858329.9,20475855.4,56615945.1,68153553.5,88089831.4,102396168.1,113206946.5,92108823.7,81323870.4,78778330,80799164,75556567.3,74142944,68273724.9,13240431.2,12906991.3,102868488,101053497.5,403187811.2,403621100,404429770.7,273450358.2,90927483.3,88211017.1,93447416,91259570.4,90736866.3,296575761.7,476404947.3,565033677,522570907.2,571997360.4,..
"Use of IMF credit (DOD, current US$)",DT.DOD.DIMF.CD,Northern Mariana Islands,MNP,..,..,..,..,..,..,..,..,..,..,..,..,..,..,..,..,..,..,..,..,..,..,..,..,..,..,..,..,..,..,..,..,..,..,..,..
"Use of IMF credit (DOD, current US$)",DT.DOD.DIMF.CD,Norway,NOR,..,..,..,..,..,..,..,..,..,..,..,..,..,..,..,..,..,..,..,..,..,..,..,..,..,..,..,..,..,..,..,..,..,..,..,..
"Use of IMF credit (DOD, current US$)",DT.DOD.DIMF.CD,Oman,OMN,..,..,..,..,..,..,..,..,..,..,..,..,..,..,..,..,..,..,..,..,..,..,..,..,..,..,..,..,..,..,..,..,..,..,..,..
"Use of IMF credit (DOD, current US$)",DT.DOD.DIMF.CD,Pakistan,PAK,835465620.9,1067634371.2,1127311625,1121515821.3,1557417565.5,1612773283.6,1395553149.5,1281173552.3,1360202068.9,1936844882,1750716258.3,2020512684.5,2262707595.4,2360640175.4,2139925092.2,1735155219,1718002234,1649951667,4613647744.5,9044789416.3,10257984673.5,9961776336.4,7683737621.6,5112541985.8,5000705568,6358513443.7,7234607401.4,7664069520.5,7276015104,8097223701.1,8902391565.8,10840580663.5,11521584289.7,11532067244.5,12320673663.8,..
"Use of IMF credit (DOD, current US$)",DT.DOD.DIMF.CD,Palau,PLW,..,..,..,..,..,..,..,..,..,..,..,..,..,..,..,..,..,..,..,..,..,..,..,..,..,..,..,..,..,..,..,..,..,..,..,..
"Use of IMF credit (DOD, current US$)",DT.DOD.DIMF.CD,Panama,PAN,..,..,..,..,..,..,..,..,..,..,..,..,..,..,..,..,..,..,..,..,..,..,..,..,..,..,..,..,..,..,..,..,..,..,..,..
"Use of IMF credit (DOD, current US$)",DT.DOD.DIMF.CD,Papua New Guinea,PNG,61047763.3,61272471.4,58898125,44126987,15633533.2,49559577,50817507.4,47682493.6,45549771.6,34285299.1,51054528.4,119188273.2,128936876.8,135357007.3,78708099.8,13292211,13990920,14696325,14324511,196736185.8,193265013,192667660.1,192874711.8,193261143.8,181816337.9,173900873.1,168705569.8,178720301.5,174535997.2,173536313.7,559823711.2,897083666.3,853017621.7,1036547079.2,1254681843.3,..
"Use of IMF credit (DOD, current US$)",DT.DOD.DIMF.CD,Paraguay,PRY,..,..,..,..,..,..,..,..,..,18799269.4,17845958.3,17213430.8,18621345.4,20353331.1,21271578,19576711.2,20605766.8,21644684.2,21097078.2,149233949.7,146600896.6,146147775.4,146304834.2,146597961.7,137917545.6,131913236.6,127972317.5,135569034.2,132395012.6,131636698.5,137104916.4,403399333.5,383583775.9,386704054.5,375885507.4,..
"Use of IMF credit (DOD, current US$)",DT.DOD.DIMF.CD,Peru,PER,754668491.6,705792784.6,630741375,882767751.2,938225127.3,955346319.3,924156779,1011436897.5,904680416.7,860178070.9,676998550.6,501581050.7,360614039.5,274821235.7,245676864,187868965.9,157501653.6,144306849.8,140655916.1,956123263.8,939253621.5,936350530.5,937356786.7,939234817.5,883616043.5,845147379.4,819898529.8,868569499.9,848234042.4,843375643.2,878409655.6,2643764179.6,2513898666.9,2534348082.8,2463446410.5,..
"Use of IMF credit (DOD, current US$)",DT.DOD.DIMF.CD,Philippines,PHL,911737268.9,1085725020.1,1100165000,1209747818.4,1063589742.1,727602671.2,405418450.5,855177561.3,1568489135.7,1982357309.4,2183438727.5,2098403553.1,1844542355.2,1370609691,937288125.4,555497219.7,175407022.4,184249248.8,179587780.7,1313668879,1290490775.4,1286502063.4,1287884612.7,1290464939.6,1214047903.3,1161193723.7,1126502962.9,1193374642.7,1165434657.1,1158759439.5,1206894565.1,3913253173.9,3721028529.3,3751297394.5,3646349988,..
"Use of IMF credit (DOD, current US$)",DT.DOD.DIMF.CD,Poland,POL,..,..,..,..,..,..,..,..,..,..,..,..,..,..,..,..,..,..,..,..,..,..,..,..,..,..,..,..,..,..,..,..,..,..,..,..
"Use of IMF credit (DOD, current US$)",DT.DOD.DIMF.CD,Portugal,PRT,..,..,..,..,..,..,..,..,..,..,..,..,..,..,..,..,..,..,..,..,..,..,..,..,..,..,..,..,..,..,..,..,..,..,..,..
"Use of IMF credit (DOD, current US$)",DT.DOD.DIMF.CD,Puerto Rico (US),PRI,..,..,..,..,..,..,..,..,..,..,..,..,..,..,..,..,..,..,..,..,..,..,..,..,..,..,..,..,..,..,..,..,..,..,..,..
"Use of IMF credit (DOD, current US$)",DT.DOD.DIMF.CD,Qatar,QAT,..,..,..,..,..,..,..,..,..,..,..,..,..,..,..,..,..,..,..,..,..,..,..,..,..,..,..,..,..,..,..,..,..,..,..,..
"Use of IMF credit (DOD, current US$)",DT.DOD.DIMF.CD,Romania,ROU,..,..,..,..,..,..,..,..,..,..,..,..,..,..,..,..,..,..,..,..,..,..,..,..,..,..,..,..,..,..,..,..,..,..,..,..
"Use of IMF credit (DOD, current US$)",DT.DOD.DIMF.CD,Russian Federation,RUS,..,..,988625000,2468664962.3,4197871534.2,9617293074.6,12507607840.7,13230629062.4,19335057150.4,23022598081.1,19002404990.9,14561291370.8,14192114345.2,13497061899.1,12370613856.9,8106537259.2,8532674830.3,8962866011.2,8736107344.5,8891628171,8734746111.9,8707748331.6,8717106179.6,8734571241.1,8217336690.7,7859590849.2,7624784906.9,8077408816.2,7888295793.6,7843114289.2,8168919006.5,25247859671.1,24007648359.1,..,..,..
"Use of IMF credit (DOD, current US$)",DT.DOD.DIMF.CD,Rwanda,RWA,101008.9,12530567.3,12045000,12032385.2,12788285.6,26288575.9,24170670.2,40385749.7,56433843.7,94679854.8,103681669.1,101522419.6,103528807.5,112238286.1,113531243.1,96592925.2,24897820,29756107.5,32515099.7,135675431.7,133193820.5,132168030.5,131258812.7,129764655.8,119438037.5,111621983.8,203276405.3,290711369.3,307851713.8,305607219.4,520191843.8,678360739.8,613058505.2,813435479.1,1102168515,..
"Use of IMF credit (DOD, current US$)",DT.DOD.DIMF.CD,Samoa,WSM,835101.4,226007.9,0,..,..,..,..,..,..,1567406.4,1487923.2,1435185.7,1552571.8,1696977.7,1773537.4,1632226.3,1718024.8,1804645.5,1758988.3,26479908.2,26012702.2,25932300.8,25960169.2,34944176.6,32874834.8,29836165,27385382.2,27359042.8,24298519.5,20951190.4,43483145.3,62363102.3,57755957.8,57447607.8,55840436.5,..
"Use of IMF credit (DOD, current US$)",DT.DOD.DIMF.CD,San Marino,SMR,..,..,..,..,..,..,..,..,..,..,..,..,..,..,..,..,..,..,..,..,..,..,..,..,..,..,..,..,..,..,..,..,..,..,..,..
"Use of IMF credit (DOD, current US$)",DT.DOD.DIMF.CD,Sao Tome and Principe,STP,1138128,1144344,1100000,1098848,1051092,832434.4,575184,323820,114050.4,852328.7,3285939,3169473.1,3428709.4,3747616.3,3916691.2,4073419.5,4988590.4,3546081,4757894,15578231.1,15873183.2,15824121.5,16409787.4,16970884.7,14931384.6,14185723.9,14700267.8,16807632.2,16760429.2,18835467.3,36974572.1,60532433.5,61956100.8,61460541.5,63918246.4,..
"Use of IMF credit (DOD, current US$)",DT.DOD.DIMF.CD,Saudi Arabia,SAU,..,..,..,..,..,..,..,..,..,..,..,..,..,..,..,..,..,..,..,..,..,..,..,..,..,..,..,..,..,..,..,..,..,..,..,..
"Use of IMF credit (DOD, current US$)",DT.DOD.DIMF.CD,Senegal,SEN,314338149.7,327425439.5,271360375,244227200.8,299889676.8,346810011.5,325628924.4,292097774.4,292543583.9,305570127.6,286438248.9,279040559.1,285811889.6,276030815.2,242170167.3,183311023.8,62871884.8,66041808,101753316.7,409355838.3,451434228.5,446845551.9,441998793.5,437546718.2,394893541.8,344232104.4,299457965.5,282670707.4,242298144,218536223.8,689024434.1,1284765561.1,1609224344.3,2266353610.4,2034142244.6,..
"Use of IMF credit (DOD, current US$)",DT.DOD.DIMF.CD,Serbia,SRB,466552811,307310732.1,195881125,78049797.1,82953053.9,84466821.9,80606287.4,75633555.7,78928531.5,154147687.1,226171882.5,343828505.5,643854800.8,1000934230.7,1052362745,947484231.9,85246520.6,89546125.8,87280627.2,2298516898.4,2719814255.8,2783104830,2516538409.1,1646808504.2,829510419.8,632878398,598276029,633791002.6,618952316.7,615407166.1,640971317.1,1501249137.5,2473229412.1,2712979311.5,2637080199.1,..
"Use of IMF credit (DOD, current US$)",DT.DOD.DIMF.CD,Seychelles,SYC,..,..,..,..,..,..,..,..,..,..,..,..,..,..,..,..,..,..,..,..,..,..,..,..,..,..,..,..,..,..,..,..,..,..,..,..
"Use of IMF credit (DOD, current US$)",DT.DOD.DIMF.CD,Sierra Leone,SLE,108356898.9,101135696.1,92086500,83806386.9,146288644.2,164923093.8,170846906.9,167128893.9,190714851.9,218786322.8,196297723.6,173764286.9,193049121,194996413.3,222861594.1,217031791,61030499.2,64107582,80044751.4,229201945.2,266222853.2,274009792.7,274024540,281144735.3,303171144.5,390985268.3,443935988.3,509458387.5,501092466.8,502914304.9,651946162.8,958924720,891822364.3,880219765.4,841757608.3,..
"Use of IMF credit (DOD, current US$)",DT.DOD.DIMF.CD,Singapore,SGP,..,..,..,..,..,..,..,..,..,..,..,..,..,..,..,..,..,..,..,..,..,..,..,..,..,..,..,..,..,..,..,..,..,..,..,..
"Use of IMF credit (DOD, current US$)",DT.DOD.DIMF.CD,Sint Maarten (Dutch part),SXM,..,..,..,..,..,..,..,..,..,..,..,..,..,..,..,..,..,..,..,..,..,..,..,..,..,..,..,..,..,..,..,..,..,..,..,..
"Use of IMF credit (DOD, current US$)",DT.DOD.DIMF.CD,Slovak Republic,SVK,..,..,..,..,..,..,..,..,..,..,..,..,..,..,..,..,..,..,..,..,..,..,..,..,..,..,..,..,..,..,..,..,..,..,..,..
"Use of IMF credit (DOD, current US$)",DT.DOD.DIMF.CD,Slovenia,SVN,..,..,..,..,..,..,..,..,..,..,..,..,..,..,..,..,..,..,..,..,..,..,..,..,..,..,..,..,..,..,..,..,..,..,..,..
"Use of IMF credit (DOD, current US$)",DT.DOD.DIMF.CD,Solomon Islands,SLB,667227.5,0,0,0,0,0,0,0,0,898170.5,852624.3,822404.1,889669.9,972418.8,1016289.7,935314.3,984479.4,1034115.6,1007952.7,15533152.2,24868875.7,34372094.6,34638033.9,34935352.4,31789679.9,27729854.6,23572857.4,21021645.4,17113690.3,14974618.3,25342964,71650806.9,67932920.2,63593796.2,52616615.8,..
"Use of IMF credit (DOD, current US$)",DT.DOD.DIMF.CD,"Somalia, Fed. Rep.",SOM,159343610.7,160213887.8,154005500,153844208.9,163509034.3,166489854.3,161054399.2,151121392.4,157704995.8,172525874.5,163777089.9,157972217.7,170893023.5,186787915,195214910,179660668.3,189104584.4,198639005.2,193613479.3,248426963.5,244043769.2,243289466.8,243351120.1,243338183.8,228928579.7,218962060,212420550,225030298.4,219761757.5,218503036,443673260.7,650336672.3,646338915.3,374635736.7,383716835.9,..
"Use of IMF credit (DOD, current US$)",DT.DOD.DIMF.CD,South Africa,ZAF,..,..,..,843956441.2,896975607,913344057.6,883525780.4,414509826.2,0,302446302.2,287109247.6,276933022.8,299583827.2,327448349.2,342221283.6,314953937.2,331509584,348223890,339413897.2,2798977460.8,2749592878.1,2741094302,2744040039.8,2749537830.8,2586718224.8,2474104159.8,2400190088.5,2542670622,2483140129.2,2468917538,6966024066.9,10862321954.2,10328749020.2,9901055893.9,7634473233.9,..
"Use of IMF credit (DOD, current US$)",DT.DOD.DIMF.CD,South Sudan,SSD,..,..,..,..,..,..,..,..,..,..,..,..,..,..,..,..,..,..,..,..,..,..,..,..,..,..,..,..,..,..,..,..,..,..,..,..
"Use of IMF credit (DOD, current US$)",DT.DOD.DIMF.CD,Spain,ESP,..,..,..,..,..,..,..,..,..,..,..,..,..,..,..,..,..,..,..,..,..,..,..,..,..,..,..,..,..,..,..,..,..,..,..,..
"Use of IMF credit (DOD, current US$)",DT.DOD.DIMF.CD,Sri Lanka,LKA,409865500.7,400763588.4,464433750,516057462.4,617201202.8,595300600.8,530952361,433387182.3,367262105.7,355469101.3,252853137.9,303397243.1,406317023.4,498584542.2,403986044.3,482583010.7,350943423.2,363193598.3,277784614,1341224960.9,1919837135.9,2325235818.5,3118078797.9,2664811798.3,1820727763.7,1240208081.3,1085545207.1,1328597612.3,1544738287.8,1863620209.7,1926645686.8,2592730789.6,2326445329.6,2853755333.1,2898195338.5,..
"Use of IMF credit (DOD, current US$)",DT.DOD.DIMF.CD,St. Kitts and Nevis,KNA,0,0,0,0,0,0,0,0,2288000,2230000,2117000,2042000,1105000,0,0,0,0,0,0,3488000,3427000,..,..,..,..,..,..,..,..,..,..,..,..,..,..,..
"Use of IMF credit (DOD, current US$)",DT.DOD.DIMF.CD,St. Lucia,LCA,..,..,..,..,..,..,..,..,..,1017853.4,966238.1,931991,1008220,1101995.4,1151712.2,1059946.6,1115663,1171913.4,1142264.2,33637574.7,33044080.3,41170993.2,41215237.9,41297814.3,38020990.3,33396106.9,29774259.8,28488381.2,24839537.4,21732486.9,52353758.7,79046260.7,75163394.3,75774814.2,73654915.5,..
"Use of IMF credit (DOD, current US$)",DT.DOD.DIMF.CD,St. Martin (French part),MAF,..,..,..,..,..,..,..,..,..,..,..,..,..,..,..,..,..,..,..,..,..,..,..,..,..,..,..,..,..,..,..,..,..,..,..,..
"Use of IMF credit (DOD, current US$)",DT.DOD.DIMF.CD,St. Vincent and the Grenadines,VCT,..,..,..,..,..,..,..,..,..,485319.5,460709,444379.7,480726.3,525439,549144.3,505389.9,531955.8,558776.4,544639.5,18258600.2,17936449.2,22978106.7,23002800.2,23048887.2,27156401.4,24938993.1,22910101.9,21891791.5,17973199.4,15360426.6,31294153.2,56323854.8,53004845.6,52879222.9,50858642.2,..
"Use of IMF credit (DOD, current US$)",DT.DOD.DIMF.CD,Sudan,SDN,955506826.5,960725459.3,923496750,922529564.6,980448367.5,959779032.6,893188871.8,796757736.6,772120021.2,786379581.6,692968318.4,616774179.2,644120183.2,676190648.5,673913159.4,592856908.2,596444954.8,564591720,486475796.3,681558358.6,663671728.8,651323364,644612285.8,638537975.6,590503952.4,557351924.3,531084983.3,554932417.7,541940015.3,528204801.9,547551183.5,2504860089.6,2381817746.3,2401192744.3,2334016265.2,..
"Use of IMF credit (DOD, current US$)",DT.DOD.DIMF.CD,Suriname,SUR,..,..,..,..,..,..,..,..,..,..,..,..,..,..,..,..,..,..,..,..,..,..,..,..,..,122071778.1,196396115.5,208054618.4,203183521.9,181968784.1,147760022.5,351349838.3,386526271.5,548255829.6,..,..
"Use of IMF credit (DOD, current US$)",DT.DOD.DIMF.CD,Sweden,SWE,..,..,..,..,..,..,..,..,..,..,..,..,..,..,..,..,..,..,..,..,..,..,..,..,..,..,..,..,..,..,..,..,..,..,..,..
"Use of IMF credit (DOD, current US$)",DT.DOD.DIMF.CD,Switzerland,CHE,..,..,..,..,..,..,..,..,..,..,..,..,..,..,..,..,..,..,..,..,..,..,..,..,..,..,..,..,..,..,..,..,..,..,..,..
"Use of IMF credit (DOD, current US$)",DT.DOD.DIMF.CD,Syrian Arab Republic,SYR,..,..,..,..,..,..,..,..,..,50184455.4,47639601.2,45951075.7,49709489.3,54333007.1,56784257.6,52259828.3,55006881.6,57780261,56318432.3,437671453.5,429949268.4,428620360.2,429080980.3,429940660.8,404480284.7,386871034.2,375313229.3,397592643.5,388283971.8,386060011.9,402097030.9,784591311.6,746051053.8,752119837.9,731078310.7,..
"Use of IMF credit (DOD, current US$)",DT.DOD.DIMF.CD,Tajikistan,TJK,..,..,..,..,..,..,21569400.4,30358124.1,98984511.3,213141773.4,217733753.9,213315372.1,205625260.1,221771253.7,249698268.4,244392915.5,167715666.1,176171683.9,141525284.6,169598075.1,226920996.5,246247215.1,286610086.5,287184321,266396126.5,243945396.6,217356936.2,204239362.8,170417863.4,144177543.7,329979908.3,544944457.1,516440578.4,520641586.3,506075963.3,..
"Use of IMF credit (DOD, current US$)",DT.DOD.DIMF.CD,Tanzania,TZA,139918611,143329091.5,220687500,214577535.7,212437365.3,197227494.7,206214971.8,246039777.8,267863633.5,355441649.7,364439561.9,380276444.2,442183880,483868981.2,471681750.2,387336457.8,59832996.8,67274403,65572374.4,628034506,647153582.7,643003950.7,640682596.8,753400569.2,682487134.6,592178105.1,514532226.3,458750664,364095324.8,300580648.5,274386985.7,1357025191.3,1443892292.1,1759847854.7,2061895533.6,..
"Use of IMF credit (DOD, current US$)",DT.DOD.DIMF.CD,Thailand,THA,719866,0,0,0,0,0,0,2428649926.2,3238469076.2,3547460607,3172132437.3,1787261083,505948087,125790332.4,131465402.5,120990564,127350468.8,133771323,130386936,1521076907.5,1494239339.4,1489620871.4,1491221703.8,1494209424.5,1405726257,1344527264.9,1304359399,1381789025.9,1349437772.5,1341708646.9,1397443523.5,5666574760,5388224428.2,5432055169.5,5280086385.9,..
"Use of IMF credit (DOD, current US$)",DT.DOD.DIMF.CD,Timor-Leste,TLS,..,..,..,..,..,..,..,..,..,..,..,..,..,..,..,..,..,..,..,..,..,..,11877316.9,11901113.6,11196365.2,10708925.9,10388995.8,11005709.4,10748037.2,10686476.1,11130394.7,45156495.6,42938343.3,43287627.1,42076599.7,..
"Use of IMF credit (DOD, current US$)",DT.DOD.DIMF.CD,Togo,TGO,86952979.2,79087047.3,76747000,68499434.8,81808531.5,104696464.5,89918516.5,87625689.3,94839270.9,98023289,83804474.2,70714940.3,66596087.2,58266369.7,44029386.6,29655923.3,24679682,19059395.2,65014796.8,201198294,241449926,254214016.7,254487209.7,253198365.8,226551090.7,200610830.1,171331049.8,226017223.5,266043128.4,318867134,459245443.4,641968500.7,607084347.5,595137789.5,676668509.8,..
"Use of IMF credit (DOD, current US$)",DT.DOD.DIMF.CD,Tonga,TON,..,..,..,..,..,..,..,..,..,9032250.6,8574225.3,8270322.7,8946765.9,9778911.5,10220090.1,9405778.6,9900196.1,10399351.9,10136250.4,10316696.7,10134671,10103346.3,10114203.9,10134468.1,9534585.9,9119492.9,8847047.3,9372227.4,9152799.3,9100375.2,9478406.8,37380352.2,44726997.4,45090831,43829356.6,..
"Use of IMF credit (DOD, current US$)",DT.DOD.DIMF.CD,Trinidad and Tobago,TTO,..,..,..,..,..,..,..,..,..,..,..,..,..,..,..,..,..,..,..,..,..,..,..,..,..,..,..,..,..,..,..,..,..,..,..,..
"Use of IMF credit (DOD, current US$)",DT.DOD.DIMF.CD,Tunisia,TUN,176025721.8,257620452.8,290193750,284738978,302626895.4,292999073.1,237267718.6,173228853,129221956.3,122707881.5,76848237.6,43034205.4,46554043.4,50884070.7,53179721.4,48942492.6,51515169.2,54112500.8,52743465.6,427627867.3,420082889.1,418784476.4,419234526.3,572226396.8,1536676499.3,1767535381.1,1987080971.7,2105458564.1,2280234765.6,2132216102.5,2824003514.3,3396078058.1,3108823094.9,2711233799.3,2027372481.8,..
"Use of IMF credit (DOD, current US$)",DT.DOD.DIMF.CD,Turkiye,TUR,0,0,0,0,343794664.1,684528650.2,662180593.2,594260953.4,388352987.5,1044688702.4,4322543336.4,14257811723.9,22238983295.8,24258586557.5,21681036821.6,14806725521.4,10930976417.6,7335940846.6,8697377917.7,9637634072.5,7276707540.1,4521414242.9,2510465994.1,1649846877.9,1552148288.1,1484574740.1,1440222944,1525717728.1,1489996731.6,1481462531.6,1543002815.7,7748694528.8,7368067468.5,7428003327.3,7220195307.2,..
"Use of IMF credit (DOD, current US$)",DT.DOD.DIMF.CD,Turkmenistan,TKM,..,..,..,..,..,..,..,..,..,95826004.4,90966669.4,87742470.7,94919070.7,103747566.4,108428170.2,99788881.5,105034313.5,110330014.6,107538687.9,109453099.6,107521931.6,107189597.5,107304789.7,107519779,101152669.3,96748937.5,93858554.8,99430203.9,97102285.8,96546116.5,100556663.8,417785758.6,397263519,400495076.1,389290707.3,..
"Use of IMF credit (DOD, current US$)",DT.DOD.DIMF.CD,Turks and Caicos Islands,TCA,..,..,..,..,..,..,..,..,..,..,..,..,..,..,..,..,..,..,..,..,..,..,..,..,..,..,..,..,..,..,..,..,..,..,..,..
"Use of IMF credit (DOD, current US$)",DT.DOD.DIMF.CD,Tuvalu,TUV,..,..,..,..,..,..,..,..,..,..,..,..,..,..,..,..,..,..,..,..,..,..,..,..,..,..,..,..,..,..,..,..,..,..,..,..
"Use of IMF credit (DOD, current US$)",DT.DOD.DIMF.CD,Uganda,UGA,281993974.6,330300603.9,343898500,333808033.7,383343459.2,417180448.7,417083182.2,393627484.5,398113451.7,412035725.1,354378490.9,312328823.3,296792732.6,279652124.1,237175687.2,173118899.5,53249742.4,55934529,54519396.9,280710979,275450166.2,273063521.4,271512667.3,270208654.5,252468763.7,240091679.9,232650054.3,246460670.4,240690388.9,239311795.4,769189776.9,1484357439.5,1531552309.5,1907267824.1,1971607685,..
"Use of IMF credit (DOD, current US$)",DT.DOD.DIMF.CD,Ukraine,UKR,..,..,..,..,363977089.7,1541936088.6,2262342513.1,2402423205.5,2795004385.1,4603478548.2,3779269474.8,3556778897.8,3656343934.1,3781675366.8,3638889412.4,3059060006.3,2800170409.8,2500501318.3,6725937672.1,13026631323.7,16261859619.3,16211596668.7,12794963206.1,7189976453.4,7607476703.3,12485727667.9,13075404912.7,14001431254.9,12997230934,11328387888.2,12824418311.6,14505204389.7,14434274284.3,16476879008.2,18916012425.8,..
"Use of IMF credit (DOD, current US$)",DT.DOD.DIMF.CD,United Arab Emirates,ARE,..,..,..,..,..,..,..,..,..,..,..,..,..,..,..,..,..,..,..,..,..,..,..,..,..,..,..,..,..,..,..,..,..,..,..,..
"Use of IMF credit (DOD, current US$)",DT.DOD.DIMF.CD,United Kingdom,GBR,..,..,..,..,..,..,..,..,..,..,..,..,..,..,..,..,..,..,..,..,..,..,..,..,..,..,..,..,..,..,..,..,..,..,..,..
"Use of IMF credit (DOD, current US$)",DT.DOD.DIMF.CD,United States,USA,..,..,..,..,..,..,..,..,..,..,..,..,..,..,..,..,..,..,..,..,..,..,..,..,..,..,..,..,..,..,..,..,..,..,..,..
"Use of IMF credit (DOD, current US$)",DT.DOD.DIMF.CD,Uruguay,URY,..,..,..,..,..,..,..,..,..,..,..,..,..,..,..,..,..,..,..,..,..,..,..,..,..,..,..,..,..,..,..,..,..,..,..,..
"Use of IMF credit (DOD, current US$)",DT.DOD.DIMF.CD,Uzbekistan,UZB,..,..,..,..,..,157493616.7,237550996.7,222896093.2,232606561.5,562212990.9,469404571.2,408605626.7,419424128.5,433730837.8,427479948.5,375597834.7,395341245.9,415273865.9,404767522.5,411973223.7,404704452.9,403453572.6,403887147,404696350.7,380731472.7,364156138.6,353276943.1,374248235.1,365486116.4,363392734.9,775426139.4,1492932750.9,1419597739.2,1369578984.1,1211577585.5,..
"Use of IMF credit (DOD, current US$)",DT.DOD.DIMF.CD,Vanuatu,VUT,..,..,..,..,..,..,..,..,..,22326264,21194099.5,20442901.4,22114959.7,24171889.1,25262411.4,23249564.9,24471685.2,25705517.5,25055173.2,25501207.2,25051269.1,24973839.5,25000677.8,25050767.6,23567711.4,46099099.1,44721884.7,47376673.6,43312031.1,37186945.7,34446900.9,63020911.3,57662798.8,55851021,52071487.4,..
"Use of IMF credit (DOD, current US$)",DT.DOD.DIMF.CD,"Venezuela, RB",VEN,..,..,..,..,..,..,..,..,..,..,..,..,..,..,..,..,..,..,..,..,..,..,..,..,..,..,..,..,..,..,..,..,..,..,..,..
"Use of IMF credit (DOD, current US$)",DT.DOD.DIMF.CD,Viet Nam,VNM,111687346,102327244.4,98362000,99555625.3,282276587,377211705.3,538602308.3,452390018.8,391249305.3,420497249.7,378189171.2,425827879.7,445774372.4,409451603.7,351318816.2,271529856.1,252314959.2,238867429.5,194563825.9,577869347.8,529419194.7,496002751,483810087.4,484779419.8,456072231.6,436216900.1,423184883.3,448306063.5,437810059.6,435302430.9,453384991,1987403655.5,1889779519.1,1905152011.2,1851852914.5,..
"Use of IMF credit (DOD, current US$)",DT.DOD.DIMF.CD,Virgin Islands (U.S.),VIR,..,..,..,..,..,..,..,..,..,..,..,..,..,..,..,..,..,..,..,..,..,..,..,..,..,..,..,..,..,..,..,..,..,..,..,..
"Use of IMF credit (DOD, current US$)",DT.DOD.DIMF.CD,West Bank and Gaza,PSE,..,..,..,..,..,..,..,..,..,..,..,..,..,..,..,..,..,..,..,..,..,..,..,..,..,..,..,..,..,..,..,..,..,..,..,..
"Use of IMF credit (DOD, current US$)",DT.DOD.DIMF.CD,"Yemen, Rep.",YEM,156492.6,0,0,0,0,0,120788642.4,250117211.2,335639159.1,447943330.6,354748517.3,409803315.5,424840483.4,444096994.2,420854838.9,333367222.6,289461604,214639036.5,139588509,416615660.2,435507090.4,409980501.3,503981088.2,504990833.9,545715593.8,521957593.9,497010206.2,507935988,469432487.5,440287517.1,409956575.9,1020977112.5,956236533.5,950933802,911614883.8,..
"Use of IMF credit (DOD, current US$)",DT.DOD.DIMF.CD,Zambia,ZMB,948559977.6,917809696.9,846491250,777215163.2,804692652,1238888343,1198441902.6,1138000591.4,1187577586.9,1265083604.7,1226989434.3,1068048328,1107841579.1,960220440.3,996373943.8,688756637.4,144136564,194878010.2,200709503.2,1080248955.7,1116999952.4,1136719304.5,1126101994.7,1110335573.6,1011128271.4,906917705.6,812764161.2,793620163.5,714790372.9,666541290.5,678334761.6,1968805852.5,2058253693.4,2450342125.8,3129346680.7,..
"Use of IMF credit (DOD, current US$)",DT.DOD.DIMF.CD,Zimbabwe,ZWE,6891365,0,216150000,281579790.1,375911363.1,460811903.5,437236192.1,385255388.6,407171308.9,382930278.3,293949525.1,274770190.4,294113118.7,316710730,309047437,125085422.6,128123730.4,134460312,129425807.6,542317089.1,528729079.6,527094857.9,520124249.2,519341619.6,486727497.2,463752752.4,455165191.5,482184792.8,470895600.2,468198468.7,487647537.5,1422011132.4,1352159892.9,1363159095.2,1325022952.8,..
,,,,,,,,,,,,,,,,,,,,,,,,,,,,,,,,,,,,,,,
,,,,,,,,,,,,,,,,,,,,,,,,,,,,,,,,,,,,,,,
,,,,,,,,,,,,,,,,,,,,,,,,,,,,,,,,,,,,,,,
Data from database: World Development Indicators,,,,,,,,,,,,,,,,,,,,,,,,,,,,,,,,,,,,,,,
Last Updated: 07/13/2026,,,,,,,,,,,,,,,,,,,,,,,,,,,,,,,,,,,,,,,
