"programnr","Arrangement.Number","Country.Name","MONA.Code","ISO3","Approval.Year","arrtype_group","nrquarters","approvaldate","nrcondtype_pc","nrcondtype_pa","nrcondtype_sb","nrcondtype_all","avgcondtype_all","avgcondtype_pc","avgcondtype_pa","avgcondtype_sb"
1,501,"UGANDA",746,"UGA",2002,"PRGF",12,"2002-09-13",32,8,98,138,11.5,2.66666666666667,0.666666666666667,8.16666666666667
1,501,"UGANDA",746,"UGA",2002,"PRGF",13,"2002-09-13",10,8,36,54,4.15384615384615,0.769230769230769,0.615384615384615,2.76923076923077
1,501,"UGANDA",746,"UGA",2002,"PRGF",14,"2002-09-13",10,8,37,55,3.92857142857143,0.714285714285714,0.571428571428571,2.64285714285714
4,505,"JORDAN",439,"JOR",2002,"EFF_SBA",8,"2002-07-03",8,12,23,43,5.375,1,1.5,2.875
13,514,"BURKINA FASO",748,"BFA",2003,"PRGF",12,"2003-06-11",8,6,11,25,2.08333333333333,0.666666666666667,0.5,0.916666666666667
13,514,"BURKINA FASO",748,"BFA",2003,"PRGF",13,"2003-06-11",45,22,66,133,10.2307692307692,3.46153846153846,1.69230769230769,5.07692307692308
14,515,"CAPE VERDE",624,"CPV",2002,"PRGF",11,"2002-04-10",15,4,28,47,4.27272727272727,1.36363636363636,0.363636363636364,2.54545454545455
14,515,"CAPE VERDE",624,"CPV",2002,"PRGF",12,"2002-04-10",9,6,13,28,2.33333333333333,0.75,0.5,1.08333333333333
14,515,"CAPE VERDE",624,"CPV",2002,"PRGF",13,"2002-04-10",18,4,38,60,4.61538461538461,1.38461538461538,0.307692307692308,2.92307692307692
15,516,"COTE D'IVOIRE",662,"CIV",2002,"PRGF",12,"2002-03-27",5,5,4,14,1.16666666666667,0.416666666666667,0.416666666666667,0.333333333333333
19,520,"GAMBIA, THE",648,"GMB",2002,"PRGF",12,"2002-07-23",0,3,5,8,0.666666666666667,0,0.25,0.416666666666667
20,521,"GHANA",652,"GHA",2003,"PRGF",12,"2003-05-09",17,26,36,79,6.58333333333333,1.41666666666667,2.16666666666667,3
20,521,"GHANA",652,"GHA",2003,"PRGF",14,"2003-05-09",41,42,65,148,10.5714285714286,2.92857142857143,3,4.64285714285714
23,524,"KENYA",664,"KEN",2003,"PRGF",12,"2003-11-21",16,10,20,46,3.83333333333333,1.33333333333333,0.833333333333333,1.66666666666667
23,524,"KENYA",664,"KEN",2003,"PRGF",16,"2003-11-21",36,18,48,102,6.375,2.25,1.125,3
24,525,"MAURITANIA",682,"MRT",2003,"PRGF",5,"2003-07-18",3,3,7,13,2.6,0.6,0.6,1.4
28,529,"RWANDA",714,"RWA",2002,"PRGF",12,"2002-08-12",22,20,42,84,7,1.83333333333333,1.66666666666667,3.5
28,529,"RWANDA",714,"RWA",2002,"PRGF",14,"2002-08-12",22,25,54,101,7.21428571428571,1.57142857142857,1.78571428571429,3.85714285714286
28,529,"RWANDA",714,"RWA",2002,"PRGF",16,"2002-08-12",11,15,28,54,3.375,0.6875,0.9375,1.75
29,530,"SENEGAL",722,"SEN",2003,"PRGF",12,"2003-04-28",16,22,25,63,5.25,1.33333333333333,1.83333333333333,2.08333333333333
31,532,"SIERRA LEONE",724,"SLE",2001,"PRGF",12,"2001-09-20",18,34,82,134,11.1666666666667,1.5,2.83333333333333,6.83333333333333
31,532,"SIERRA LEONE",724,"SLE",2001,"PRGF",14,"2001-09-20",11,17,49,77,5.5,0.785714285714286,1.21428571428571,3.5
31,532,"SIERRA LEONE",724,"SLE",2001,"PRGF",15,"2001-09-20",25,40,123,188,12.5333333333333,1.66666666666667,2.66666666666667,8.2
32,533,"TANZANIA",738,"TZA",2000,"PRGF",12,"2000-03-31",31,0,143,174,14.5,2.58333333333333,0,11.9166666666667
32,533,"TANZANIA",738,"TZA",2000,"PRGF",13,"2000-03-31",13,0,45,58,4.46153846153846,1,0,3.46153846153846
32,533,"TANZANIA",738,"TZA",2000,"PRGF",14,"2000-03-31",13,0,45,58,4.14285714285714,0.928571428571429,0,3.21428571428571
33,534,"TANZANIA",738,"TZA",2003,"PRGF",12,"2003-08-16",37,8,81,126,10.5,3.08333333333333,0.666666666666667,6.75
33,534,"TANZANIA",738,"TZA",2003,"PRGF",16,"2003-08-16",14,2,37,53,3.3125,0.875,0.125,2.3125
33,534,"TANZANIA",738,"TZA",2003,"PRGF",31,"2003-08-16",3,1,5,9,0.290322580645161,0.0967741935483871,0.032258064516129,0.161290322580645
36,538,"BURUNDI",618,"BDI",2004,"PRGF",12,"2004-01-23",9,19,19,47,3.91666666666667,0.75,1.58333333333333,1.58333333333333
36,538,"BURUNDI",618,"BDI",2004,"PRGF",15,"2004-01-23",11,53,36,100,6.66666666666667,0.733333333333333,3.53333333333333,2.4
36,538,"BURUNDI",618,"BDI",2004,"PRGF",16,"2004-01-23",6,41,19,66,4.125,0.375,2.5625,1.1875
38,540,"GABON",646,"GAB",2004,"EFF_SBA",5,"2004-05-28",10,30,110,150,30,2,6,22
41,543,"MALI",678,"MLI",2004,"PRGF",12,"2004-06-23",27,20,43,90,7.5,2.25,1.66666666666667,3.58333333333333
41,543,"MALI",678,"MLI",2004,"PRGF",14,"2004-06-23",20,16,50,86,6.14285714285714,1.42857142857143,1.14285714285714,3.57142857142857
42,544,"MOZAMBIQUE",688,"MOZ",2004,"PRGF",12,"2004-07-06",64,24,140,228,19,5.33333333333333,2,11.6666666666667
45,547,"ZAMBIA",754,"ZMB",2004,"PRGF",12,"2004-06-16",56,17,101,174,14.5,4.66666666666667,1.41666666666667,8.41666666666667
45,547,"ZAMBIA",754,"ZMB",2004,"PRGF",13,"2004-06-16",22,4,38,64,4.92307692307692,1.69230769230769,0.307692307692308,2.92307692307692
48,550,"CONGO, REPUBLIC OF",634,"COG",2004,"PRGF",12,"2004-12-07",12,11,24,47,3.91666666666667,1,0.916666666666667,2
48,550,"CONGO, REPUBLIC OF",634,"COG",2004,"PRGF",14,"2004-12-07",8,15,22,45,3.21428571428571,0.571428571428571,1.07142857142857,1.57142857142857
49,551,"NIGER",692,"NER",2005,"PRGF",12,"2005-01-31",61,9,60,130,10.8333333333333,5.08333333333333,0.75,5
49,551,"NIGER",692,"NER",2005,"PRGF",14,"2005-01-31",46,4,50,100,7.14285714285714,3.28571428571429,0.285714285714286,3.57142857142857
51,553,"CHAD",628,"TCD",2005,"PRGF",13,"2005-02-16",3,5,3,11,0.846153846153846,0.230769230769231,0.384615384615385,0.230769230769231
57,559,"MALAWI",676,"MWI",2005,"PRGF",12,"2005-08-05",27,16,68,111,9.25,2.25,1.33333333333333,5.66666666666667
58,560,"BENIN",638,"BEN",2005,"PRGF",12,"2005-08-05",7,20,36,63,5.25,0.583333333333333,1.66666666666667,3
58,560,"BENIN",638,"BEN",2005,"PRGF",16,"2005-08-05",12,36,89,137,8.5625,0.75,2.25,5.5625
59,561,"SAO TOME AND PRINCIPE",716,"STP",2005,"PRGF",12,"2005-08-01",44,29,147,220,18.3333333333333,3.66666666666667,2.41666666666667,12.25
61,563,"CAMEROON",622,"CMR",2005,"PRGF",12,"2005-10-24",37,0,168,205,17.0833333333333,3.08333333333333,0,14
61,563,"CAMEROON",622,"CMR",2005,"PRGF",13,"2005-10-24",22,0,120,142,10.9230769230769,1.69230769230769,0,9.23076923076923
62,564,"IRAQ",433,"IRQ",2005,"EFF_SBA",5,"2005-12-23",8,5,16,29,5.8,1.6,1,3.2
62,564,"IRAQ",433,"IRQ",2005,"EFF_SBA",7,"2005-12-23",9,6,14,29,4.14285714285714,1.28571428571429,0.857142857142857,2
62,564,"IRAQ",433,"IRQ",2005,"EFF_SBA",8,"2005-12-23",11,6,14,31,3.875,1.375,0.75,1.75
66,569,"RWANDA",714,"RWA",2006,"PRGF",12,"2006-06-05",27,15,77,119,9.91666666666667,2.25,1.25,6.41666666666667
66,569,"RWANDA",714,"RWA",2006,"PRGF",13,"2006-06-05",6,3,16,25,1.92307692307692,0.461538461538462,0.230769230769231,1.23076923076923
68,571,"MADAGASCAR",674,"MDG",2006,"PRGF",12,"2006-07-21",55,28,60,143,11.9166666666667,4.58333333333333,2.33333333333333,5
70,573,"SIERRA LEONE",724,"SLE",2006,"PRGF",12,"2006-05-10",7,21,10,38,3.16666666666667,0.583333333333333,1.75,0.833333333333333
70,573,"SIERRA LEONE",724,"SLE",2006,"PRGF",16,"2006-05-10",46,68,70,184,11.5,2.875,4.25,4.375
70,573,"SIERRA LEONE",724,"SLE",2006,"PRGF",17,"2006-05-10",13,18,24,55,3.23529411764706,0.764705882352941,1.05882352941176,1.41176470588235
71,574,"MAURITANIA",682,"MRT",2006,"PRGF",12,"2006-12-18",14,4,29,47,3.91666666666667,1.16666666666667,0.333333333333333,2.41666666666667
72,575,"CENTRAL AFRICAN REPUBLIC",626,"CAF",2006,"PRGF",12,"2006-12-22",37,9,27,73,6.08333333333333,3.08333333333333,0.75,2.25
72,575,"CENTRAL AFRICAN REPUBLIC",626,"CAF",2006,"PRGF",14,"2006-12-22",24,9,46,79,5.64285714285714,1.71428571428571,0.642857142857143,3.28571428571429
72,575,"CENTRAL AFRICAN REPUBLIC",626,"CAF",2006,"PRGF",16,"2006-12-22",12,6,27,45,2.8125,0.75,0.375,1.6875
74,577,"GAMBIA, THE",648,"GMB",2007,"PRGF",12,"2007-02-21",117,27,93,237,19.75,9.75,2.25,7.75
74,577,"GAMBIA, THE",648,"GMB",2007,"PRGF",16,"2007-02-21",25,6,30,61,3.8125,1.5625,0.375,1.875
74,577,"GAMBIA, THE",648,"GMB",2007,"PRGF",17,"2007-02-21",25,6,32,63,3.70588235294118,1.47058823529412,0.352941176470588,1.88235294117647
75,578,"BURKINA FASO",748,"BFA",2007,"PRGF",12,"2007-04-23",35,0,129,164,13.6666666666667,2.91666666666667,0,10.75
76,579,"GABON",646,"GAB",2007,"EFF_SBA",12,"2007-05-07",24,18,52,94,7.83333333333333,2,1.5,4.33333333333333
78,588,"IRAQ",433,"IRQ",2007,"EFF_SBA",5,"2007-12-19",15,14,39,68,13.6,3,2.8,7.8
79,589,"GUINEA",656,"GIN",2007,"PRGF",12,"2007-12-21",22,18,19,59,4.91666666666667,1.83333333333333,1.5,1.58333333333333
81,592,"TOGO",742,"TGO",2008,"PRGF",12,"2008-04-21",14,10,72,96,8,1.16666666666667,0.833333333333333,6
81,592,"TOGO",742,"TGO",2008,"PRGF",14,"2008-04-21",6,5,54,65,4.64285714285714,0.428571428571429,0.357142857142857,3.85714285714286
82,593,"MALI",678,"MLI",2008,"PRGF",12,"2008-05-28",33,15,61,109,9.08333333333333,2.75,1.25,5.08333333333333
82,593,"MALI",678,"MLI",2008,"PRGF",14,"2008-05-28",8,4,28,40,2.85714285714286,0.571428571428571,0.285714285714286,2
82,593,"MALI",678,"MLI",2008,"PRGF",15,"2008-05-28",16,8,54,78,5.2,1.06666666666667,0.533333333333333,3.6
83,594,"ZAMBIA",754,"ZMB",2008,"PRGF",12,"2008-06-04",12,0,108,120,10,1,0,9
84,595,"NIGER",692,"NER",2008,"PRGF",12,"2008-06-02",14,0,45,59,4.91666666666667,1.16666666666667,0,3.75
85,596,"BURUNDI",618,"BDI",2008,"PRGF",12,"2008-07-07",27,33,47,107,8.91666666666667,2.25,2.75,3.91666666666667
85,596,"BURUNDI",618,"BDI",2008,"PRGF",13,"2008-07-07",6,7,20,33,2.53846153846154,0.461538461538462,0.538461538461538,1.53846153846154
85,596,"BURUNDI",618,"BDI",2008,"PRGF",14,"2008-07-07",12,14,44,70,5,0.857142857142857,1,3.14285714285714
87,598,"DJIBOUTI",611,"DJI",2008,"PRGF",12,"2008-09-17",4,0,30,34,2.83333333333333,0.333333333333333,0,2.5
87,598,"DJIBOUTI",611,"DJI",2008,"PRGF",15,"2008-09-17",8,12,173,193,12.8666666666667,0.533333333333333,0.8,11.5333333333333
96,607,"CONGO, REPUBLIC OF",634,"COG",2008,"PRGF",11,"2008-12-08",9,1,40,50,4.54545454545455,0.818181818181818,0.0909090909090909,3.63636363636364
96,607,"CONGO, REPUBLIC OF",634,"COG",2008,"PRGF",12,"2008-12-08",43,5,92,140,11.6666666666667,3.58333333333333,0.416666666666667,7.66666666666667
98,609,"EL SALVADOR",253,"SLV",2009,"EFF_SBA",5,"2009-01-16",0,1,2,3,0.6,0,0.2,0.4
99,610,"SAO TOME AND PRINCIPE",716,"STP",2009,"PRGF",12,"2009-03-02",2,5,40,47,3.91666666666667,0.166666666666667,0.416666666666667,3.33333333333333
101,612,"COTE D'IVOIRE",662,"CIV",2009,"PRGF",9,"2009-03-27",0,15,31,46,5.11111111111111,0,1.66666666666667,3.44444444444444
101,612,"COTE D'IVOIRE",662,"CIV",2009,"PRGF",12,"2009-03-27",0,16,30,46,3.83333333333333,0,1.33333333333333,2.5
108,619,"GHANA",652,"GHA",2009,"PRGF",12,"2009-07-15",0,29,147,176,14.6666666666667,0,2.41666666666667,12.25
110,621,"COMOROS",632,"COM",2009,"PRGF",12,"2009-09-21",0,16,47,63,5.25,0,1.33333333333333,3.91666666666667
110,621,"COMOROS",632,"COM",2009,"PRGF",17,"2009-09-21",0,36,155,191,11.2352941176471,0,2.11764705882353,9.11764705882353
112,623,"ANGOLA",614,"AGO",2009,"EFF_SBA",9,"2009-11-23",0,15,75,90,10,0,1.66666666666667,8.33333333333333
112,623,"ANGOLA",614,"AGO",2009,"EFF_SBA",10,"2009-11-23",0,12,68,80,8,0,1.2,6.8
113,625,"CONGO,DEMOCRATIC REPUBLIC OF",636,"COD",2009,"PRGF",12,"2009-12-11",0,28,98,126,10.5,0,2.33333333333333,8.16666666666667
116,632,"MALAWI",676,"MWI",2010,"PRGF",10,"2010-02-19",0,4,14,18,1.8,0,0.4,1.4
116,632,"MALAWI",676,"MWI",2010,"PRGF",12,"2010-02-19",0,4,4,8,0.666666666666667,0,0.333333333333333,0.333333333333333
117,633,"IRAQ",433,"IRQ",2010,"EFF_SBA",8,"2010-02-24",0,6,42,48,6,0,0.75,5.25
117,633,"IRAQ",433,"IRQ",2010,"EFF_SBA",12,"2010-02-24",0,3,36,39,3.25,0,0.25,3
118,634,"MAURITANIA",682,"MRT",2010,"PRGF",12,"2010-03-15",0,0,107,107,8.91666666666667,0,0,8.91666666666667
118,634,"MAURITANIA",682,"MRT",2010,"PRGF",13,"2010-03-15",0,1,80,81,6.23076923076923,0,0.0769230769230769,6.15384615384615
119,635,"EL SALVADOR",253,"SLV",2010,"EFF_SBA",12,"2010-03-17",0,10,84,94,7.83333333333333,0,0.833333333333333,7
121,637,"GUINEA-BISSAU",654,"GNB",2010,"PRGF",12,"2010-05-07",0,0,84,84,7,0,0,7
123,641,"LESOTHO",666,"LSO",2010,"PRGF",12,"2010-06-02",0,0,66,66,5.5,0,0,5.5
123,641,"LESOTHO",666,"LSO",2010,"PRGF",14,"2010-06-02",0,0,56,56,4,0,0,4
124,643,"SIERRA LEONE",724,"SLE",2010,"PRGF",12,"2010-07-01",0,5,66,71,5.91666666666667,0,0.416666666666667,5.5
126,645,"BURKINA FASO",748,"BFA",2010,"PRGF",12,"2010-06-14",0,0,119,119,9.91666666666667,0,0,9.91666666666667
126,645,"BURKINA FASO",748,"BFA",2010,"PRGF",13,"2010-06-14",0,0,39,39,3,0,0,3
126,645,"BURKINA FASO",748,"BFA",2010,"PRGF",14,"2010-06-14",0,0,86,86,6.14285714285714,0,0,6.14285714285714
127,647,"BENIN",638,"BEN",2010,"PRGF",12,"2010-06-14",0,2,10,12,1,0,0.166666666666667,0.833333333333333
127,647,"BENIN",638,"BEN",2010,"PRGF",13,"2010-06-14",0,8,113,121,9.30769230769231,0,0.615384615384615,8.69230769230769
127,647,"BENIN",638,"BEN",2010,"PRGF",16,"2010-06-14",0,8,88,96,6,0,0.5,5.5
131,653,"YEMEN,REPUBLIC OF",474,"YEM",2010,"PRGF",7,"2010-07-30",0,2,3,5,0.714285714285714,0,0.285714285714286,0.428571428571429
133,661,"KENYA",664,"KEN",2011,"PRGF",12,"2011-01-31",0,0,37,37,3.08333333333333,0,0,3.08333333333333
139,674,"COTE D'IVOIRE",662,"CIV",2011,"PRGF",12,"2011-11-04",0,8,306,314,26.1666666666667,0,0.666666666666667,25.5
139,674,"COTE D'IVOIRE",662,"CIV",2011,"PRGF",13,"2011-11-04",0,3,98,101,7.76923076923077,0,0.230769230769231,7.53846153846154
139,674,"COTE D'IVOIRE",662,"CIV",2011,"PRGF",17,"2011-11-04",0,9,332,341,20.0588235294118,0,0.529411764705882,19.5294117647059
141,677,"MALI",678,"MLI",2011,"PRGF",4,"2011-12-27",0,0,8,8,2,0,0,2
142,678,"BURUNDI",618,"BDI",2012,"PRGF",12,"2012-01-27",0,0,78,78,6.5,0,0,6.5
142,678,"BURUNDI",618,"BDI",2012,"PRGF",13,"2012-01-27",0,0,29,29,2.23076923076923,0,0,2.23076923076923
142,678,"BURUNDI",618,"BDI",2012,"PRGF",17,"2012-01-27",0,0,38,38,2.23529411764706,0,0,2.23529411764706
143,679,"GUINEA",656,"GIN",2012,"PRGF",12,"2012-02-24",0,34,199,233,19.4166666666667,0,2.83333333333333,16.5833333333333
143,679,"GUINEA",656,"GIN",2012,"PRGF",16,"2012-02-24",0,12,69,81,5.0625,0,0.75,4.3125
143,679,"GUINEA",656,"GIN",2012,"PRGF",19,"2012-02-24",0,35,144,179,9.42105263157895,0,1.84210526315789,7.57894736842105
145,681,"NIGER",692,"NER",2012,"PRGF",12,"2012-03-16",0,2,19,21,1.75,0,0.166666666666667,1.58333333333333
145,681,"NIGER",692,"NER",2012,"PRGF",15,"2012-03-16",0,6,69,75,5,0,0.4,4.6
145,681,"NIGER",692,"NER",2012,"PRGF",19,"2012-03-16",0,10,129,139,7.31578947368421,0,0.526315789473684,6.78947368421053
148,685,"GAMBIA, THE",648,"GMB",2012,"PRGF",12,"2012-05-25",0,1,43,44,3.66666666666667,0,0.0833333333333333,3.58333333333333
149,686,"CENTRAL AFRICAN REPUBLIC",626,"CAF",2012,"PRGF",8,"2012-06-25",0,2,14,16,2,0,0.25,1.75
150,688,"SAO TOME AND PRINCIPE",716,"STP",2012,"PRGF",12,"2012-07-20",0,0,43,43,3.58333333333333,0,0,3.58333333333333
151,689,"MALAWI",676,"MWI",2012,"PRGF",12,"2012-07-23",0,6,38,44,3.66666666666667,0,0.5,3.16666666666667
151,689,"MALAWI",676,"MWI",2012,"PRGF",14,"2012-07-23",0,8,31,39,2.78571428571429,0,0.571428571428571,2.21428571428571
151,689,"MALAWI",676,"MWI",2012,"PRGF",16,"2012-07-23",0,13,50,63,3.9375,0,0.8125,3.125
151,689,"MALAWI",676,"MWI",2012,"PRGF",20,"2012-07-23",0,35,118,153,7.65,0,1.75,5.9
152,690,"JORDAN",439,"JOR",2012,"EFF_SBA",12,"2012-08-03",0,0,149,149,12.4166666666667,0,0,12.4166666666667
154,693,"LIBERIA",668,"LBR",2012,"PRGF",12,"2012-11-19",0,5,74,79,6.58333333333333,0,0.416666666666667,6.16666666666667
154,693,"LIBERIA",668,"LBR",2012,"PRGF",13,"2012-11-19",0,6,40,46,3.53846153846154,0,0.461538461538462,3.07692307692308
154,693,"LIBERIA",668,"LBR",2012,"PRGF",17,"2012-11-19",0,9,54,63,3.70588235294118,0,0.529411764705882,3.17647058823529
154,693,"LIBERIA",668,"LBR",2012,"PRGF",20,"2012-11-19",0,23,130,153,7.65,0,1.15,6.5
158,699,"TUNISIA",744,"TUN",2013,"EFF_SBA",8,"2013-06-07",0,3,127,130,16.25,0,0.375,15.875
158,699,"TUNISIA",744,"TUN",2013,"EFF_SBA",10,"2013-06-07",0,6,135,141,14.1,0,0.6,13.5
161,705,"SIERRA LEONE",724,"SLE",2013,"PRGF",12,"2013-10-21",0,9,117,126,10.5,0,0.75,9.75
161,705,"SIERRA LEONE",724,"SLE",2013,"PRGF",13,"2013-10-21",0,10,117,127,9.76923076923077,0,0.769230769230769,9
162,707,"MALI",678,"MLI",2013,"PRGF",12,"2013-12-18",0,11,48,59,4.91666666666667,0,0.916666666666667,4
162,707,"MALI",678,"MLI",2013,"PRGF",16,"2013-12-18",0,8,59,67,4.1875,0,0.5,3.6875
162,707,"MALI",678,"MLI",2013,"PRGF",20,"2013-12-18",0,12,134,146,7.3,0,0.6,6.7
163,708,"BURKINA FASO",748,"BFA",2013,"PRGF",12,"2013-12-27",0,0,118,118,9.83333333333333,0,0,9.83333333333333
163,708,"BURKINA FASO",748,"BFA",2013,"PRGF",14,"2013-12-27",0,0,54,54,3.85714285714286,0,0,3.85714285714286
163,708,"BURKINA FASO",748,"BFA",2013,"PRGF",15,"2013-12-27",0,0,54,54,3.6,0,0,3.6
170,717,"CHAD",628,"TCD",2014,"PRGF",12,"2014-08-01",0,4,46,50,4.16666666666667,0,0.333333333333333,3.83333333333333
171,718,"YEMEN,REPUBLIC OF",474,"YEM",2014,"PRGF",6,"2014-09-02",0,6,23,29,4.83333333333333,0,1,3.83333333333333
174,725,"GHANA",652,"GHA",2015,"PRGF",12,"2015-04-03",0,35,98,133,11.0833333333333,0,2.91666666666667,8.16666666666667
174,725,"GHANA",652,"GHA",2015,"PRGF",16,"2015-04-03",0,59,182,241,15.0625,0,3.6875,11.375
177,730,"GUINEA-BISSAU",654,"GNB",2015,"PRGF",12,"2015-07-10",0,3,104,107,8.91666666666667,0,0.25,8.66666666666667
177,730,"GUINEA-BISSAU",654,"GNB",2015,"PRGF",16,"2015-07-10",0,1,38,39,2.4375,0,0.0625,2.375
178,731,"SAO TOME AND PRINCIPE",716,"STP",2015,"PRGF",12,"2015-07-13",0,4,36,40,3.33333333333333,0,0.333333333333333,3
178,731,"SAO TOME AND PRINCIPE",716,"STP",2015,"PRGF",14,"2015-07-13",0,9,49,58,4.14285714285714,0,0.642857142857143,3.5
180,735,"TUNISIA",744,"TUN",2016,"EFF_SBA",16,"2016-05-20",0,72,252,324,20.25,0,4.5,15.75
181,737,"SURINAME",366,"SUR",2016,"EFF_SBA",4,"2016-05-27",0,5,22,27,6.75,0,1.25,5.5
183,741,"IRAQ",433,"IRQ",2016,"EFF_SBA",12,"2016-07-07",0,20,59,79,6.58333333333333,0,1.66666666666667,4.91666666666667
184,742,"MADAGASCAR",674,"MDG",2016,"PRGF",14,"2016-07-27",0,40,159,199,14.2142857142857,0,2.85714285714286,11.3571428571429
184,742,"MADAGASCAR",674,"MDG",2016,"PRGF",15,"2016-07-27",0,9,33,42,2.8,0,0.6,2.2
185,744,"JORDAN",439,"JOR",2016,"EFF_SBA",12,"2016-08-24",0,12,64,76,6.33333333333333,0,1,5.33333333333333
185,744,"JORDAN",439,"JOR",2016,"EFF_SBA",15,"2016-08-24",0,11,51,62,4.13333333333333,0,0.733333333333333,3.4
187,746,"CENTRAL AFRICAN REPUBLIC",626,"CAF",2016,"PRGF",12,"2016-07-20",0,23,121,144,12,0,1.91666666666667,10.0833333333333
187,746,"CENTRAL AFRICAN REPUBLIC",626,"CAF",2016,"PRGF",13,"2016-07-20",0,5,41,46,3.53846153846154,0,0.384615384615385,3.15384615384615
190,751,"NIGER",692,"NER",2017,"PRGF",12,"2017-01-23",0,9,109,118,9.83333333333333,0,0.75,9.08333333333333
190,751,"NIGER",692,"NER",2017,"PRGF",13,"2017-01-23",0,6,41,47,3.61538461538462,0,0.461538461538462,3.15384615384615
190,751,"NIGER",692,"NER",2017,"PRGF",15,"2017-01-23",0,17,172,189,12.6,0,1.13333333333333,11.4666666666667
191,752,"EGYPT",469,"EGY",2016,"EFF_SBA",11,"2016-11-11",0,9,59,68,6.18181818181818,0,0.818181818181818,5.36363636363636
191,752,"EGYPT",469,"EGY",2016,"EFF_SBA",12,"2016-11-11",0,21,170,191,15.9166666666667,0,1.75,14.1666666666667
192,754,"BENIN",638,"BEN",2017,"PRGF",12,"2017-04-07",0,31,105,136,11.3333333333333,0,2.58333333333333,8.75
192,754,"BENIN",638,"BEN",2017,"PRGF",13,"2017-04-07",0,8,32,40,3.07692307692308,0,0.615384615384615,2.46153846153846
192,754,"BENIN",638,"BEN",2017,"PRGF",14,"2017-04-07",0,8,32,40,2.85714285714286,0,0.571428571428571,2.28571428571429
194,756,"TOGO",742,"TGO",2017,"PRGF",12,"2017-05-05",0,33,197,230,19.1666666666667,0,2.75,16.4166666666667
196,758,"SIERRA LEONE",724,"SLE",2017,"PRGF",6,"2017-06-05",0,4,11,15,2.5,0,0.666666666666667,1.83333333333333
197,759,"GABON",646,"GAB",2017,"EFF_SBA",12,"2017-06-19",0,41,134,175,14.5833333333333,0,3.41666666666667,11.1666666666667
198,760,"CAMEROON",622,"CMR",2017,"PRGF",12,"2017-06-26",0,39,290,329,27.4166666666667,0,3.25,24.1666666666667
198,760,"CAMEROON",622,"CMR",2017,"PRGF",13,"2017-06-26",0,15,119,134,10.3076923076923,0,1.15384615384615,9.15384615384615
199,761,"CHAD",628,"TCD",2017,"PRGF",12,"2017-06-30",0,29,133,162,13.5,0,2.41666666666667,11.0833333333333
200,764,"MAURITANIA",682,"MRT",2017,"PRGF",12,"2017-12-06",0,24,165,189,15.75,0,2,13.75
200,764,"MAURITANIA",682,"MRT",2017,"PRGF",13,"2017-12-06",0,12,108,120,9.23076923076923,0,0.923076923076923,8.30769230769231
201,765,"GUINEA",656,"GIN",2017,"PRGF",12,"2017-12-11",0,64,174,238,19.8333333333333,0,5.33333333333333,14.5
202,767,"BURKINA FASO",748,"BFA",2018,"PRGF",11,"2018-03-14",0,12,37,49,4.45454545454545,0,1.09090909090909,3.36363636363636
202,767,"BURKINA FASO",748,"BFA",2018,"PRGF",12,"2018-03-14",0,26,104,130,10.8333333333333,0,2.16666666666667,8.66666666666667
203,768,"MALAWI",676,"MWI",2018,"PRGF",10,"2018-04-30",0,9,60,69,6.9,0,0.9,6
203,768,"MALAWI",676,"MWI",2018,"PRGF",12,"2018-04-30",0,14,68,82,6.83333333333333,0,1.16666666666667,5.66666666666667
206,773,"SIERRA LEONE",724,"SLE",2018,"PRGF",15,"2018-11-30",0,12,26,38,2.53333333333333,0,0.8,1.73333333333333
206,773,"SIERRA LEONE",724,"SLE",2018,"PRGF",19,"2018-11-30",0,14,57,71,3.73684210526316,0,0.736842105263158,3
206,773,"SIERRA LEONE",724,"SLE",2018,"PRGF",20,"2018-11-30",0,60,77,137,6.85,0,3,3.85
207,774,"ANGOLA",614,"AGO",2018,"EFF_SBA",12,"2018-12-07",0,23,224,247,20.5833333333333,0,1.91666666666667,18.6666666666667
207,774,"ANGOLA",614,"AGO",2018,"EFF_SBA",13,"2018-12-07",0,4,57,61,4.69230769230769,0,0.307692307692308,4.38461538461539
212,784,"CONGO, REPUBLIC OF",634,"COG",2019,"PRGF",7,"2019-07-11",0,4,8,12,1.71428571428571,0,0.571428571428571,1.14285714285714
213,785,"MALI",678,"MLI",2019,"PRGF",12,"2019-08-28",0,11,50,61,5.08333333333333,0,0.916666666666667,4.16666666666667
214,786,"SAO TOME AND PRINCIPE",716,"STP",2019,"PRGF",14,"2019-10-02",0,39,198,237,16.9285714285714,0,2.78571428571429,14.1428571428571
215,788,"EQUATORIAL GUINEA",642,"GNQ",2019,"EFF_SBA",12,"2019-12-18",0,4,9,13,1.08333333333333,0,0.333333333333333,0.75
216,789,"LIBERIA",668,"LBR",2019,"PRGF",16,"2019-12-11",0,55,151,206,12.875,0,3.4375,9.4375
217,790,"CENTRAL AFRICAN REPUBLIC",626,"CAF",2019,"PRGF",10,"2019-12-20",0,5,11,16,1.6,0,0.5,1.1
217,790,"CENTRAL AFRICAN REPUBLIC",626,"CAF",2019,"PRGF",12,"2019-12-20",0,2,6,8,0.666666666666667,0,0.166666666666667,0.5
218,793,"GAMBIA, THE",648,"GMB",2020,"PRGF",13,"2020-03-23",0,30,164,194,14.9230769230769,0,2.30769230769231,12.6153846153846
219,795,"JORDAN",439,"JOR",2020,"EFF_SBA",15,"2020-03-25",0,11,68,79,5.26666666666667,0,0.733333333333333,4.53333333333333
219,795,"JORDAN",439,"JOR",2020,"EFF_SBA",16,"2020-03-25",0,43,243,286,17.875,0,2.6875,15.1875
221,800,"EGYPT",469,"EGY",2020,"EFF_SBA",4,"2020-06-26",0,3,24,27,6.75,0,0.75,6
225,806,"MADAGASCAR",674,"MDG",2021,"PRGF",13,"2021-03-29",0,7,51,58,4.46153846153846,0,0.538461538461538,3.92307692307692
225,806,"MADAGASCAR",674,"MDG",2021,"PRGF",14,"2021-03-29",0,13,109,122,8.71428571428571,0,0.928571428571429,7.78571428571429
226,810,"UGANDA",746,"UGA",2021,"PRGF",12,"2021-06-28",0,55,145,200,16.6666666666667,0,4.58333333333333,12.0833333333333
227,811,"SUDAN",732,"SDN",2021,"PRGF",6,"2021-06-29",0,1,12,13,2.16666666666667,0,0.166666666666667,2
228,812,"CONGO,DEMOCRATIC REPUBLIC OF",636,"COD",2021,"PRGF",12,"2021-07-15",0,18,197,215,17.9166666666667,0,1.5,16.4166666666667
229,815,"GABON",646,"GAB",2021,"EFF_SBA",12,"2021-07-28",0,9,59,68,5.66666666666667,0,0.75,4.91666666666667
231,818,"NIGER",692,"NER",2021,"PRGF",12,"2021-12-08",0,3,71,74,6.16666666666667,0,0.25,5.91666666666667
231,818,"NIGER",692,"NER",2021,"PRGF",14,"2021-12-08",0,4,86,90,6.42857142857143,0,0.285714285714286,6.14285714285714
231,818,"NIGER",692,"NER",2021,"PRGF",15,"2021-12-08",0,6,57,63,4.2,0,0.4,3.8
231,818,"NIGER",692,"NER",2021,"PRGF",20,"2021-12-08",0,12,136,148,7.4,0,0.6,6.8
232,822,"CHAD",628,"TCD",2021,"PRGF",12,"2021-12-10",0,6,39,45,3.75,0,0.5,3.25
233,823,"SURINAME",366,"SUR",2021,"EFF_SBA",12,"2021-12-22",0,43,161,204,17,0,3.58333333333333,13.4166666666667
233,823,"SURINAME",366,"SUR",2021,"EFF_SBA",13,"2021-12-22",0,90,474,564,43.3846153846154,0,6.92307692307692,36.4615384615385
235,825,"CONGO, REPUBLIC OF",634,"COG",2022,"PRGF",12,"2022-01-21",0,58,151,209,17.4166666666667,0,4.83333333333333,12.5833333333333
237,828,"MOZAMBIQUE",688,"MOZ",2022,"PRGF",12,"2022-05-09",0,20,90,110,9.16666666666667,0,1.66666666666667,7.5
238,832,"CAPE VERDE",624,"CPV",2022,"PRGF",12,"2022-06-15",0,0,116,116,9.66666666666667,0,0,9.66666666666667
238,832,"CAPE VERDE",624,"CPV",2022,"PRGF",18,"2022-06-15",0,0,72,72,4,0,0,4
240,834,"TANZANIA",738,"TZA",2022,"PRGF",13,"2022-07-18",0,5,37,42,3.23076923076923,0,0.384615384615385,2.84615384615385
240,834,"TANZANIA",738,"TZA",2022,"PRGF",16,"2022-07-18",0,6,83,89,5.5625,0,0.375,5.1875
241,838,"ZAMBIA",754,"ZMB",2022,"PRGF",13,"2022-08-31",0,49,214,263,20.2307692307692,0,3.76923076923077,16.4615384615385
241,838,"ZAMBIA",754,"ZMB",2022,"PRGF",14,"2022-08-31",0,12,82,94,6.71428571428571,0,0.857142857142857,5.85714285714286
244,847,"EGYPT",469,"EGY",2022,"EFF_SBA",15,"2022-12-16",0,18,162,180,12,0,1.2,10.8
246,849,"GUINEA-BISSAU",654,"GNB",2023,"PRGF",12,"2023-01-30",0,68,445,513,42.75,0,5.66666666666667,37.0833333333333
248,856,"GHANA",652,"GHA",2023,"PRGF",12,"2023-05-17",0,37,145,182,15.1666666666667,0,3.08333333333333,12.0833333333333
250,859,"CENTRAL AFRICAN REPUBLIC",626,"CAF",2023,"PRGF",13,"2023-04-27",0,22,66,88,6.76923076923077,0,1.69230769230769,5.07692307692308
253,863,"COMOROS",632,"COM",2023,"PRGF",16,"2023-06-01",0,27,165,192,12,0,1.6875,10.3125
254,867,"BURUNDI",618,"BDI",2023,"PRGF",6,"2023-07-17",0,3,5,8,1.33333333333333,0,0.5,0.833333333333333
256,873,"BURKINA FASO",748,"BFA",2023,"PRGF",16,"2023-09-21",0,22,213,235,14.6875,0,1.375,13.3125
257,877,"MALAWI",676,"MWI",2023,"PRGF",6,"2023-11-15",0,6,21,27,4.5,0,1,3.5
258,878,"SOMALIA",726,"SOM",2023,"PRGF",12,"2023-12-13",0,0,66,66,5.5,0,0,5.5
259,880,"GAMBIA, THE",648,"GMB",2024,"PRGF",11,"2024-01-12",0,14,178,192,17.4545454545455,0,1.27272727272727,16.1818181818182
260,882,"TOGO",742,"TGO",2024,"PRGF",14,"2024-03-01",0,4,43,47,3.35714285714286,0,0.285714285714286,3.07142857142857
261,883,"JORDAN",439,"JOR",2024,"EFF_SBA",16,"2024-01-10",0,0,104,104,6.5,0,0,6.5
263,887,"MADAGASCAR",674,"MDG",2024,"PRGF",12,"2024-06-21",0,15,66,81,6.75,0,1.25,5.5
264,889,"ETHIOPIA",644,"ETH",2024,"PRGF",15,"2024-07-29",0,30,47,77,5.13333333333333,0,2,3.13333333333333
266,891,"LIBERIA",668,"LBR",2024,"PRGF",13,"2024-09-25",0,31,81,112,8.61538461538461,0,2.38461538461538,6.23076923076923
267,892,"EL SALVADOR",253,"SLV",2025,"EFF_SBA",12,"2025-02-26",0,13,44,57,4.75,0,1.08333333333333,3.66666666666667
268,893,"SIERRA LEONE",724,"SLE",2024,"PRGF",12,"2024-11-01",0,8,56,64,5.33333333333333,0,0.666666666666667,4.66666666666667
269,895,"SAO TOME AND PRINCIPE",716,"STP",2024,"PRGF",14,"2024-12-19",0,36,116,152,10.8571428571429,0,2.57142857142857,8.28571428571429
270,896,"CONGO,DEMOCRATIC REPUBLIC OF",636,"COD",2025,"PRGF",13,"2025-01-15",0,5,61,66,5.07692307692308,0,0.384615384615385,4.69230769230769
272,900,"CHAD",628,"TCD",2025,"PRGF",16,"2025-07-25",0,7,14,21,1.3125,0,0.4375,0.875
