"country_code","year","XDebtGNI","DebtServGNI","ResXDebt","FuelExportPct","MineralExportPct","Rohstoffabhängigkeit"
"AGO",2007,97.2256307002466,19.008,93.7613880101388,97.2265175257191,2.6754262387962,99.9019437645153
"AGO",2008,108.680408742706,15.3285,114.576685452338,97.6960413340041,1.91922873173295,99.615270065737
"AGO",2009,102.263183257504,12.7855,67.3862436646591,97.9163484511435,2.00203147222072,99.9183799233642
"AGO",2010,90.9940631357987,17.0463,73.4399741115108,97.9075489248038,2.03762931763898,99.9451782424428
"AGO",2011,89.0369443426985,17.479,77.9703283174297,98.1409863974632,1.82030992184898,99.9612963193122
"AGO",2012,81.939478548327,24.0455,86.1647996818561,98.3701689632146,1.56671577949772,99.9368847427123
"AGO",2013,77.3498013719917,26.1625,72.666055277642,98.2172596289667,1.70731149604581,99.9245711250125
"AGO",2014,69.5801424480502,16.6796,58.8627891798385,97.7227216005661,2.18366735941927,99.9063889599854
"AGO",2015,54.9793808780995,12.4058,48.779569003636,94.0159079753161,3.24392135052176,97.2598293258379
"AGO",2016,46.3256130571521,7.6677,41.2162687466478,92.7010547736293,3.5430584083964,96.2441131820257
"AGO",2017,44.9963253203189,6.3121,29.7132790690209,94.6912550619684,3.2888111877969,97.9800662497653
"AGO",2018,58.2698953890633,4.5827,24.9393651478579,95.6723202169276,2.9599977992618,98.6323180161894
"AGO",2019,60.3713068739603,4.147,26.2229690528548,95.2492483273439,3.54452524881699,98.7937735761609
"AGO",2020,54.6604030683749,8.1806,21.0716867255243,93.0512900749378,5.37285733742943,98.4241474123672
"AGO",2021,62.5287705320674,7.0271,21.9148430807675,94.1637464395459,4.73446732916134,98.8982137687073
"AGO",2022,56.5380722280743,6.9361,22.5900353584516,94.9233435630702,4.13015252901342,99.0534960920836
"AGO",2023,53.6070126498686,8.6092,24.3432052453284,94.1710862801417,4.34074978568308,98.5118360658248
"AGO",2024,49.8489506740963,9.8896,24.2502122332294,94.1347736309318,4.35688565012152,98.4916592810533
"BEN",2002,43.7684225364311,12.2049,NA,0.232344230707454,0.113155802213012,0.345500032920466
"BEN",2003,41.6162305574334,9.3013,NA,0,0.168931912483678,0.168931912483678
"BEN",2004,39.9029743365096,15.9927,NA,0,0.374631626779775,0.374631626779775
"BEN",2005,39.0959311879142,13.7224,NA,0,0.549277174532844,0.549277174532844
"BEN",2006,39.7746987128551,36.6579,NA,0.381017075307626,0.642109709843069,1.0231267851507
"BEN",2007,49.1137841529705,29.163,NA,3.06388129136822,1.16023297032455,4.22411426169277
"BEN",2008,47.7753592695169,28.8875,NA,0.266725846929541,1.78064272230666,2.0473685692362
"BEN",2009,44.7026290629806,28.5887,NA,0.00831790015687306,0.717989245392386,0.726307145549259
"BEN",2010,51.4308599492924,28.8059,NA,0.0107280032335427,0.99834562553885,1.00907362877239
"BEN",2011,47.2170288118403,32.954,NA,0.105567023678659,3.57189559019471,3.67746261387337
"BEN",2012,50.7367367791134,36.4578,NA,0.00511876177575908,2.23392683287111,2.23904559464687
"BEN",2013,59.2001918331875,32.9829,NA,0.00237065230925798,2.87445918505393,2.87682983736319
"BEN",2014,65.2682749404551,36.7196,NA,0.254303969330284,4.37903960709347,4.63334357642375
"BEN",2015,56.7563131849476,35.7424,NA,0.0143291813305386,1.93424573435646,1.948574915687
"BEN",2016,58.9869283378276,25.8247,NA,0.046990129189722,2.334836574266,2.38182670345572
"BEN",2017,61.4765969588474,19.1984,NA,0.0293425152703835,0.536547485699829,0.565890000970212
"BEN",2018,61.7951944903448,30.1014,NA,0.00438671659822245,0.221962327295871,0.226349043894093
"BEN",2019,63.68133231423,18.9051,NA,0.0242825113208234,0.133769155928354,0.158051667249177
"BEN",2020,44.8332333768726,17.2749,NA,0.0148050014116978,0.0730241971742847,0.0878291985859825
"BEN",2021,48.0548608324409,17.3177,NA,0.0043567532119519,0.19442028260652,0.198777035818472
"BEN",2022,44.3815928877424,15.1548,NA,0.00331545034449681,0.357911777997014,0.361227228341511
"BEN",2023,44.6631308180211,10.3235,NA,0.00158718126210844,0.262688240888072,0.26427542215018
"BEN",2024,40.6398022401523,8.9652,NA,5.14745189857092e-06,0.0708610340008799,0.0708661814527785
"BFA",2002,31.3125228527966,0.718,NA,0.000863672953402487,0.0505931759200546,0.0514568488734571
"BFA",2003,30.3682364077323,0.8043,NA,0.0392168571814168,0.0213163134052237,0.0605331705866405
"BFA",2004,35.4809436017462,1.2391,NA,0.0416741597040804,0.151539848392103,0.193214008096183
"BFA",2005,34.1721697681049,1.1048,NA,0.0190765863294542,0.326762715126647,0.345839301456101
"BFA",2007,33.7797172895073,7.8705,NA,11.5064923076897,0.178953782654883,11.6854460903446
"BFA",2008,35.3853169801502,0.3188,NA,13.9650548951695,0.211108783463173,14.1761636786327
"BFA",2009,40.2959836735924,0,NA,9.91899952305688,0.273755032434139,10.192754555491
"BFA",2010,49.0732385398039,0,NA,2.81555837145725,0.491640973412152,3.3071993448694
"BFA",2011,57.4972531038508,0,NA,2.34162617994846,0.32271966861051,2.66434584855897
"BFA",2012,61.2386079818398,0,NA,3.1238196970916,0.104225183245606,3.22804488033721
"BFA",2013,64.0358513024234,0,NA,4.62626483089881,1.0683296718819,5.69459450278071
"BFA",2014,58.8235624937426,0,NA,5.31459733428775,3.91985632282814,9.23445365711589
"BFA",2015,59.0891813101662,0,NA,1.52651159000758,2.64907973391541,4.17559132392299
"BFA",2016,57.8931727994406,0,NA,0.423215904111974,3.70052450116218,4.12374040527415
"BFA",2017,59.2687802020168,0,NA,0.469899649942029,5.87685117621051,6.34675082615254
"BFA",2018,60.5956256236488,0,NA,0.828034728125843,5.856068296676,6.68410302480184
"BFA",2019,60.4086928753226,0,NA,0.61215287637241,4.9165872152444,5.52874009161681
"BFA",2020,60.7397786403239,0,NA,0.288204092292022,2.68969335407012,2.97789744636214
"BFA",2021,62.4203586607795,0,NA,0.251332306917002,3.43899283581014,3.69032514272714
"BFA",2022,67.5202901331655,0,NA,0.0103313189085969,1.43528940684307,1.44562072575167
"BFA",2023,63.1530435873964,0,NA,0.0160865926865482,0.322414970435841,0.338501563122389
"BFA",2024,60.492898852298,0,NA,0.0208396744836875,0.247414696660435,0.268254371144122
"BDI",2003,NA,3.5269,4.996247180723,0.321407693409308,0.631444165985592,0.9528518593949
"BDI",2004,NA,1.6614,4.87311300946989,0.00597765777574388,0.731753556244,0.737731214019744
"BDI",2005,NA,2.6447,7.80928543072218,0.0334083588515563,1.34042996357413,1.37383832242569
"BDI",2006,NA,2.7418,9.55888287372585,0,2.12838853762094,2.12838853762094
"BDI",2007,NA,0.9789,12.5648814275369,3.78278962010338,2.06294116618935,5.84573078629273
"BDI",2008,NA,1.2938,19.1713523432241,0.795630709133161,5.27097031201033,6.06660102114349
"BDI",2009,NA,1.1528,53.2106344179644,1.39652274278431,3.59246932143744,4.98899206422175
"BDI",2010,NA,2.5349,53.4860844226938,2.0684971085204,4.64547000400198,6.71396711252238
"BDI",2011,NA,0.0698,48.8296493626849,0,5.71370430932496,5.71370430932496
"BDI",2012,NA,1.0942,46.5047086848843,9.34357775887626e-05,7.47997046218224,7.48006389795983
"BDI",2013,NA,4.5963,48.4120333544704,0.000195383873247424,5.34548600287672,5.34568138674997
"BDI",2014,NA,6.9835,45.8871870992099,0.0327702577800271,2.69896464662459,2.73173490440462
"BDI",2015,NA,0.0422,21.7140448939051,0.00472582866856188,2.14053054373925,2.14525637240781
"BDI",2016,NA,0.0438,15.7621319838246,0,3.86878972252472,3.86878972252472
"BDI",2017,NA,0.0435,16.0090401663259,0.00100690518773408,5.67385991330614,5.67486681849387
"BDI",2018,NA,0.0446,11.4735962192907,0.0120976852104859,8.70085637837147,8.71295406358196
"BDI",2019,NA,0.0423,17.7149761871124,0.000608940185484599,7.82145535592867,7.82206429611415
"BDI",2020,NA,0.0398,13.5804904150005,0.000278971607149758,5.87353339721305,5.8738123688202
"BDI",2021,NA,0.0271,27.2715327193222,0.00674665519421405,10.216274425957,10.2230210811512
"BDI",2022,NA,0.0279,16.7414939069207,0.0480615319376726,4.02652903670665,4.07459056864432
"BDI",2023,NA,0.0284,8.74039311681112,1.88698422568729,1.90126959438202,3.78825382006931
"CPV",2005,104.343839857053,0.1968,36.5232961207803,0,0.0246615055571856,0.0246615055571856
"CPV",2006,117.816697232822,0.1375,48.5575617849621,0,0.252610584713906,0.252610584713906
"CPV",2007,94.2062075432498,0.2216,62.7754131414544,0,0,0
"CPV",2009,80.4609561322904,0.2013,54.9109287999501,0,0.665352818458037,0.665352818458037
"CPV",2010,85.5484498816191,0,43.1904364200831,0,0.886651706391125,0.886651706391125
"CPV",2011,90.5564501122747,0,32.5118356177342,0.000586435277576983,0.942327818292646,0.942914253570223
"CPV",2012,90.649916554117,22.3191,23.3776106102284,0,8.96488802989324e-05,8.96488802989324e-05
"CPV",2019,103.602656463726,15.1147,34.2729983351114,0,0.162556583851755,0.162556583851755
"CPV",2021,77.4550586265341,15.6804,31.3293377968434,0,0.173682604274348,0.173682604274348
"CPV",2022,96.9941368513357,16.4615,30.3660227232231,0,0.00576283024949212,0.00576283024949212
"CPV",2023,95.0324943346692,16.7177,34.0235392545612,0,5.83139625688506e-05,5.83139625688506e-05
"CMR",2002,48.4817227279603,7.1519,6.22143057840454,49.1868871430921,4.32423576866907,53.5111229117612
"CMR",2003,40.2431925894529,3.1607,5.71639891918845,48.803399799567,4.15754299713749,52.9609427967045
"CMR",2004,41.8377424272557,5.0473,7.76019760785096,46.6846802011435,5.06553789677676,51.7502180979203
"CMR",2005,44.9976813478478,4.3352,12.5290160988282,56.8647779866486,4.78205402791316,61.6468320145618
"CMR",2006,47.1044341803567,14.4225,50.7600827145247,61.6106111571056,4.90759445036331,66.5182056074689
"CMR",2007,53.2156908605178,7.6969,95.0152645333972,58.6794429285353,6.16185982086304,64.8413027493983
"CMR",2008,56.9244171562734,1.4227,109.779667994316,1.24518390839419,12.7081290276679,13.9533129360621
"CMR",2009,42.1761073594765,0.0784,113.535907056318,0.945267159471339,7.39040789002304,8.33567504949438
"CMR",2010,47.2385853965951,0.272,114.183043856849,49.5472804943068,3.60510444872873,53.1523849430355
"CMR",2011,51.521987603918,2.1975,103.367125077433,0.551609714806202,6.44601946508511,6.99762917989131
"CMR",2012,50.0360127271229,4.043,86.9544830110998,55.5396293908856,2.13266836486717,57.6722977557528
"CMR",2013,49.6745363462134,8.5462,67.0530403516837,55.9326563524093,2.07848274318292,58.0111390955922
"CMR",2014,50.8323893087648,3.0687,54.9509016284584,56.3232193165714,3.963613992554,60.2868333091254
"CMR",2015,45.5401468279393,4.0911,48.409325339474,45.3849961218768,4.57387519048093,49.9588713123577
"CMR",2016,40.6386315268268,3.3265,28.2084014112616,7.69262542590537,7.2820530562766,14.974678482182
"CMR",2017,39.1990216052629,5.2499,31.8093315326756,43.4494115764582,5.59093811728154,49.0403496937397
"CMR",2018,40.587602877028,3.9373,31.4343692468823,50.2692747814106,3.6994540520828,53.9687288334934
"CMR",2019,43.3785132480415,2.918,28.7746550176534,54.0894133743251,2.87678049882067,56.9661938731458
"CMR",2020,33.7388313623871,2.5008,26.9077020955959,45.6083100375046,3.30322583764507,48.9115358751497
"CMR",2021,36.7308347188558,4.2269,27.9608443681917,51.8663592754246,2.0203363785866,53.8866956540112
"CMR",2022,41.2866025594679,5.8098,33.9456107572576,62.1174175971395,1.70198514355599,63.8194027406955
"CMR",2023,37.8903321242578,5.5705,31.6974350057547,54.0712041809673,2.21406928262342,56.2852734635907
"CAF",2002,36.1085647794782,4.9853,11.891594709964,0.0778653069442277,21.7486667328819,21.8265320398261
"CAF",2003,36.2312260023474,9.6419,13.0640736002624,0,36.5638934976707,36.5638934976707
"CAF",2004,33.2439549188203,10.1609,13.9069490660465,0.183133391819856,36.7893669865716,36.9725003783915
"CAF",2005,35.0709368656226,11.7864,13.885792066983,0.399435923020329,17.7717761821553,18.1712121051756
"CAF",2006,36.3958702287378,12.2,12.6420101867723,0.0134845615699792,15.7146700640248,15.7281546255948
"CAF",2008,34.4375218095517,10.2541,13.1889635627955,0.0243624066926479,35.656003903309,35.6803663100016
"CAF",2011,34.4756183327299,21.6758,24.9008193588016,0.544915903295515,60.6801604344611,61.2250763377566
"CAF",2012,33.0594485943314,17.3583,25.1925333983863,0.046403868360573,57.8085217674326,57.8549256357932
"CAF",2013,38.3992875721315,17.6055,29.7593462953722,0.0930612129794418,45.7112889245984,45.8043501375778
"CAF",2015,53.1451477769621,15.3536,28.8806540410498,0.0112891940575805,0.0123609137787959,0.0236501078363764
"CAF",2016,50.53064402191,15.0567,32.2353111184096,0.0462492040248339,2.19732333466574,2.24357253869057
"CAF",2017,57.1435457117119,14.4923,46.9404234809343,0.00690133272476388,3.71771062746912,3.72461196019388
"CAF",2018,49.6602000024318,13.3622,43.3160280578681,0.0234095847313264,13.9117395814817,13.935149166213
"CAF",2019,50.0658000014868,14.3762,40.3703328528045,0.0113438958450479,4.84862130405419,4.85996519989924
"CAF",2020,49.5210200011921,13.6393,47.6481324976744,0.0394378095226582,16.7055945931343,16.745032402657
"CAF",2023,43.480570208358,11.3823,44.2634270780256,0.00634066374558888,12.6689665953919,12.6753072591375
"CAF",2024,46.4318999802251,12.0915,46.7811591431958,0.0317291209436773,6.31887204148749,6.35060116243117
"COM",2009,37.8969223253542,1.6544,52.6209862986815,0.0236698103289717,0.0372923820621511,0.0609621923911228
"COM",2010,39.5501057977388,1.5889,52.4746999105647,0.054577510381983,0.813905646134158,0.868483156516141
"COM",2011,40.0009485841888,1.6951,56.6013217544776,0.0700598923083429,0.847733671298026,0.917793563606369
"COM",2012,40.8104424055408,1.635,77.2903306337581,0.017388494580408,0.110774025742152,0.12816252032256
"COM",2013,39.2433304243612,1.1261,122.094321825014,3.01260153144996e-05,0.0203651863526018,0.0203953123679163
"COM",2014,39.2358265722767,1.1693,125.122443178617,1.60903288612314,0.0618031951656029,1.67083608128874
"COM",2015,37.8049520714563,1.1727,159.68006461965,5.64070725443839e-05,0.0444425057124696,0.044498912785014
"COM",2017,40.164358921352,0.6066,114.442183950465,0.00887808919349842,0.126857513563295,0.135735602756793
"COM",2018,42.996153341343,0.4622,74.5404372268097,4.1336953696259e-05,0.0877257182600293,0.0877670552137256
"COM",2019,42.2680785350184,0.7004,74.6245257633542,0.0252436299290411,0.318173040040997,0.343416669970038
"COM",2020,33.7299346157491,0.4974,96.5614296607085,5.36366319081788e-05,0.75010829723588,0.750161933867788
"COM",2021,42.0677236496077,0.4191,93.7915551733444,0.0512060681375277,6.54854738738506,6.59975345552259
"COM",2022,50.3887704882382,0.432,78.3609845229889,0.0130202623394348,0.517962654358925,0.53098291669836
"COM",2023,44.4398634497089,0.1187,85.0235095063537,0.00485457345334166,1.23197156881377,1.23682614226711
"DJI",2009,NA,13.3812,26.9097393466472,6.47331941297147,0.318660143179232,6.7919795561507
"DJI",2021,263.477728733891,20.9017,18.3505034676342,0.442789095210204,0.582915174231163,1.02570426944137
"DJI",2022,302.285409231545,19.8086,18.5934542792423,1.24359395878011,0.719550395475568,1.96314435425568
"DJI",2023,285.902043800644,13.9526,14.6416406107487,0.995238487819515,0.527328783503672,1.52256727132319
"SLV",2002,65.9190907767708,19.0382,26.7194835477763,2.15866523854517,1.15584362357537,3.31450886212054
"SLV",2003,68.23698247861,18.8011,23.0540371751175,2.00487312073414,1.31534426733791,3.32021738807205
"SLV",2004,69.7822641767691,19.456,21.1633093142947,1.85819761530743,1.34659452951972,3.20479214482715
"SLV",2005,69.7158116750578,19.2932,19.2459114429845,1.86278033146763,1.44832477015354,3.31110510162117
"SLV",2006,73.4555675070266,12.8857,19.7007225925321,2.2630253508994,1.85692050804381,4.11994585894321
"SLV",2007,77.6210560347995,13.0973,23.3440924611734,2.84937473805287,2.00278861682249,4.85216335487536
"SLV",2008,80.6659739399085,14.43,24.7406295078484,3.44085217496394,1.74053641550667,5.18138859047061
"SLV",2009,66.0711911744487,8.2957,29.9918129933645,2.75552281120897,1.29712979888706,4.05265261009603
"SLV",2010,73.5372876725398,7.2709,25.0682655910882,2.92291722483646,1.69920510445875,4.62212232929521
"SLV",2011,79.2766437025052,9.6051,19.5851246125203,3.17562525140071,2.00585034068723,5.18147559208794
"SLV",2012,77.6485716222883,11.2658,23.4434116446167,3.18128162520571,1.77742535831435,4.95870698352006
"SLV",2013,80.4511944908271,13.1121,19.4233749622711,2.310418912892,1.36818616220759,3.67860507509959
"SLV",2014,78.1044257477935,13.2991,17.7495800309366,2.57051935028685,1.53576875268343,4.10628810297028
"SLV",2015,76.5602707370519,12.9298,17.8579847402795,1.9602368517525,1.23613153909728,3.19636839084978
"SLV",2016,72.8190933731491,15.2743,19.5281899219681,2.85703125629467,1.12619341923859,3.98322467553326
"SLV",2017,74.3046511916519,11.8852,20.7492439420718,3.1700621689001,1.15638828382003,4.32645045272013
"SLV",2018,75.6336168879956,12.408,21.387276085268,3.53674673172561,1.26795177041228,4.80469850213789
"SLV",2019,76.0420130991468,12.853,25.5968915246922,3.37096131973082,1.06688895694381,4.43785027667463
"SLV",2020,66.4595069497083,10.1226,16.6773333744401,3.20991367903261,0.90218527850289,4.1120989575355
"SLV",2021,81.8450759800765,11.1,16.8422672427423,3.88664003808006,1.06667410327226,4.95331414135232
"SLV",2022,88.7011372097555,11.1788,12.7185831218883,4.79090726433674,1.12672812630008,5.91763539063682
"SLV",2023,79.8122651787866,12.7373,13.4686533899243,5.29654060272418,1.12538630226481,6.42192690498899
"SLV",2024,85.6825726575292,10.6126,14.8416167448619,5.00115993975647,1.27838950619101,6.27954944594748
"ETH",2002,NA,0.8686,14.7410175121634,0.00102779352734005,1.28504957578626,1.2860773693136
"ETH",2004,NA,1.1085,22.7884284341768,0.0041466902140579,0.962038149260378,0.966184839474436
"ETH",2005,NA,2.0711,16.8819310118665,0.00427410506095752,1.06218438683818,1.06645849189914
"ETH",2007,NA,2.5526,49.7518285711253,0.0103730569103196,4.97334641971951,4.98371947662983
"ETH",2008,NA,2.036,30.5693010334458,0.00882169997172354,0.935603559938025,0.944425259909749
"ETH",2009,NA,4.2712,33.2164688138407,0.00140983458174667,1.26154404333598,1.26295387791773
"ETH",2010,NA,4.1452,30.7539173154047,0.00597790062470827,1.76352373238568,1.76950163301039
"ETH",2011,48.232935411689,2.1027,32.9631493319958,1.44284633759849e-05,1.64148270661664,1.64149713508002
"ETH",2012,45.3979041835072,0.3448,21.9935937339013,0.00477153174932123,0.861647817788996,0.866419349538317
"ETH",2013,41.4717870807625,1.6196,18.7797111236408,0.00120079987025877,0.126242533310652,0.127443333180911
"ETH",2014,40.7410841498626,1.7219,20.8027686780386,0.0463693412234373,0.549836106787534,0.596205448010971
"ETH",2015,39.6561241449515,2.69,18.7600809382176,8.43578426363285e-07,0.46364536030442,0.463646203882846
"ETH",2016,34.8990210816111,3.9641,12.9545665150701,0.00792917271878003,0.489305949785615,0.497235122504395
"ETH",2017,31.1036494929016,2.4226,11.6373756662727,0.00174724528051893,0.538936387709205,0.540683632989724
"ETH",2018,31.1993689777881,2.511,13.3616849918449,8.76209733929005e-06,0.815476613183693,0.815485375281032
"ETH",2019,28.8152939292608,1.5874,9.85176687079036,0.000100158271942029,0.417258764730303,0.417358923002245
"ETH",2020,24.0061143414049,1.2611,9.41202874846541,0.00466762968720468,0.324961749379858,0.329629379067063
"ETH",2021,24.3450574655662,1.6603,5.13748663970079,6.92693626282324e-05,0.34981780344132,0.349887072803948
"ETH",2022,26.5954996964257,1.0613,3.89184533601214,0.0081728528551792,0.670250624917404,0.678423477772583
"ETH",2023,20.5982015071406,0.6071,6.09555279485726,0.0317976469871324,0.720590411591821,0.752388058578953
"GAB",2002,84.7590815376223,6.5382,4.09584238222851,83.8178488029703,1.77445857699742,85.5923073799677
"GAB",2003,80.3026082056312,8.5006,5.30438595496239,88.3710263827654,1.05563054621456,89.42665692898
"GAB",2004,81.7675371418698,4.4504,10.9219293951205,76.1833932062393,5.50841106598959,81.6918042722289
"GAB",2005,83.9495998399241,6.1547,16.953304656094,84.0432355614467,3.59283990122888,87.6360754626756
"GAB",2006,88.6494092562519,9.7823,25.6790696913332,85.6108217616136,3.15100423734133,88.7618259989549
"GAB",2007,85.1324791636578,8.6978,24.1251490739474,83.4131671985386,3.60059532421835,87.0137625227569
"GAB",2008,88.9988725945748,4.6305,77.7895270346854,89.172106484587,2.21111070998674,91.3832171945737
"GAB",2009,83.5045774235636,3.823,73.5126027402267,83.1348290725266,3.03112583114056,86.1659549036672
"GAB",2010,89.1576627248353,5.8434,59.5527825312156,90.0238109825846,2.48688091630774,92.5106918988923
"GAB",2011,90.4983773331323,5.8132,67.7770827112681,85.8523172012879,3.8579113367887,89.7102285380766
"GAB",2012,92.3428089420545,3.4281,72.5556039077438,71.2999874587435,1.21683062244485,72.5168180811883
"GAB",2013,90.6350361478645,5.6605,62.2779522850069,65.7772359485275,1.3868214654464,67.1640574139739
"GAB",2014,73.5203290162438,1.571,53.3394315418242,57.3466183308981,1.09231849999857,58.4389368308967
"GAB",2015,73.9497814588281,4.1015,36.3070036950427,41.9546334620749,1.57938272358853,43.5340161856634
"GAB",2016,70.1333810645308,4.4693,14.6534093625024,30.8820467592108,1.82553919658524,32.707585955796
"GAB",2017,75.0687404456638,3.151,14.6694853489707,62.2945642697917,3.31591796865075,65.6104822384424
"GAB",2018,77.0365976973024,2.7171,19.1565890079185,53.4577795641384,3.11836475453618,56.5761443186746
"GAB",2019,73.4280894486644,4.9331,18.8164911893315,54.8656896318362,4.31465619463794,59.1803458264741
"GAB",2020,70.1140546463796,0.9768,17.9367466818875,52.9194386591688,6.19989793138207,59.1193365905509
"GAB",2021,85.3483122054787,0.2149,16.6511067504691,52.3128650846528,6.75461904672039,59.0674841313732
"GAB",2022,92.0630888496921,4.0583,17.7145145244664,67.2482428452105,6.4339342258012,73.6821770710117
"GAB",2023,91.4786533179144,1.6365,19.1051573724264,53.9865618745688,23.3145469906779,77.3011088652467
"GHA",2003,97.2871457139532,9.1218,17.7094465886763,0.0481803318787904,2.46857072038619,2.51675105226498
"GHA",2004,99.6703343472122,7.6007,24.1550830330168,2.25891488923827,1.49737393398241,3.75628882322068
"GHA",2005,98.1715141146279,9.5381,23.4436293829066,2.42026667222042,3.60406853600616,6.02433520822658
"GHA",2006,64.5190542439152,19.501,37.4426444714508,0.449413904187484,2.16102136221263,2.61043526640011
"GHA",2007,65.3543222852532,14.6711,26.6903335506933,0.758742699996961,2.87234023304386,3.63108293304082
"GHA",2008,69.5142256111434,11.1993,20.0242024793272,1.32905143391096,3.51368318139587,4.84273461530683
"GHA",2009,71.5947385281523,11.6577,28.4806289961588,1.75329081764514,1.74904889698946,3.5023397146346
"GHA",2010,75.3778157916824,11.6317,28.6808407522775,0.114294159518324,4.01489450472122,4.12918866423954
"GHA",2011,86.2954538549695,12.6413,27.7400934400547,40.4219396496718,1.36513638736008,41.7870760370319
"GHA",2012,93.1680351286831,11.2644,25.203835852371,28.9638835969169,1.47263285139011,30.436516448307
"GHA",2013,60.7593219028775,12.8057,19.6002334524153,24.7444175029272,2.06865588093151,26.8130733838587
"GHA",2014,63.8365624430783,10.7377,19.5099774614687,29.7421554112913,1.73605428922296,31.4782097005143
"GHA",2015,76.5212709243242,10.5541,18.3432463946771,21.7019621780148,1.53114850582018,23.233110683835
"GHA",2016,67.8769994445865,8.007,16.8290270210254,12.9823297234949,1.90382388267575,14.8861536061706
"GHA",2017,70.5483652904116,9.8819,20.8005425603772,25.3456087168229,1.94503330731125,27.2906420241341
"GHA",2018,67.9585174644902,10.4056,17.9337863626706,30.6056138754779,2.79589844396489,33.4015123194428
"GHA",2019,76.824802732152,14.1981,23.139465185671,31.7022617995334,3.04129705781624,34.7435588573496
"GHA",2021,62.7078309128346,11.0377,21.288101163547,26.6641837008799,2.90277951595568,29.5669632168356
"GHA",2022,70.1154557937915,10.6705,11.9372038402218,31.0014653616144,1.8752282216153,32.8766935832297
"GHA",2023,64.3878615301086,9.0197,8.69027246258012,24.5298166225955,3.79789972324939,28.3277163458449
"GNB",2004,43.192131633446,10.8612,NA,0.809891939704249,0.0878671775223499,0.897759117226599
"GIN",2002,38.0284032674396,8.6437,8.32644581707585,0.0557014661652494,53.9134297315455,53.9691311977107
"GIN",2004,34.5950959210535,2.0243,3.47807388641386,0.267168896482423,77.2956770112997,77.5628459077821
"GIN",2005,47.9377003917167,5.0385,3.12730039628194,3.40567100019241e-05,65.0433136630908,65.0433477198008
"GIN",2006,69.3862937148949,3.8805,1.25722564477921,0.307662074415899,55.8518318570931,56.159493931509
"GIN",2007,71.1210322265015,4.0248,1.41713322716656,0.864102683278354,73.4419716903088,74.3060743735872
"GIN",2008,64.1842433909581,3.9021,1.74174886120997,1.02831082278776,51.5371217304826,52.5654325532704
"GIN",2013,80.4264477180461,5.8877,50.8711415489504,0.289553832489308,30.74770496475,31.0372587972393
"GIN",2014,76.7719658952305,3.4125,53.4414584979819,0.289042432328907,34.4442960467048,34.7333384790337
"GIN",2015,72.4427307469345,4.9572,32.0952810082157,0.213868655725313,36.6907365805971,36.9046052363224
"GIN",2016,111.839467415368,3.1823,37.9074981302271,0.466113470861431,25.8241585170912,26.2902719879526
"IRQ",2002,119.762047746987,NA,NA,95.0954914415094,0.0262329660377358,95.1217244075471
"IRQ",2004,120.233977121676,NA,NA,96.0061358572201,0.0235271930773391,96.0296630502974
"IRQ",2005,115.742540308642,NA,NA,96.3555657715066,0.03433026854802,96.3898960400546
"IRQ",2006,89.6505198581778,NA,NA,99.459181622694,0.00720020411497278,99.466381826809
"IRQ",2007,74.092853105498,NA,NA,99.6294248203056,8.8879210934631e-05,99.6295136995165
"IRQ",2008,81.0555432665835,NA,NA,99.7568096571184,0.152130246604655,99.9089399037231
"IRQ",2009,78.6873788189898,NA,NA,99.6937150677908,0.0481577138334307,99.7418727816242
"IRQ",2010,73.4974796202443,NA,NA,99.7045850237878,0.000470060145031071,99.7050550839328
"IRQ",2011,72.1713282233655,NA,NA,99.7790725268102,0.00338461831676954,99.782457145127
"IRQ",2012,73.6086845912812,NA,NA,99.749740585093,0.00431273185474657,99.7540533169477
"IRQ",2013,67.4100184095672,NA,NA,99.7968723357044,0.00039000741894287,99.7972623431234
"JOR",2002,114.03885781572,40.9143,31.6261918101737,0.00638352187104476,16.7360177189512,16.7424012408222
"JOR",2003,115.706835253918,39.6263,42.9514536559466,0.275406105524519,16.1105492429046,16.3859553484291
"JOR",2004,134.621611934395,41.9343,42.2377141334675,0.681552349591884,14.1003646191113,14.7819169687032
"JOR",2005,146.908891279018,44.9769,42.7767249427235,0.972445920300149,76.8482479774029,77.8206938977031
"JOR",2006,141.747381831126,47.6327,50.3880844582081,1.02627219723761,12.767111640863,13.7933838381006
"JOR",2007,145.994246288526,50.0844,53.3217237195438,0.827504244451735,7.19113589256071,8.01864013701245
"JOR",2008,NA,62.2069,64.5381379783004,0.150133122256453,10.5113104275044,10.6614435497609
"JOR",2009,NA,59.6928,85.0410142788599,0.561906843612745,9.08221567014082,9.64412251375357
"JOR",2010,NA,53.5615,80.696164368883,1.07702929489453,8.34627088879283,9.42330018368736
"JOR",2011,NA,54.8935,69.2013311103472,0.184803898952021,11.6963850840199,11.8811889829719
"JOR",2012,NA,53.2112,48.2601308716103,0.282058142253294,11.1113902698849,11.3934484121382
"JOR",2013,NA,47.2672,60.1049159311643,0.173899859349714,7.33262407510611,7.50652393445582
"JOR",2014,NA,45.1283,66.5162713757684,0.167919629735253,8.1849601413612,8.35287977109645
"JOR",2015,NA,40.2628,64.7378053598565,0.120929763386295,9.01353326875913,9.13446303214542
"JOR",2016,NA,38.6182,57.3337787130011,0.104709249071117,8.81527005731854,8.91997930638966
"JOR",2017,NA,36.3788,51.8142207010819,0.123590689364973,8.14396429922163,8.2675549885866
"JOR",2018,NA,36.0543,45.6694374437538,1.71392273426769,7.71070807339597,9.42463080766366
"JOR",2019,NA,36.7156,45.9807613460011,2.03314518398133,7.09697939752347,9.1301245815048
"JOR",2020,NA,37.0248,44.5907950178061,1.33182496918067,6.5270659968103,7.85889096599097
"JOR",2021,NA,37.374,45.7151588172955,0.706962713297216,8.69874576135076,9.40570847464798
"JOR",2022,NA,38.2012,44.2024222435831,0.917109884625019,11.2956928860016,12.2128027706266
"JOR",2023,NA,35.8479,42.7944494129774,0.498739629336105,9.38432509607852,9.88306472541463
"JOR",2024,NA,38.1091,46.7126871088204,0.264858580668078,8.49611967128758,8.76097825195566
"KEN",2002,55.1726722640053,10.8002,17.5223654715719,16.6165342326688,2.17858807244344,18.7951223051122
"KEN",2003,54.132265895729,10.3024,22.0714590468592,19.1551044918056,2.9543556082054,22.109460100011
"KEN",2004,59.4770033484289,9.5738,21.9694668567627,0.901139664414074,5.50820095089847,6.40934061531254
"KEN",2005,64.4788661639796,7.5401,27.6739618120626,18.3199226649607,1.93568467588894,20.2556073408496
"KEN",2006,55.2364851257303,8.7786,35.9553028638688,7.27291530118403,2.45940713366363,9.73232243484766
"KEN",2007,53.8947888046059,12.7657,44.2860507707484,4.26371122113361,2.8267779266884,7.09048914782201
"KEN",2008,57.5785986473131,12.3566,37.428952039636,2.09821677072516,3.22160944495378,5.31982621567894
"KEN",2009,45.9451918127805,11.1878,44.8360795474852,4.20130504014462,1.96524408325836,6.16654912340298
"KEN",2010,50.3942873502834,11.7201,48.6296450219419,4.19535073962597,1.9852461441657,6.18059688379167
"KEN",2013,47.4646425127304,17.5649,47.9030272226377,0.93827196300241,2.20574818456868,3.14402014757109
"KEN",2015,40.3273846919019,13.6387,37.9850175926342,10.4002054705089,4.08741066311494,14.4876161336238
"KEN",2016,34.8650195731824,10.1351,35.8723664031553,7.46355756592411,4.26489839463264,11.7284559605568
"KEN",2017,35.9950578754074,9.8572,27.1801605463288,1.00602573407941,5.36354394694724,6.36956968102665
"KEN",2018,34.4147531767425,8.1006,25.973252621977,0.834754874486309,5.99535617568078,6.83011105016709
"KEN",2019,31.759461841481,7.4892,26.0674293528311,7.73708033046599,4.98578217433066,12.7228625047966
"KEN",2020,30.3991387830411,6.0288,21.8128323436254,6.74832493327525,5.13265627350615,11.8809812067814
"KEN",2021,35.0020477795269,5.9073,23.0254823086428,0.924149796237318,6.38746779763161,7.31161759386893
"KEN",2022,40.2753238373561,6.1631,19.1775689415999,1.37369379382007,6.78261238103048,8.15630617485055
"KEN",2023,40.9337677377556,6.5611,17.1096987463284,1.8648287478394,5.32428005533122,7.18910880317062
"KEN",2024,40.0062529666939,4.6816,23.4728753335776,1.63087288958127,5.12139249435883,6.7522653839401
"LSO",2002,NA,7.9991,57.0281785579949,0.00340130170595996,0.0657612002029595,0.0691625019089195
"LSO",2003,NA,0.1416,65.2251160278052,0.0624084448535018,0.0974033934785549,0.159811838332057
"LSO",2004,NA,1.0343,64.8410361785327,0.0175765760189479,0.0475347806597082,0.0651113566786561
"LSO",2007,165.048948833372,0.2917,146.28490944054,0.122346649228984,0.483044966560215,0.605391615789199
"LSO",2008,161.126590593391,0.2856,138.780657968107,0.0417391701900564,0.255444865389448,0.297184035579504
"LSO",2009,158.894737585637,0.3915,195.980534397518,0.0168129994467445,0.104317436196333,0.121130435643078
"LSO",2010,150.102435487333,0,188.561318067165,0.0769376796124365,0.442932312242704,0.51986999185514
"LSO",2011,149.796606699153,0.4916,111.095076133596,0.14791613707775,0.192080755656678,0.339996892734428
"LSO",2012,150.208575358438,0,110.536017685705,0.12209171884117,0.176395233303756,0.298486952144926
"LSO",2013,133.36548975517,8e-04,114.611240913035,0.0815062744684557,4.11336141524726,4.19486768971572
"LSO",2014,126.292475360578,0.0237,118.549182314897,0.0376734422723571,46.9397510539114,46.9774244961838
"LSO",2015,129.722773082867,3.4715,104.707485463184,0.0530542243747911,31.4254236706505,31.4784778950253
"LSO",2016,136.31524774176,2.8257,68.1261134806299,0.080583696996223,0.257535354573301,0.338119051569524
"LSO",2017,146.366771329494,0.0257,43.7229136234102,0.07923485972243,0.329155539469625,0.408390399192055
"LSO",2018,144.434955465602,0.0347,49.7829198251556,0.0379892296059272,1.23558386743794,1.27357309704387
"LSO",2019,140.51663349168,0.0229,48.8856740378065,0.0343344578962748,0.223234842534879,0.257569300431154
"LSO",2020,141.096605062998,0.118,42.027661763103,0.014452161241193,0.179631190163663,0.194083351404856
"LSO",2021,139.186479465407,0.1411,43.5440399322074,0.033559777615051,0.192321778563757,0.225881556178808
"LSO",2022,142.373981074229,0.7984,42.6258608862953,0.0246048491285881,0.19064142421531,0.215246273343898
"LSO",2023,140.722487877528,0.1895,48.1010462114031,0.0242983712046877,0.178601333491684,0.202899704696372
"LSO",2024,152.474389103105,0.1825,56.8402880531113,0.0200440072118683,1.45669819893022,1.47674220614209
"LBR",2017,NA,0,52.4092807857695,0.775447041377955,22.2746134221442,23.0500604635222
"LBR",2018,NA,0,28.7001367269325,0.0234035467882422,9.40313760246578,9.42654114925402
"LBR",2020,NA,0,23.3562082649845,0.000844383013972209,43.2333831498581,43.2342275328721
"LBR",2021,NA,0,37.9204440557665,2.6015195105444,0.158186306044195,2.75970581658859
"LBR",2022,NA,0,31.2008355579145,4.88453332769609,0.655892560057936,5.54042588775403
"LBR",2023,NA,0.0037,20.9640422283664,1.8414552089698,0.060568928284225,1.90202413725402
"MDG",2002,50.1816919379298,5.0934,7.99474632940757,1.95967332286693,1.37329736562457,3.3329706884915
"MDG",2003,34.030602917475,3.1405,8.31942526816063,4.28006818205514,1.41185429792336,5.6919224799785
"MDG",2004,48.7753818852156,1.9812,13.1649585735225,1.78555239202322,2.49119521107705,4.27674760310027
"MDG",2005,59.1300849357677,2.8036,13.6518178836977,1.05388767197136,3.93978695499798,4.99367462696934
"MDG",2006,62.1028389370244,14.4483,38.1916091358978,5.51020605465603,3.60694833869441,9.11715439335044
"MDG",2007,66.7027353570049,34.2661,36.3027137951431,7.22250240687378,3.31374246344962,10.5362448703234
"MDG",2008,74.357353960806,24.1949,38.7795962824066,5.84769983081265,2.99429861711979,8.84199844793244
"MDG",2009,62.4116975958196,22.7852,34.4966645421389,4.51286687984066,2.82139609258415,7.33426297242481
"MDG",2010,57.8748945101807,15.4032,37.118325144629,5.90511790300301,8.407930499621,14.313048402624
"MDG",2011,56.4830925951893,15.0095,39.5676987497473,6.39082701978839,9.62871472992812,16.0195417497165
"MDG",2012,52.6517140811255,15.6446,35.1702533621386,6.85539091439205,19.1029482349438,25.9583391493358
"MDG",2013,56.3675817900932,11.7338,26.3943251001083,4.4367725808305,29.9469137490599,34.3836863298904
"MDG",2014,61.9694322111234,9.6406,26.111352617511,3.75711607521926,35.8201508250248,39.5772669002441
"MDG",2015,61.2203788365078,6.7809,27.6611796721879,2.97134413180539,33.9889516567676,36.960295788573
"MDG",2016,60.8346984831423,6.8678,39.7637876951396,2.55520071174556,24.9275155512368,27.4827162629824
"MDG",2017,65.3434015072915,5.2318,47.3017813033826,1.83435774159362,23.3050125115698,25.1393702531634
"MDG",2018,67.8415046683582,7.2756,46.7616236484279,2.32534103909142,25.0397521272223,27.3650931663137
"MDG",2019,62.6013230457128,6.9544,41.8599371205685,2.9314013074363,27.0785964227918,30.0099977302281
"MDG",2020,49.0107073650291,5.6392,40.9127962327259,1.7001839819329,17.5126752610862,19.2128592430191
"MDG",2021,55.2158585927485,4.3029,43.6790686321069,1.17584586276708,31.3612347027315,32.5370805654986
"MDG",2022,70.4708546790091,3.0262,36.3904955127937,2.24692128137179,38.6910739823686,40.9379952637404
"MDG",2023,62.7622147594312,1.9979,40.9361875163185,2.33410330754239,39.3062064198727,41.6403097274151
"MDG",2024,57.5370213293734,1.5271,41.85063947352,2.55012561538512,32.8646357716195,35.4147613870046
"MWI",2002,NA,4.1673,5.71799987396084,0.0177546819487274,0.269744707847486,0.287499389796213
"MWI",2003,NA,1.8535,4.0946585892019,0.113642390702768,0.103044705457276,0.216687096160044
"MWI",2004,NA,1.1124,3.88178487672658,0.299259342979992,0.321710246678735,0.620969589658727
"MWI",2005,NA,1.3504,5.16994161628928,0.0204440152807278,0.195519483895518,0.215963499176246
"MWI",2006,NA,8.0404,16.3029193416539,0.147388673915268,0.103519814903851,0.250908488819119
"MWI",2007,NA,7.0199,26.1597608648988,0.0380878763509734,0.0158415905432311,0.0539294668942045
"MWI",2008,NA,8.4441,25.5243434483876,0.0272527561129214,0.0211694043715299,0.0484221604844513
"MWI",2009,NA,5.8543,14.2668194014776,0.113743766090584,0.787664435165699,0.901408201256283
"MWI",2010,NA,4.2124,31.8727218660653,0.194092632314477,9.78759288872105,9.98168552103553
"MWI",2011,NA,3.1313,17.8835794565902,0.0985652602278643,8.81717154535936,8.91573680558722
"MWI",2012,NA,1.6135,18.3682388432475,0.0920461716617677,10.9638195846174,11.0558657562792
"MWI",2013,NA,1.3437,27.4207310045394,0.0365527439299261,11.3740204477911,11.410573191721
"MWI",2014,NA,1.2954,37.0956260203114,0.042371121340196,3.01877107061923,3.06114219195943
"MWI",2015,NA,0.7356,39.5689224395441,0.104381619365554,0.177886221046924,0.282267840412478
"MWI",2016,NA,2.3821,33.0491029747068,0.0979420401476056,1.03700262392103,1.13494466406864
"MWI",2017,45.3003137160008,2.4829,35.5346706983706,0.186801735338877,0.229142663268431,0.415944398607308
"MWI",2018,43.578773489,1.1211,33.8151640446414,0.0658028178635877,0.520621161876729,0.586423979740317
"MWI",2019,44.1954524635798,2.8133,34.8864598143722,0.151161717691401,0.352027471896745,0.503189189588146
"MWI",2020,41.0323429397328,6.0251,20.0728170102111,0.155298013539324,0.553708230618883,0.709006244158207
"MWI",2021,44.5957618170542,4.5344,NA,0.0231170831782384,1.01525000176507,1.03836708494331
"MWI",2022,43.616624856781,2.7166,NA,0.00474239695206218,1.27210127418756,1.27684367113962
"MWI",2023,42.4376683990967,0.3818,NA,0.000145544242795096,1.20089218272746,1.20103772697026
"MWI",2024,41.9038196485235,2.0144,NA,0.00487544410740339,0.849897159593092,0.854772603700495
"MLI",2002,46.3529227420157,5.1818,NA,1.017796835267,0.0251505306969446,1.04294736596394
"MLI",2003,46.8915346664544,1.1581,NA,0.572565493254135,0.0325521722557949,0.60511766550993
"MLI",2004,44.0120986426998,1.542,NA,0.372089212769545,0.0545558717550678,0.426645084524613
"MLI",2005,44.9124085072514,0.8607,NA,0.558612748270356,0.0401062590165369,0.598719007286893
"MLI",2006,49.0190773451934,1.9095,NA,0.581808556013265,0.044677138936644,0.626485694949909
"MLI",2007,46.8977916237168,0.3463,NA,0.471951893295053,0.19335825731546,0.665310150610513
"MLI",2008,53.6430193085481,0.3174,NA,1.49126725513355,0.195917061532098,1.68718431666565
"MLI",2010,48.8166953656891,0.2498,NA,0.00864582465838409,0.121403497186661,0.130049321845045
"MLI",2011,43.1814699134793,6.6456,NA,0.0326582678800252,0.756622607919208,0.789280875799233
"MLI",2012,49.4252356224725,1.2642,NA,0.0867953325221218,1.01744530332626,1.10424063584838
"MLI",2016,53.6126193604252,2.0782,NA,0.0140747275186598,0.13851630766098,0.15259103517964
"MLI",2017,49.4919984941972,2.1191,NA,0.0217351376250624,0.355270255929781,0.377005393554843
"MLI",2018,50.6998462523276,2.3695,NA,1.22657222099501,0.190304416010658,1.41687663700567
"MLI",2019,53.9987132798636,1.9935,NA,0.731289909733974,0.15758018951255,0.888870099246524
"MLI",2020,56.0415474422019,1.2465,NA,0.470219345881592,0.273248645586813,0.743467991468405
"MLI",2021,56.7150525565465,1.3345,NA,0.626444628424313,0.735906326423798,1.36235095484811
"MLI",2022,61.5613274861987,0.8433,NA,0.442931031853676,0.465542416344314,0.90847344819799
"MLI",2023,57.6291572269296,1.0104,NA,1.57868932302188,0.734126231592023,2.3128155546139
"MRT",2007,86.0640556779132,42.9232,8.07507589707441,25.0244060870066,53.8583464092032,78.8827524962098
"MRT",2008,94.1202110004251,40.3153,6.96726413345285,20.0629304074443,55.4904530517892,75.5533834592335
"MRT",2009,82.0086176018151,33.1049,7.57039415358967,15.7158937808407,11.3512173171589,27.0671110979996
"MRT",2010,93.4207451334608,30.5273,8.09372148959162,14.4296063553899,35.3547808620966,49.7843872174865
"MRT",2011,98.485329604158,26.6945,13.4204849202352,4.38706517156351,7.61434261921362,12.0014077907771
"MRT",2012,110.788122743421,24.4202,22.6454432152982,13.153296159352,51.2249230139277,64.3782191732797
"MRT",2013,102.398824183169,23.2118,22.0654365717909,2.54249598571643,64.2633912019786,66.805887187695
"MRT",2014,91.610371363604,22.6291,14.0213256637451,2.78774056131248,50.5502707437565,53.338011305069
"MRT",2015,77.3467864944966,21.7451,16.466813550226,4.36087402426154,40.9750242282128,45.3358982524743
"MRT",2020,86.7761681322741,18.9128,26.2651150319926,0.336546338455087,42.4009407093743,42.7374870478294
"MRT",2021,88.3068737571235,3.7678,42.5960674302831,0.314621738979646,62.9785687040529,63.2931904430325
"MRT",2022,102.025899125696,4.5272,NA,0.623249770541956,39.470645411406,40.0938951819479
"MRT",2023,92.1654445146742,5.6284,NA,0.479637265150761,38.0527188819004,38.5323561470512
"MRT",2024,93.5988355881472,4.7834,NA,0.520317315307166,33.7483319050619,34.2686492203691
"MOZ",2002,73.309162757423,8.4913,16.190952764269,13.3385853092917,45.0710523770754,58.4096376863671
"MOZ",2003,70.1683599479183,7.8717,17.5365301195872,13.0197593239368,54.8763997123292,67.896159036266
"MOZ",2004,72.0520001612374,13.0988,19.3590661440903,12.4214437884527,61.5258863677345,73.9473301561872
"MOZ",2005,72.0092609780982,11.6705,18.0229920753126,14.9128661991674,59.4119247777805,74.3247909769479
"MOZ",2006,67.3498976872689,11.7377,24.7199686932108,14.6620455439789,59.89562468604,74.5576702300189
"MOZ",2007,66.1203821840516,9.0782,26.8270251264371,15.4818802550736,63.9600174907897,79.4418977458633
"MOZ",2008,64.981416499828,9.1148,26.0797841137184,10.8435592127921,57.1767016900715,68.0202609028636
"MOZ",2009,67.898572768141,8.0381,27.5710997852061,17.4275034733367,3.89577007455685,21.3232735478935
"MOZ",2010,73.8373532681892,5.4328,20.1684538808784,19.6535941900502,54.4350322992141,74.0886264892643
"MOZ",2011,84.4062119333019,2.2489,19.2434110128692,16.2781018823468,50.6164892492421,66.8945911315889
"MOZ",2012,105.934588060511,1.8988,14.9669235857298,27.8069556417501,38.9540091086089,66.760964750359
"MOZ",2013,109.38537659913,2.5889,11.5721008393731,33.4629142605243,31.0274419767266,64.4903562372509
"MOZ",2014,116.356855242217,1.6105,9.31635080828559,30.0376104079026,34.424834860925,64.4624452688276
"MOZ",2015,98.7612036510901,2.6217,6.715252281864,31.0071856421793,38.1666974909423,69.1738831331216
"MOZ",2016,110.394358201481,2.0167,4.71570646184642,27.8780163383368,32.537015600755,60.4150319390918
"MOZ",2017,105.745640702087,3.1808,7.18728867176433,51.1579324800007,30.2596151140669,81.4175475940676
"MOZ",2018,124.607457525372,3.4122,6.10974752335492,39.4919610313499,27.2619529507557,66.7539139821056
"MOZ",2019,105.591171401921,3.8448,7.00398240753184,41.7750444782821,30.5783345210747,72.3533789993568
"MOZ",2020,99.906146051979,4.006,6.75971794054006,36.8617331036982,34.9241235099286,71.7858566136268
"MOZ",2021,112.078964458333,3.9977,5.86850349468397,41.1381955498654,34.7879108669746,75.92610641684
"MOZ",2022,135.274535098995,2.3487,4.43318049163302,50.7186898345651,30.4675661590987,81.1862559936638
"MOZ",2023,106.026083626657,2.0913,5.35358010362426,57.6135156555006,23.2868932752681,80.9004089307687
"MOZ",2024,95.6303976635291,1.7369,5.50818681520143,58.9003236000415,23.2777710502032,82.1780946502447
"NER",2002,30.8343857497549,1.8429,NA,1.38278877027936,45.4245387152518,46.8073274855312
"NER",2003,33.3827931416238,1.7917,NA,1.45476090691616,50.2575182155316,51.7122791224478
"NER",2004,36.9641044464896,0.4859,NA,2.26423521417612,33.9798709322618,36.2441061464379
"NER",2005,38.3477418070736,2.0391,NA,2.12115926909511,31.3150221527887,33.4361814218838
"NER",2006,36.5313731842429,5.0336,NA,1.990173881654,32.9194044453079,34.9095783269619
"NER",2007,35.5028028471007,23.9613,NA,2.33481800303613,47.9146894604503,50.2495074634864
"NER",2008,39.7112440540383,9.7971,NA,1.52450199726818,43.11064435735,44.6351463546182
"NER",2009,49.5122567031625,10.4542,NA,1.15100863832224,55.5650183630841,56.7160270014063
"NER",2010,51.9459863027627,11.1113,NA,1.56427774932404,50.3002984500295,51.8645761993535
"NER",2011,50.2463951569345,6.9687,NA,1.1073911463664,68.904579045996,70.0119701923624
"NER",2012,45.08596447308,5.323,NA,18.2797186370485,0.0709574206197524,18.3506760576683
"NER",2013,46.2951491493291,3.4898,NA,30.2015688488722,49.345601083404,79.5471699322762
"NER",2014,45.7416008365932,3.2026,NA,27.0318711888367,45.9055426510308,72.9374138398675
"NER",2015,44.727430371186,0.8677,NA,18.7837682118598,50.9043365371471,69.6881047490069
"NER",2016,36.6748378115692,1.4304,NA,23.1922765559026,45.1943907569733,68.3866673128759
"NER",2017,39.0298956366247,2.1261,NA,30.1595141410696,33.6473206443165,63.8068347853861
"NER",2018,38.2929695977016,1.9103,NA,26.184088451235,23.3315968860907,49.5156853373257
"NER",2019,39.289303673296,2.3423,NA,31.4828722853421,31.695630837349,63.1785031226911
"NER",2020,36.3388196908038,1.0616,NA,25.9228946625832,36.0483403516329,61.9712350142161
"NER",2021,38.0460948786617,0.8447,NA,32.8874566845561,25.9041815242586,58.7916382088147
"NER",2022,37.1460454100715,0.7831,NA,28.80943031356,32.2263338332376,61.0357641467976
"NER",2023,30.7176535069056,0.7738,NA,18.4030980615375,43.9810702361495,62.384168297687
"NER",2024,24.388946208843,0.5587,NA,87.9926998279359,0.0225744207288111,88.0152742486647
"NGA",2002,NA,6.1723,20.5733613074252,94.0374634853667,0.0285256210881831,94.0659891064549
"NGA",2003,NA,8.0034,17.715346029234,97.8966781049368,0.00284400377525826,97.899522108712
"NGA",2006,NA,32.0965,244.316342018669,98.238856362994,0.00574614302506904,98.2446025060191
"NGA",2007,NA,33.1765,266.399526098613,93.6663052169763,0.404775616248185,94.0710808332245
"NGA",2008,NA,30.3176,262.491816860539,91.7432857907592,0.331171706573541,92.0744574973327
"NGA",2009,NA,25.3952,189.590858075899,90.3621937439891,0.198132507701918,90.560326251691
"NGA",2010,NA,32.3875,114.258413283819,87.1326358652018,1.08132645763685,88.2139623228387
"NGA",2011,NA,33.3263,98.7182609078603,89.1265273360995,0.316956342414508,89.443483678514
"NGA",2012,NA,39.4958,114.487430842219,84.0389730913749,0.43351869808324,84.4724917894581
"NGA",2013,NA,36.0106,102.513890894791,87.6233751860233,0.628497950155988,88.2518731361793
"NGA",2014,NA,27.0868,75.1412023681776,90.854209832539,0.369046050502819,91.2232558830418
"NGA",2015,NA,19.646,64.4343302342419,87.8732996915055,0.336962635009992,88.2102623265155
"NGA",2016,NA,14.9247,64.0667559603912,96.4782414446309,0.171031713155767,96.6492731577867
"NGA",2017,NA,26.8208,62.1698908169799,96.031736150959,0.137564074740535,96.1693002256995
"NGA",2018,NA,19.8706,62.9596498516965,94.1137913236198,0.309226565700945,94.4230178893207
"NGA",2019,NA,25.6426,48.4151194229568,87.0392917835315,0.300890835359539,87.340182618891
"NGA",2020,NA,21.0337,43.4161554728028,88.7002181697857,0.301988963774128,89.0022071335598
"NGA",2021,NA,19.2968,43.3511307176981,89.147069602161,0.896061886697277,90.0431314888583
"NGA",2022,NA,20.8627,35.7153640411969,90.7270761068365,1.01390050979922,91.7409766166357
"NGA",2023,NA,17.8523,32.6452593366926,91.6092141524306,1.17584162239168,92.7850557748223
"NGA",2024,NA,20.4372,37.1523303374647,88.6153186443478,1.22423135300286,89.8395499973507
"RWA",2002,31.3172752974708,3.0151,16.7853483670789,0,35.088175963992,35.088175963992
"RWA",2003,32.8189983492155,1.74,13.806516965337,0,26.6428584667642,26.6428584667642
"RWA",2004,37.0316755294291,0.917,18.8326436671246,0.0207021893929761,34.1911048887464,34.2118070781394
"RWA",2005,38.0262688816851,1.0065,16.8285512616186,0.0126880307428849,35.1376159794075,35.1503040101504
"RWA",2006,33.6578390444203,4.4204,88.0507090626504,0.00416015534860654,31.4407560198606,31.4449161752092
"RWA",2007,36.4479761431748,3.805,126.59960589429,0.0107732293468366,46.3016117072326,46.3123849365794
"RWA",2008,37.9969638376772,0.7233,82.8189965337812,0.239934257663276,27.933112466431,28.1730467240943
"RWA",2009,37.2137499920385,0.9214,91.693878487992,0.0536388840609877,25.0637471463376,25.1173860303986
"RWA",2010,37.7415245466166,1.1454,65.3844606154367,0.0684734450545245,35.8800089645487,35.9484824096032
"RWA",2011,40.1597511764349,7.6707,49.1248511140552,0.0358053478768208,45.1668198317922,45.202625179669
"RWA",2012,41.081185425557,4.7422,26.1516254006042,0.0183622895975197,39.8735818164701,39.8919441060676
"RWA",2013,43.260980041775,0.4791,28.2738613218304,0.106275401403098,47.728426891862,47.8347022932651
"RWA",2014,44.4828257252622,0.8586,32.4805009618856,0.200175871031657,45.3122231010092,45.5123989720409
"RWA",2015,45.7348675761767,0.3264,26.5930545228427,0.134400288536825,29.177973798398,29.3123740869348
"RWA",2016,50.08973657056,5.2473,23.4745205794815,0.0716792615878137,22.4094104292018,22.4810896907896
"RWA",2017,54.2079656602139,6.0397,23.2270191273317,0.0762331071262711,29.4136298769588,29.4898629840851
"RWA",2018,47.9830578657248,6.236,23.8454566844657,0.315761583690096,30.314438220422,30.6301998041121
"RWA",2019,48.892715033759,5.2709,22.4796314887124,1.91424345145403,14.8783110729202,16.7925545243742
"RWA",2020,44.3511840604967,4.6156,20.987784946524,0.0438835362111073,8.24267617414299,8.2865597103541
"RWA",2021,59.8007993935018,4.4379,20.0398240385867,0.0491650847321846,14.4742019090766,14.5233669938088
"RWA",2022,60.9591709408266,3.8842,17.8077969358787,0.06254493579927,20.9179316429293,20.9804765787286
"SEN",2002,53.1442994641329,7.1272,NA,22.9536344852393,5.91623145355821,28.8698659387975
"SEN",2003,50.8212198933376,3.5365,NA,20.1132767842961,3.36692256599382,23.4801993502899
"SEN",2004,53.6592031275529,0.9074,NA,19.4159848839727,3.85826880765766,23.2742536916304
"SEN",2005,54.9032435689485,0.9247,NA,21.0595789242314,2.80799127270505,23.8675701969364
"SEN",2006,54.1362378092613,4.3468,NA,0.0256212638117457,6.80535867111246,6.83097993492421
"SEN",2007,59.2713043549794,12.8453,NA,19.2664367194943,4.09941776123282,23.3658544807271
"SEN",2008,62.7617698176319,6.9127,NA,33.9702380175562,4.20945765759815,38.1796956751543
"SEN",2009,52.3072908773365,2e-04,NA,21.8492344378644,3.07138060847192,24.9206150463363
"SEN",2010,52.4578551962948,0,NA,20.9065266421233,3.52640976199386,24.4329364041172
"SEN",2011,57.5768785989578,0,NA,14.7310775200693,3.70911760141206,18.4401951214814
"SEN",2012,61.9753040040375,0,NA,14.2516041589205,4.10510228785388,18.3567064467744
"SEN",2013,60.6267663596737,0,NA,16.5051008208846,4.11404798239952,20.6191488032841
"SEN",2014,58.4425289760992,12.5049,NA,16.7618632956865,4.62550762872484,21.3873709244113
"SEN",2015,58.1103376742017,13.0454,NA,13.8780481897626,8.13298380367881,22.0110319934414
"SEN",2016,54.1081692072139,13.2678,NA,10.6879023669804,6.69316539977657,17.381067766757
"SEN",2017,57.8165678119905,11.7525,NA,14.7788676948201,7.51256460856649,22.2914323033866
"SEN",2018,61.7898394793183,10.9369,NA,15.7717618687425,6.89623747146186,22.6679993402044
"SEN",2019,64.2362506061005,8.346,NA,19.9087625078162,6.62308019774993,26.5318427055661
"SEN",2020,60.0468716137065,6.7004,NA,15.9872308197167,6.7523481096606,22.7395789293773
"SEN",2021,69.3759939883832,9.4341,NA,15.5262597724139,7.26296018851439,22.7892199609283
"SEN",2022,79.3974220189679,10.1619,NA,18.2530882668501,8.67310693880965,26.9261952056597
"SEN",2023,71.5942815846823,10.6871,NA,21.4769186750925,7.91160881238856,29.3885274874811
"SEN",2024,68.2363510312865,9.6932,NA,32.7114577390774,7.85005360318967,40.5615113422671
"SLE",2014,51.1187772788807,14.907,41.9182090026415,0.0128489031725622,86.4196189147314,86.432467817904
"SLE",2015,36.4823958242319,13.7305,37.1624174752316,0,0.988737482926271,0.988737482926271
"SLE",2017,41.5213782343591,10.8705,30.6035747879682,0.0564669332343084,9.23607569467904,9.29254262791335
"SLE",2018,37.3774603119412,10.282,27.3394520213469,0.143317650742994,19.708507181177,19.85182483192
"SDN",2002,25.6255617213052,29.9448,1.54094033528764,69.154548147896,0.330233190585116,69.4847813384811
"SDN",2003,26.4402280670553,31.346,3.05170063464863,79.3941833513699,0.41099560051547,79.8051789518854
"SDN",2004,30.4323376195052,32.6525,7.26989488808125,82.4299602575403,0.59751495834652,83.0274752158868
"SDN",2005,35.8715914021946,32.6521,10.5743666457027,85.9564188906075,0.402155047754506,86.358573938362
"SDN",2006,36.2025936172703,32.118,8.93430969007924,89.8084265113846,0.349035372679534,90.1574618840641
"SDN",2007,34.4033361615632,32.6324,6.887327581023,94.5522940026881,0.335207865383974,94.8875018680721
"SDN",2008,36.7410978273835,32.9842,6.79679533174035,94.4501109296076,0.545178576144779,94.9952895057524
"SDN",2009,32.7808783344833,31.7519,5.1227563272712,91.2006730418623,0.249499824867255,91.4501728667296
"SDN",2010,32.728309950035,32.2735,4.58658478176806,84.9525613268194,0.214431109195651,85.1669924360151
"SDN",2011,27.512339023518,25.7268,0.897121953232508,82.485132408608,0.400279894271093,82.8854123028791
"SDN",2012,21.8561745247301,25.1792,0.872499230027041,0.00542955620642858,1.04079144900625,1.04622100521268
"SDN",2013,26.8585245020134,24.3009,0.849223562469715,5.0106381194167,0.0836333261397869,5.09427144555649
"SDN",2014,20.8451090041313,24.2576,0.825859013638499,50.1544816247277,0.558258819063773,50.7127404437915
"SDN",2015,18.3782728546541,23.8005,0.801179172293315,53.7125503293282,0.421694483467272,54.1342448127955
"SDN",2016,15.2816698903461,24.0608,0.78780750521544,10.625447909553,2.23902261626485,12.8644705258179
"SDN",2017,17.8313898297102,24.7118,0.809900680014072,12.9417898676253,0.818729040062267,13.7605189076876
"SDN",2018,21.8679187274323,25.225,NA,14.3046984999341,0.686044401891745,14.9907429018258
"SUR",2002,NA,NA,NA,2.3515328254537,0.186358015395229,2.53789084084893
"SUR",2003,NA,NA,NA,1.47668364193191,0.101216137699506,1.57789977963142
"SUR",2004,NA,NA,NA,2.11062852087501,0.181339482302297,2.29196800317731
"SUR",2005,NA,NA,NA,2.87744571746287,0.146094386423322,3.02354010388619
"SUR",2006,98.1681931723564,NA,NA,4.73431803965722,0.227621018985144,4.96193905864236
"SUR",2007,101.377000372162,NA,NA,4.50358008606127,0.350272925378514,4.85385301143978
"SUR",2008,109.166838523407,NA,NA,10.9907802662005,0.302921501407796,11.2937017676083
"SUR",2009,87.9206617785298,NA,NA,4.49743857000698,0.264139279409153,4.76157784941613
"SUR",2010,90.9613941465855,NA,NA,13.0155883378502,0.256200614780289,13.2717889526305
"SUR",2011,NA,NA,NA,8.96836701330816,0.360168963523823,9.32853597683198
"SUR",2012,NA,NA,NA,5.31565595692279,0.430536274855499,5.74619223177829
"SUR",2013,NA,NA,NA,8.01445757640754,0.369679086339385,8.38413666274693
"SUR",2014,NA,NA,NA,10.6347481949111,0.348019789328195,10.9827679842393
"SUR",2015,NA,16.3148,12.8873554300331,0.000786774138635102,0.20871706618307,0.209503840321705
"SUR",2017,NA,10.193,13.5745027863987,6.82415992288861,0.329613334121727,7.15377325701034
"SUR",2018,NA,9.0775,16.4054337631284,0.0125714234070272,0.316538273973665,0.329109697380692
"SUR",2019,NA,9.1502,16.4972333965209,0.00152713645779294,0.32483152120101,0.326358657658803
"SUR",2020,NA,9.0898,15.0529871757294,0.000914915962686836,0.237126388461746,0.238041304424433
"SUR",2021,NA,12.2623,23.9708210484945,3.32497522013282,0.760178456916599,4.08515367704942
"SUR",2022,NA,9.8281,28.4776315782815,7.16006554262453,0.549141405957667,7.7092069485822
"SUR",2023,NA,5.0821,33.2576107703889,0.0169201822896738,1.10150303041812,1.11842321270779
"SUR",2024,NA,NA,NA,3.1404327843252,3.9843319988084,7.1247647831336
"TZA",2002,27.4992172734904,9.9449,21.7087584987869,0.0812585603414405,8.74938757282012,8.83064613316156
"TZA",2003,30.4488358249326,11.2623,27.8299260045952,0.0582492548746596,6.17005787028101,6.22830712515567
"TZA",2004,33.609786736665,13.0828,26.5896754698464,0.12217167726015,8.33073598329359,8.45290766055374
"TZA",2005,36.9592732894013,11.9028,24.3086988515947,0.129026854555102,7.65185121660297,7.78087807115807
"TZA",2006,42.7681664691467,24.3555,54.9922000710872,0.145882226834011,11.1375397749838,11.2834220018178
"TZA",2007,48.0583947796554,20.5594,57.2468510771602,0.644600677919283,12.6269052492145,13.2715059271338
"TZA",2008,49.0265445510865,22.2735,47.4419338334306,2.21753896919901,12.7364924429117,14.9540314121107
"TZA",2009,43.5326006456317,18.0612,44.7215566059687,0.710369569143214,17.8323997537099,18.5427693228531
"TZA",2010,47.6404394295683,15.5367,43.6750348214826,1.90135698578723,25.4274314948111,27.3287884805983
"TZA",2011,56.1661241821809,16.2561,36.7844529619566,0.757162545025763,22.5778719904617,23.3350345354875
"TZA",2012,54.3689490815138,17.2574,33.6235105791728,1.25025665065363,16.2993206590418,17.5495773096954
"TZA",2013,48.6316275295495,11.2296,33.4539175706276,2.25065372364093,10.0805702581627,12.3312239818036
"TZA",2014,45.3560223433065,11.593,26.7848466467843,1.67367486325445,13.3403283009553,15.0140031642097
"TZA",2015,40.7576808778314,12.1677,22.2483682552389,2.19577000835359,9.71497005387568,11.9107400622293
"TZA",2016,35.4204704002636,13.2222,22.276090326466,0.872530009193527,7.39038816130408,8.26291817049761
"TZA",2017,33.1125919853124,12.8783,27.2376304885537,1.13284838395326,2.37246365533661,3.50531203928987
"TZA",2018,32.6426099043737,12.5099,22.3144990122985,0.886836468069654,1.33472814164304,2.22156460971269
"TZA",2019,33.0185892502311,12.4604,NA,0.824331183688424,1.19349009849919,2.01782128218761
"TZA",2020,27.9630151969884,13.3569,NA,0.824710521238149,7.16842722557704,7.99313774681519
"TZA",2021,29.9151840074048,13.4357,NA,0.912020513109267,3.952845900026,4.86486641313527
"TZA",2022,35.0034517101994,14.6731,NA,3.08582937747335,5.47998490709586,8.56581428456921
"TZA",2023,38.212034806339,13.1664,NA,3.5711825305577,4.97181072389695,8.54299325445465
"TZA",2024,41.3081068648568,9.3084,NA,2.24873032924646,5.64619619149418,7.89492652074064
"TGO",2002,51.609565282441,12.4503,NA,0.533479697726589,16.7416940474733,17.2751737451999
"TGO",2003,55.389978417259,10.1581,NA,0.346442128078205,9.24136066925989,9.5878027973381
"TGO",2004,57.8710938708872,10.6497,NA,0.366559632933694,12.6916701690283,13.058229801962
"TGO",2005,61.4542800128481,12.9052,NA,1.24822513505645,10.2685491438283,11.5167742788847
"TGO",2007,61.7740721086659,15.7748,NA,0.00463204022037913,12.7952856450931,12.7999176853135
"TGO",2008,62.3076674472105,6.5845,NA,7.3944656246369,18.3558829810484,25.7503486056853
"TGO",2009,62.210419994299,2.7158,NA,0.0360564758677565,19.4071524468103,19.4432089226781
"TGO",2010,66.7974885937104,3.0123,NA,0.0996200817549501,13.0495189234842,13.1491390052391
"TGO",2011,77.732312664143,0.9077,NA,0.717613946994863,14.2058822449102,14.9234961919051
"TGO",2012,75.7132085684163,6.5173,NA,1.8449525964001,17.9715547687622,19.8165073651623
"TGO",2013,82.1477877564195,9.3485,NA,0.995085721621672,19.0603278855612,20.0554136071829
"TGO",2014,70.9156517502517,8.5968,NA,1.39324210617526,19.9518236467291,21.3450657529044
"TGO",2015,69.1281378813376,5.7343,NA,4.63562887731634,12.9963915509866,17.6320204283029
"TGO",2016,66.4450409805081,4.7845,NA,1.90111905444501,14.8244197612232,16.7255388156682
"TGO",2017,58.2088602526732,16.3859,NA,8.28761016730883,8.63388209198161,16.9214922592904
"TGO",2018,57.5737388499452,16.312,NA,13.029113502464,11.7056150408771,24.7347285433411
"TGO",2019,56.3398500747576,16.1384,NA,15.2883516784544,8.53426798670881,23.8226196651632
"TGO",2020,55.0659513954403,12.4695,NA,2.34573498901327,12.3894738229348,14.7352088119481
"TGO",2021,56.3775580757321,11.3468,NA,2.54671881262005,14.7940324439184,17.3407512565385
"TGO",2022,61.575092396894,5.179,NA,1.70661010633555,28.4433162164688,30.1499263228044
"TGO",2023,59.9291777017427,2.9182,NA,1.94652343603962,26.975189515959,28.9217129519986
"TGO",2024,NA,3.402,NA,1.82642001645616,20.7477406306692,22.5741606471254
"TUN",2002,85.3421759692656,19.8638,15.2472645032712,9.35398364910013,1.38670442651623,10.7406880756164
"TUN",2003,82.390340709916,18.0065,16.7471029161295,10.0082146574565,1.33578364625531,11.3439983037118
"TUN",2004,86.9253446966283,16.9923,20.4778197956476,9.57818211201145,1.06995980926129,10.6481419212727
"TUN",2005,90.2512478803945,17.3723,25.2044569663475,12.9344851365638,1.1528723753659,14.0873575119297
"TUN",2006,93.9409304094309,17.712,36.7007879804757,12.9823968293614,1.24100072200247,14.2233975513639
"TUN",2007,104.059400976647,19.2428,38.7850810751737,16.1951851598677,1.36955082361609,17.5647359834838
"TUN",2008,114.343660218696,20.0699,41.8949853999067,17.3145503371259,1.71851769670089,19.0330680338268
"TUN",2009,93.0168787876722,21.1103,49.3103450630527,13.6321769184984,1.24526974063459,14.877446659133
"TUN",2010,100.151009836799,21.9725,43.0914221352426,14.1724455435595,1.56058678205267,15.7330323256122
"TUN",2011,100.106379304237,21.6446,34.0467256491033,14.5522463732087,1.65292293453506,16.2051693077438
"TUN",2012,101.550723929668,24.51,34.2998702702523,16.7803635249074,1.69041089721155,18.470774422119
"TUN",2013,98.9549566862038,25.0238,28.7486211611694,15.2132858501248,1.49740188611581,16.7106877362406
"TUN",2014,96.1071038558701,24.8068,27.1706668988314,13.186068132323,1.59015720781767,14.7762253401407
"TUN",2015,87.2485306596052,23.317,26.8084735294719,7.20969744410097,1.39887400159344,8.60857144569441
"TUN",2016,87.0926643641466,22.6706,20.7845127192957,5.6449759317471,1.62468650036307,7.26966243211017
"TUN",2017,95.8091979825804,22.1223,18.2237137103293,5.96058193974094,1.82183831733188,7.78242025707282
"TUN",2018,103.871824260635,22.9621,16.0628575336662,5.68962559679174,1.83645151845132,7.52607711524306
"TUN",2019,102.332614725789,28.417,19.6894396307859,5.52195852371031,1.75045612626091,7.27241464997122
"TUN",2020,84.3333297071767,25.3276,23.3712354296899,5.66992261834971,1.83166986977073,7.50159248812044
"TUN",2021,93.6334140664079,31.3537,20.5605276137182,6.55409542266409,2.02720053386233,8.58129595652642
"TUN",2022,116.095794384146,33.44,19.7224385892283,8.02677004326783,1.77628583182134,9.80305587508917
"TUN",2023,112.128858013354,36.7974,21.7880502711453,6.20798342748048,1.42589803126179,7.63388145874227
"TUN",2024,106.298549204247,39.3722,23.0935009843821,6.23208030817829,1.52690825348576,7.75898856166405
"UGA",2002,36.2777941561831,3.9426,23.2351513193553,3.63329549166036,1.81303780824033,5.44633329990069
"UGA",2003,36.5857264641268,3.2294,23.5981743892541,2.9815736307981,0.34518152165646,3.32675515245456
"UGA",2004,35.4600862456436,2.8128,27.3122128379488,2.15744861584744,0.371713098517081,2.52916171436452
"UGA",2005,38.9942854839061,1.7642,30.1356662379808,1.66663556012777,2.41799274891198,4.08462830903975
"UGA",2006,43.6332857896204,11.3837,139.223757346745,4.38781819523582,2.11282581613079,6.50064401136661
"UGA",2007,46.7774166522822,1.6004,154.850976180176,1.29891752827692,2.17189206117311,3.47080958945003
"UGA",2008,56.2582682050634,19.9851,100.33486567302,1.2724566456655,2.23975133840974,3.51220798407524
"UGA",2009,47.0638780748379,8.5127,108.370183190604,1.37508672939007,2.46285043236365,3.83793716175372
"UGA",2010,38.2692490371291,0.8815,90.970314265413,1.20826334740248,1.90384686894177,3.11211021634425
"UGA",2011,39.7552255606122,0.8037,80.2263479594075,5.74523774419087,1.12817381744177,6.87341156163264
"UGA",2012,43.5021371397314,0.6944,83.8730895359693,6.61880937018064,1.10642751669081,7.72523688687145
"UGA",2013,43.1091548734687,5.4841,38.9903234021534,1.07267010214049,0.886734970078216,1.95940507221871
"UGA",2014,36.0144010819085,6.16,38.3332006206083,2.11407660369841,0.604683661904989,2.7187602656034
"UGA",2015,37.6892983324358,5.792,30.3935449340986,1.05985415174367,0.48170424939709,1.54155840114076
"UGA",2016,31.2093620232119,4.9752,30.7077183687882,1.14300324387532,0.459348713405027,1.60235195728035
"UGA",2017,36.8370529334101,4.0504,31.8562056100853,2.45925296695196,0.374878241048121,2.83413120800008
"UGA",2018,36.6384055999567,4.1272,26.2243710321097,5.40337893135784,0.350411758566397,5.75379068992424
"UGA",2019,39.3610539647435,6.7997,23.2022296078196,4.97635328996552,0.266865230610442,5.24321852057596
"UGA",2020,37.0006923916369,6.7293,22.1033563422171,2.37578872053309,0.252231889793945,2.62802061032703
"UGA",2021,41.7136307424781,8.572,23.6012010395494,3.44411222230529,0.744614230461867,4.18872645276716
"UGA",2022,34.5053019270937,8.1911,19.3925808858776,4.24312411159032,1.37573978710851,5.61886389869883
"UGA",2023,33.3416963302219,2.393,19.4190099538259,2.96068890680383,1.45187874568621,4.41256765249004
"UGA",2024,42.6527889088562,2.5276,16.96135260843,2.32497095855221,0.711051042553324,3.03602200110553
"ZMB",2002,64.9164969990648,1.3728,8.00962727486297,1.79506605084816,59.3239690503369,61.1190351011851
"ZMB",2003,62.3128446757629,1.2953,3.59953974676757,2.52218765663852,60.0262278586003,62.5484155152388
"ZMB",2004,70.8130749317722,1.8132,4.46591430694416,1.98338581633262,46.5515777026805,48.5349635190131
"ZMB",2005,62.200282191364,4.364,10.4243305129052,0.844028120274815,67.4376806672762,68.281708787551
"ZMB",2006,57.8568188739027,18.8145,31.9785926444574,0.838501559249603,80.8375615687607,81.6760631280103
"ZMB",2007,65.7714586909068,20.1526,39.7786520071578,0.475593312463412,78.115678057786,78.5912713702494
"ZMB",2008,59.4548891205874,22.0685,37.3035683405447,0.421744083665289,79.7857145794274,80.2074586630927
"ZMB",2009,56.1213809555165,12.2543,51.9674899389065,0.486768260911491,78.5949410783729,79.0817093392844
"ZMB",2010,67.9009190299719,26.6185,48.4586286539631,0.473192561204892,82.3283419185778,82.8015344797827
"ZMB",2011,72.7954324384283,10.1419,44.6960083441316,0.562369702840533,78.5928539303859,79.1552236332264
"ZMB",2012,75.367709855907,13.2862,49.2118641035973,1.31390015743446,69.6772640831742,70.9911642406087
"ZMB",2013,80.4562410213373,11.2304,40.2456079103037,2.05442423414307,70.5950312224802,72.6494554566233
"ZMB",2014,76.1934997276313,8.48,31.8981483317815,1.19101690281408,73.0113024824784,74.2023193852925
"ZMB",2015,79.8652687573958,6.0028,24.1059303154785,1.55535306091139,74.7917338140349,76.3470868749463
"ZMB",2016,73.958561254616,4.8332,14.932427982912,0.87637995732854,73.2307379852017,74.1071179425302
"ZMB",2017,71.5856946542566,3.7924,8.77064357310276,0.918961664308822,79.5303550713286,80.4493167356374
"ZMB",2018,74.8883695274665,2.5258,6.3748426196843,1.01571316093364,77.4606084696989,78.4763216306325
"ZMB",2019,68.791204936096,2.855,4.92786160325023,1.36783558895875,74.58257510545,75.9504106944088
"ZMB",2020,79.2068494095955,2.4711,4.07514672518242,1.73850401929445,78.8010057390337,80.5395097583282
"ZMB",2021,86.2085111934645,5.2557,10.2209380297614,1.67696240024655,79.2520502689073,80.9290126691538
"ZMB",2022,69.2973154193203,9.5849,10.4405689268511,2.81611636018103,75.6024881567735,78.4186045169545
"ZMB",2023,78.2418870451485,11.725,10.9131995443089,4.09782634161287,71.3565858556083,75.4544121972212
"ZMB",2024,62.5348874064443,9.9308,14.5453908868032,2.72110717813148,72.9899534292382,75.7110606073697
